3ff199999999999a,1.1
3feccccccccccccd,0.9
3fb999999999999a,0.1
3ff0000000000000,1.0
3fd5555555555555,0.3333333333333333
3fc2492492492492,0.14285714285714285
3fbc71c71c71c71c,0.1111111111111111
3ff3333333333333,1.2
3fe999999999999a,0.8
3fc999999999999a,0.2
3fe0000000000000,0.5
3ff4cccccccccccd,1.3
3fe6666666666666,0.7
3fd3333333333334,0.30000000000000004
3ff6666666666666,1.4
3fe3333333333333,0.6
3fd999999999999a,0.4
3fd0000000000000,0.25
3ff8000000000000,1.5
3ff999999999999a,1.6
3fd9999999999998,0.3999999999999999
3fe3333333333334,0.6000000000000001
3fc5555555555555,0.16666666666666666
3ffb333333333334,1.7000000000000002
3fd3333333333332,0.29999999999999993
3fe6666666666667,0.7000000000000001
3ffccccccccccccd,1.8
3fc9999999999998,0.19999999999999996
3fc0000000000000,0.125
3ffe666666666666,1.9
3fb9999999999998,0.09999999999999998
4000000000000000,2.0
0,0.0
4000cccccccccccd,2.1
bfb99999999999a0,-0.10000000000000009
3fb745d1745d1746,0.09090909090909091
400199999999999a,2.2
bfc99999999999a0,-0.20000000000000018
3ff3333333333334,1.2000000000000002
3fb5555555555555,0.08333333333333333
4002666666666666,2.3
bfd3333333333334,-0.30000000000000004
3fb3b13b13b13b14,0.07692307692307693
4003333333333334,2.4000000000000004
bfd999999999999c,-0.40000000000000013
3ff6666666666667,1.4000000000000001
3fb2492492492492,0.07142857142857142
4004000000000000,2.5
bfe0000000000000,-0.5
3fb1111111111111,0.06666666666666667
4004cccccccccccd,2.6
bfe3333333333334,-0.6000000000000001
3fb0000000000000,0.0625
400599999999999a,2.7
bfe6666666666668,-0.7000000000000002
3fae1e1e1e1e1e1e,0.058823529411764705
4006666666666666,2.8
bfe999999999999a,-0.8
3fac71c71c71c71c,0.05555555555555555
4007333333333334,2.9000000000000004
bfecccccccccccce,-0.9000000000000001
3ffe666666666667,1.9000000000000001
3faaf286bca1af28,0.05263157894736842
4008000000000000,3.0
bff0000000000000,-1.0
3fa999999999999a,0.05
4008cccccccccccd,3.1
bff199999999999a,-1.1
3fa8618618618618,0.047619047619047616
400999999999999a,3.2
bff3333333333334,-1.2000000000000002
3fa745d1745d1746,0.045454545454545456
400a666666666667,3.3000000000000003
bff4ccccccccccce,-1.3000000000000003
4002666666666667,2.3000000000000003
3fa642c8590b2164,0.043478260869565216
400b333333333334,3.4000000000000004
bff6666666666668,-1.4000000000000004
3fa5555555555555,0.041666666666666664
400c000000000000,3.5
bff8000000000000,-1.5
3fa47ae147ae147b,0.04
400ccccccccccccd,3.6
bff999999999999a,-1.6
3fa3b13b13b13b14,0.038461538461538464
400d99999999999a,3.7
bffb333333333334,-1.7000000000000002
3fa2f684bda12f68,0.037037037037037035
400e666666666667,3.8000000000000003
bffcccccccccccce,-1.8000000000000003
4006666666666667,2.8000000000000003
3fa2492492492492,0.03571428571428571
400f333333333334,3.9000000000000004
bffe666666666668,-1.9000000000000004
3fa1a7b9611a7b96,0.034482758620689655
4010000000000000,4.0
c000000000000000,-2.0
3fa1111111111111,0.03333333333333333
4010666666666666,4.1
c000cccccccccccd,-2.1
3fa0842108421084,0.03225806451612903
4010cccccccccccd,4.2
c00199999999999a,-2.2
3fa0000000000000,0.03125
4011333333333334,4.300000000000001
c002666666666667,-2.3000000000000003
3f9f07c1f07c1f08,0.030303030303030304
401199999999999a,4.4
c003333333333334,-2.4000000000000004
3f9e1e1e1e1e1e1e,0.029411764705882353
4012000000000000,4.5
c004000000000000,-2.5
3f9d41d41d41d41d,0.02857142857142857
4012666666666666,4.6
c004cccccccccccd,-2.6
3f9c71c71c71c71c,0.027777777777777776
4012cccccccccccd,4.7
c00599999999999a,-2.7
3f9bacf914c1bad0,0.02702702702702703
4013333333333334,4.800000000000001
c006666666666667,-2.8000000000000003
3f9af286bca1af28,0.02631578947368421
401399999999999a,4.9
c007333333333334,-2.9000000000000004
3f9a41a41a41a41a,0.02564102564102564
4014000000000000,5.0
c008000000000000,-3.0
3f9999999999999a,0.025
4014666666666667,5.1000000000000005
c008ccccccccccce,-3.1000000000000005
4010666666666667,4.1000000000000005
3f98f9c18f9c18fa,0.024390243902439025
4014cccccccccccd,5.2
c00999999999999a,-3.2
3f98618618618618,0.023809523809523808
4015333333333333,5.3
c00a666666666666,-3.3
4011333333333333,4.3
3f97d05f417d05f4,0.023255813953488372
401599999999999a,5.4
c00b333333333334,-3.4000000000000004
3f9745d1745d1746,0.022727272727272728
4016000000000000,5.5
c00c000000000000,-3.5
3f96c16c16c16c17,0.022222222222222223
4016666666666667,5.6000000000000005
c00cccccccccccce,-3.6000000000000005
4012666666666667,4.6000000000000005
3f9642c8590b2164,0.021739130434782608
4016cccccccccccd,5.7
c00d99999999999a,-3.7
3f95c9882b931057,0.02127659574468085
4017333333333334,5.800000000000001
c00e666666666668,-3.8000000000000007
3f95555555555555,0.020833333333333332
401799999999999a,5.9
c00f333333333334,-3.9000000000000004
3f94e5e0a72f0539,0.02040816326530612
4018000000000000,6.0
c010000000000000,-4.0
3f947ae147ae147b,0.02
4018666666666667,6.1000000000000005
c010666666666667,-4.1000000000000005
3f94141414141414,0.0196078431372549
4018cccccccccccd,6.2
c010cccccccccccd,-4.2
3f93b13b13b13b14,0.019230769230769232
4019333333333334,6.300000000000001
c011333333333334,-4.300000000000001
4015333333333334,5.300000000000001
3f93521cfb2b78c1,0.018867924528301886
401999999999999a,6.4
c01199999999999a,-4.4
3f92f684bda12f68,0.018518518518518517
401a000000000000,6.5
c012000000000000,-4.5
3f929e4129e4129e,0.01818181818181818
401a666666666667,6.6000000000000005
c012666666666667,-4.6000000000000005
3f92492492492492,0.017857142857142856
401acccccccccccd,6.7
c012cccccccccccd,-4.7
3f91f7047dc11f70,0.017543859649122806
401b333333333334,6.800000000000001
c013333333333334,-4.800000000000001
3f91a7b9611a7b96,0.017241379310344827
401b99999999999a,6.9
c01399999999999a,-4.9
3f915b1e5f75270d,0.01694915254237288
401c000000000000,7.0
c014000000000000,-5.0
3f91111111111111,0.016666666666666666
3fe5555555555555,0.6666666666666666
3fd2492492492492,0.2857142857142857
3fcc71c71c71c71c,0.2222222222222222
3ffb333333333333,1.7
4003333333333333,2.4
3ff4cccccccccccc,1.2999999999999998
4007333333333333,2.9
3feccccccccccccc,0.8999999999999999
3fc745d1745d1746,0.18181818181818182
3fe9999999999998,0.7999999999999998
400a666666666666,3.3
3fc3b13b13b13b14,0.15384615384615385
3fe3333333333332,0.5999999999999999
3fc1111111111111,0.13333333333333333
3fd3333333333330,0.2999999999999998
3fbe1e1e1e1e1e1e,0.11764705882352941
400e666666666666,3.8
3fb9999999999990,0.09999999999999987
3fbaf286bca1af28,0.10526315789473684
3fb8618618618618,0.09523809523809523
bfd3333333333338,-0.30000000000000027
3fb642c8590b2164,0.08695652173913043
bfd99999999999a0,-0.40000000000000036
3fb47ae147ae147b,0.08
3fb2f684bda12f68,0.07407407407407407
bfe999999999999c,-0.8000000000000003
bfecccccccccccd0,-0.9000000000000004
3fb1a7b9611a7b96,0.06896551724137931
4014666666666666,5.1
3fb0842108421084,0.06451612903225806
3faf07c1f07c1f08,0.06060606060606061
3fad41d41d41d41d,0.05714285714285714
4016666666666666,5.6
401ccccccccccccd,7.2
401d99999999999a,7.4
3fabacf914c1bad0,0.05405405405405406
401e666666666667,7.6000000000000005
401f333333333334,7.800000000000001
3faa41a41a41a41a,0.05128205128205128
4020000000000000,8.0
c000ccccccccccce,-2.1000000000000005
4020666666666667,8.200000000000001
3fa8f9c18f9c18fa,0.04878048780487805
4020cccccccccccd,8.4
4019333333333333,6.3
c002666666666666,-2.3
4021333333333333,8.6
3fa7d05f417d05f4,0.046511627906976744
402199999999999a,8.8
4022000000000000,9.0
3fa6c16c16c16c17,0.044444444444444446
c004ccccccccccce,-2.6000000000000005
4022666666666667,9.200000000000001
4022cccccccccccd,9.4
3fa5c9882b931057,0.0425531914893617
c006666666666668,-2.8000000000000007
4023333333333334,9.600000000000001
402399999999999a,9.8
3fa4e5e0a72f0539,0.04081632653061224
4024000000000000,10.0
401c666666666667,7.1000000000000005
4024666666666667,10.200000000000001
3fa4141414141414,0.0392156862745098
4024cccccccccccd,10.4
401d333333333334,7.300000000000001
c00a666666666668,-3.3000000000000007
4025333333333334,10.600000000000001
3fa3521cfb2b78c1,0.03773584905660377
402599999999999a,10.8
401e000000000000,7.5
4026000000000000,11.0
3fa29e4129e4129e,0.03636363636363636
4026666666666667,11.200000000000001
401ecccccccccccd,7.7
4026cccccccccccd,11.4
3fa1f7047dc11f70,0.03508771929824561
4027333333333334,11.600000000000001
401f99999999999a,7.9
402799999999999a,11.8
3fa15b1e5f75270d,0.03389830508474576
4028000000000000,12.0
3fdb6db6db6db6db,0.42857142857142855
3fecccccccccccce,0.9000000000000001
400b333333333333,3.4
3fe8000000000000,0.75
3ffcccccccccccce,1.8000000000000003
3fd8000000000000,0.375
400f333333333333,3.9
3fd3333333333333,0.3
3fd1745d1745d174,0.2727272727272727
3ffccccccccccccc,1.7999999999999998
400cccccccccccce,3.6000000000000005
3fcd89d89d89d89e,0.23076923076923078
3ff9999999999999,1.5999999999999999
3fcb6db6db6db6db,0.21428571428571427
3fc8000000000000,0.1875
3fc6969696969697,0.17647058823529413
4013333333333333,4.8
3ff1999999999999,1.0999999999999999
3fc435e50d79435e,0.15789473684210525
3fc3333333333333,0.15
3fc1745d1745d174,0.13636363636363635
3fe6666666666664,0.6999999999999997
3fc0b21642c8590b,0.13043478260869565
3fe3333333333330,0.5999999999999996
401cccccccccccce,7.200000000000001
3fbeb851eb851eb8,0.12
3fbd89d89d89d89e,0.11538461538461539
4020333333333334,8.100000000000001
3fc9999999999990,0.19999999999999973
3fbb6db6db6db6db,0.10714285714285714
3fb9999999999980,0.09999999999999964
4021666666666667,8.700000000000001
3fba7b9611a7b961,0.10344827586206896
4018666666666666,6.1
402299999999999a,9.3
3fb8c6318c6318c6,0.0967741935483871
3fb8000000000000,0.09375
4023cccccccccccd,9.9
3fb6969696969697,0.08823529411764706
4025000000000000,10.5
3fb5f15f15f15f16,0.08571428571428572
401a666666666666,6.6
4026333333333334,11.100000000000001
3fb4c1bacf914c1c,0.08108108108108109
3fb435e50d79435e,0.07894736842105263
4027666666666667,11.700000000000001
3fb3333333333333,0.075
bff199999999999c,-1.1000000000000005
402899999999999a,12.3
3fb2bb512bb512bb,0.07317073170731707
4029333333333334,12.600000000000001
401d333333333333,7.3
bff4cccccccccccc,-1.2999999999999998
4029cccccccccccc,12.899999999999999
3fb1dc47711dc477,0.06976744186046512
402a666666666667,13.200000000000001
3fb1745d1745d174,0.06818181818181818
402b000000000000,13.5
bff999999999999c,-1.6000000000000005
402b99999999999a,13.8
3fb0b21642c8590b,0.06521739130434782
402c333333333334,14.100000000000001
3fb0572620ae4c41,0.06382978723404255
bffcccccccccccd0,-1.8000000000000007
402cccccccccccce,14.400000000000002
402d666666666667,14.700000000000001
3faf58d0fac687d6,0.061224489795918366
402e000000000000,15.0
3faeb851eb851eb8,0.06
402e99999999999a,15.3
4020666666666666,8.2
402f333333333334,15.600000000000001
3fad89d89d89d89e,0.057692307692307696
402099999999999a,8.3
c002666666666668,-2.3000000000000007
402fccccccccccce,15.900000000000002
3facfb2b78c13522,0.05660377358490566
4030333333333334,16.200000000000003
4021000000000000,8.5
4030800000000000,16.5
3fabed61bed61bed,0.05454545454545454
4021333333333334,8.600000000000001
4030cccccccccccd,16.8
3fab6db6db6db6db,0.05357142857142857
4021666666666666,8.7
403119999999999a,17.1
4031666666666667,17.400000000000002
3faa7b9611a7b961,0.05172413793103448
4021cccccccccccd,8.9
4031b33333333334,17.700000000000003
3faa08ad8f2fba94,0.05084745762711865
4032000000000000,18.0
3ff5555555555555,1.3333333333333333
3fe2492492492492,0.5714285714285714
3fdc71c71c71c71c,0.4444444444444444
3fd745d1745d1746,0.36363636363636365
3fd3b13b13b13b14,0.3076923076923077
4004cccccccccccc,2.5999999999999996
3fd1111111111111,0.26666666666666666
3fce1e1e1e1e1e1e,0.23529411764705882
4017333333333333,5.8
4000cccccccccccc,2.0999999999999996
3fcaf286bca1af28,0.21052631578947367
3fc8618618618618,0.19047619047619047
3ffb333333333332,1.6999999999999997
3fc642c8590b2164,0.17391304347826086
3ff9999999999998,1.5999999999999996
3fc47ae147ae147b,0.16
3fc2f684bda12f68,0.14814814814814814
3ff3333333333332,1.1999999999999997
3ff1999999999998,1.0999999999999996
3fc1a7b9611a7b96,0.13793103448275862
401c666666666666,7.1
4028cccccccccccd,12.4
3fc0842108421084,0.12903225806451613
402999999999999a,12.8
3fbf07c1f07c1f08,0.12121212121212122
402b333333333334,13.600000000000001
402c000000000000,14.0
3fbd41d41d41d41d,0.11428571428571428
401e666666666666,7.6
402ccccccccccccd,14.4
402d99999999999a,14.8
3fbbacf914c1bad0,0.10810810810810811
402e666666666667,15.200000000000001
3fba41a41a41a41a,0.10256410256410256
4030000000000000,16.0
bfb99999999999c0,-0.10000000000000053
4030666666666667,16.400000000000002
3fb8f9c18f9c18fa,0.0975609756097561
bfd3333333333330,-0.2999999999999998
4031333333333333,17.2
3fb7d05f417d05f4,0.09302325581395349
403199999999999a,17.6
3fb6c16c16c16c17,0.08888888888888889
bfe3333333333338,-0.6000000000000005
4032666666666667,18.400000000000002
4032cccccccccccd,18.8
3fb5c9882b931057,0.0851063829787234
bfe99999999999a0,-0.8000000000000007
4033333333333334,19.200000000000003
403399999999999a,19.6
3fb4e5e0a72f0539,0.08163265306122448
4034000000000000,20.0
4022333333333334,9.100000000000001
4034666666666667,20.400000000000002
3fb4141414141414,0.0784313725490196
4022666666666666,9.2
4034cccccccccccd,20.8
bff4ccccccccccd0,-1.3000000000000007
4035333333333334,21.200000000000003
3fb3521cfb2b78c1,0.07547169811320754
403599999999999a,21.6
4023000000000000,9.5
4036000000000000,22.0
3fb29e4129e4129e,0.07272727272727272
4036666666666667,22.400000000000002
4023666666666666,9.7
4036cccccccccccd,22.8
3fb1f7047dc11f70,0.07017543859649122
4037333333333334,23.200000000000003
403799999999999a,23.6
3fb15b1e5f75270d,0.06779661016949153
4038000000000000,24.0
3ffaaaaaaaaaaaab,1.6666666666666667
3fe6db6db6db6db7,0.7142857142857143
3fe1c71c71c71c72,0.5555555555555556
3ff8000000000001,1.5000000000000002
3ff4000000000000,1.25
4008000000000001,3.0000000000000004
3feaaaaaaaaaaaab,0.8333333333333334
400c000000000001,3.5000000000000004
3fe4000000000000,0.625
3fdd1745d1745d17,0.45454545454545453
4018000000000001,6.000000000000001
3fdaaaaaaaaaaaab,0.4166666666666667
3fd89d89d89d89d9,0.38461538461538464
400ccccccccccccc,3.5999999999999996
401c000000000001,7.000000000000001
3fd6db6db6db6db7,0.35714285714285715
3fd4000000000000,0.3125
3fd2d2d2d2d2d2d3,0.29411764705882354
401b333333333333,6.8
3fd1c71c71c71c72,0.2777777777777778
4008cccccccccccc,3.0999999999999996
3fd0d79435e50d79,0.2631578947368421
3fce79e79e79e79e,0.23809523809523808
3fcd1745d1745d17,0.22727272727272727
4005999999999999,2.6999999999999997
4027000000000001,11.500000000000002
3fcbd37a6f4de9bd,0.21739130434782608
4028000000000001,12.000000000000002
3fcaaaaaaaaaaaab,0.20833333333333334
4029000000000000,12.5
402a000000000000,13.0
3fc89d89d89d89d9,0.19230769230769232
3fc7b425ed097b42,0.18518518518518517
4001999999999999,2.1999999999999997
402c000000000001,14.000000000000002
3fc6db6db6db6db7,0.17857142857142858
402d000000000001,14.500000000000002
3fc611a7b9611a7c,0.1724137931034483
4020333333333333,8.1
402f000000000000,15.5
3fc4a5294a5294a5,0.16129032258064516
3fc4000000000000,0.15625
3fc364d9364d9365,0.15151515151515152
4031000000000000,17.0
3fc2d2d2d2d2d2d3,0.14705882352941177
4031800000000000,17.5
3fc1c71c71c71c72,0.1388888888888889
4032800000000000,18.5
3fc14c1bacf914c2,0.13513513513513514
4033000000000000,19.0
3fc0d79435e50d79,0.13157894736842105
4033800000000000,19.5
3fc0690690690690,0.1282051282051282
3fecccccccccccc8,0.8999999999999995
4034800000000001,20.500000000000004
3fbf3831f3831f38,0.12195121951219512
4035000000000000,21.0
3fbe79e79e79e79e,0.11904761904761904
3fe6666666666668,0.7000000000000002
4035800000000000,21.5
3fbdc47711dc4771,0.11627906976744186
3fbd1745d1745d17,0.11363636363636363
4036800000000000,22.5
3fd9999999999990,0.39999999999999947
4037000000000001,23.000000000000004
3fbbd37a6f4de9bd,0.10869565217391304
4037800000000000,23.5
3fbb3bea3677d46d,0.10638297872340426
3fc9999999999980,0.1999999999999993
4038000000000001,24.000000000000004
3fbaaaaaaaaaaaab,0.10416666666666667
4038800000000000,24.5
3fba1f58d0fac688,0.10204081632653061
4039000000000000,25.0
4024333333333334,10.100000000000001
4039800000000001,25.500000000000004
3fb9191919191919,0.09803921568627451
4024666666666666,10.2
403a000000000000,26.0
3fb89d89d89d89d9,0.09615384615384616
402499999999999a,10.3
bfd3333333333340,-0.3000000000000007
403a800000000001,26.500000000000004
3fb826a439f656f2,0.09433962264150944
403b000000000000,27.0
3fb7b425ed097b42,0.09259259259259259
403b800000000000,27.5
403c000000000001,28.000000000000004
3fb6db6db6db6db7,0.08928571428571429
4025666666666666,10.7
403c800000000000,28.5
3fb674c59d31674c,0.08771929824561403
403d000000000001,29.000000000000004
3fb611a7b9611a7c,0.08620689655172414
4025cccccccccccd,10.9
403d800000000000,29.5
3fb5b1e5f75270d0,0.0847457627118644
403e000000000000,30.0
3feb6db6db6db6db,0.8571428571428571
3fe1745d1745d174,0.5454545454545454
3fdd89d89d89d89e,0.46153846153846156
3fd6969696969697,0.35294117647058826
401f333333333333,7.8
3fd435e50d79435e,0.3157894736842105
400d999999999999,3.6999999999999997
3fd0b21642c8590b,0.2608695652173913
3fceb851eb851eb8,0.24
4009999999999999,3.1999999999999997
3fca7b9611a7b961,0.20689655172413793
4022333333333333,9.1
403299999999999a,18.6
3fc8c6318c6318c6,0.1935483870967742
4033cccccccccccd,19.8
3fc5f15f15f15f16,0.17142857142857143
4023333333333333,9.6
4036333333333334,22.200000000000003
3fc4c1bacf914c1c,0.16216216216216217
4037666666666667,23.400000000000002
3ffe666666666664,1.8999999999999995
403899999999999a,24.6
3fc2bb512bb512bb,0.14634146341463414
4039333333333334,25.200000000000003
4039cccccccccccc,25.799999999999997
3fc1dc47711dc477,0.13953488372093023
403a666666666667,26.400000000000002
3ff6666666666664,1.3999999999999995
403b99999999999a,27.6
403c333333333334,28.200000000000003
3fc0572620ae4c41,0.1276595744680851
3ff3333333333330,1.1999999999999993
403cccccccccccce,28.800000000000004
403d666666666667,29.400000000000002
3fbf58d0fac687d6,0.12244897959183673
403e99999999999a,30.6
4026666666666666,11.2
403f333333333334,31.200000000000003
402699999999999a,11.3
3fe6666666666660,0.6999999999999993
403fccccccccccce,31.800000000000004
3fbcfb2b78c13522,0.11320754716981132
4040333333333334,32.400000000000006
4027000000000000,11.5
4040800000000000,33.0
3fbbed61bed61bed,0.10909090909090909
4040cccccccccccd,33.6
4027666666666666,11.7
404119999999999a,34.2
4041666666666667,34.800000000000004
4027cccccccccccd,11.9
4041b33333333334,35.400000000000006
3fba08ad8f2fba94,0.1016949152542373
4042000000000000,36.0
4002aaaaaaaaaaab,2.3333333333333335
3fe8e38e38e38e39,0.7777777777777778
4000ccccccccccce,2.1000000000000005
3ffc000000000000,1.75
4010ccccccccccce,4.200000000000001
3ff2aaaaaaaaaaab,1.1666666666666667
3fec000000000000,0.875
401eccccccccccce,7.700000000000001
3fe45d1745d1745d,0.6363636363636364
4020ccccccccccce,8.400000000000002
3fe2aaaaaaaaaaab,0.5833333333333334
3fe13b13b13b13b1,0.5384615384615384
3fddddddddddddde,0.4666666666666667
3fdc000000000000,0.4375
4027ccccccccccce,11.900000000000002
3fda5a5a5a5a5a5a,0.4117647058823529
4029333333333333,12.6
3fd8e38e38e38e39,0.3888888888888889
402a99999999999a,13.3
3fd79435e50d7943,0.3684210526315789
3fd6666666666666,0.35
402eccccccccccce,15.400000000000002
3fd45d1745d1745d,0.3181818181818182
4012cccccccccccc,4.699999999999999
403019999999999a,16.1
3fd37a6f4de9bd38,0.30434782608695654
4030ccccccccccce,16.800000000000004
3fd2aaaaaaaaaaab,0.2916666666666667
3fd1eb851eb851ec,0.28
4032333333333333,18.2
3fd13b13b13b13b1,0.2692307692307692
4032e66666666667,18.900000000000002
3fd097b425ed097b,0.25925925925925924
4010cccccccccccc,4.199999999999999
40344cccccccccce,20.300000000000004
3fcee58469ee5847,0.2413793103448276
3fcdddddddddddde,0.23333333333333334
4024333333333333,10.1
4035b33333333333,21.7
3fcce739ce739ce7,0.22580645161290322
3fcc000000000000,0.21875
403719999999999a,23.1
3fcb26c9b26c9b27,0.21212121212121213
4037ccccccccccce,23.800000000000004
3fca5a5a5a5a5a5a,0.20588235294117646
4025333333333333,10.6
4039333333333333,25.2
3fc8e38e38e38e39,0.19444444444444445
4039e66666666667,25.900000000000002
3fc83759f2298376,0.1891891891891892
403a99999999999a,26.6
3fc79435e50d7943,0.18421052631578946
403b4cccccccccce,27.300000000000004
3fc6f96f96f96f97,0.1794871794871795
403c000000000000,28.0
3fc6666666666666,0.175
4007333333333332,2.8999999999999995
403cb33333333334,28.700000000000003
3fc5da895da895db,0.17073170731707318
403e199999999999,30.099999999999998
3fc4d653594d6536,0.16279069767441862
403eccccccccccce,30.800000000000004
3fc45d1745d1745d,0.1590909090909091
403f800000000000,31.5
3fc3e93e93e93e94,0.15555555555555556
4003333333333332,2.3999999999999995
404019999999999a,32.2
3fc37a6f4de9bd38,0.15217391304347827
4040733333333333,32.9
3fc310572620ae4c,0.14893617021276595
4001999999999998,2.1999999999999993
4040ccccccccccce,33.60000000000001
3fc2aaaaaaaaaaab,0.14583333333333334
4041266666666667,34.300000000000004
4041800000000000,35.0
3fc1eb851eb851ec,0.14
4028333333333334,12.100000000000001
4041d9999999999a,35.7
3fc1919191919192,0.13725490196078433
4028666666666666,12.2
4042333333333333,36.4
3fc13b13b13b13b1,0.1346153846153846
3ffb333333333330,1.6999999999999993
40428cccccccccce,37.10000000000001
3fc0e7d95bc609a9,0.1320754716981132
4042e66666666667,37.800000000000004
3fc097b425ed097b,0.12962962962962962
4043400000000000,38.5
3fc04a7904a7904a,0.12727272727272726
404399999999999a,39.2
4029666666666666,12.7
4043f33333333333,39.9
3fbf7047dc11f704,0.12280701754385964
40444cccccccccce,40.60000000000001
3fbee58469ee5847,0.1206896551724138
4029cccccccccccd,12.9
4044a66666666667,41.300000000000004
3fbe5f75270d0457,0.11864406779661017
4045000000000000,42.0
3fbdddddddddddde,0.11666666666666667
4005555555555555,2.6666666666666665
3ff2492492492492,1.1428571428571428
3fec71c71c71c71c,0.8888888888888888
3fe745d1745d1746,0.7272727272727273
3fe3b13b13b13b14,0.6153846153846154
3fe1111111111111,0.5333333333333333
3fde1e1e1e1e1e1e,0.47058823529411764
3fdaf286bca1af28,0.42105263157894735
3fd8618618618618,0.38095238095238093
4016cccccccccccc,5.699999999999999
3fd642c8590b2164,0.34782608695652173
3fd47ae147ae147b,0.32
3fd2f684bda12f68,0.2962962962962963
4014cccccccccccc,5.199999999999999
3fd1a7b9611a7b96,0.27586206896551724
4026333333333333,11.1
4038cccccccccccd,24.8
3fd0842108421084,0.25806451612903225
403999999999999a,25.6
3fcf07c1f07c1f08,0.24242424242424243
403b333333333334,27.200000000000003
3fcd41d41d41d41d,0.22857142857142856
4027333333333333,11.6
403ccccccccccccd,28.8
403d99999999999a,29.6
3fcbacf914c1bad0,0.21621621621621623
403e666666666667,30.400000000000002
3fca41a41a41a41a,0.20512820512820512
4040000000000000,32.0
400f333333333332,3.8999999999999995
4040666666666667,32.800000000000004
3fc8f9c18f9c18fa,0.1951219512195122
4041333333333333,34.4
3fc7d05f417d05f4,0.18604651162790697
404199999999999a,35.2
3fc6c16c16c16c17,0.17777777777777778
400b333333333332,3.3999999999999995
4042666666666667,36.800000000000004
4042cccccccccccd,37.6
3fc5c9882b931057,0.1702127659574468
4009999999999998,3.1999999999999993
4043333333333334,38.400000000000006
3fc4e5e0a72f0539,0.16326530612244897
4044000000000000,40.0
402a333333333334,13.100000000000001
4044666666666667,40.800000000000004
3fc4141414141414,0.1568627450980392
402a666666666666,13.2
4044cccccccccccd,41.6
4005999999999998,2.6999999999999993
4045333333333334,42.400000000000006
3fc3521cfb2b78c1,0.1509433962264151
402acccccccccccd,13.4
404599999999999a,43.2
4046000000000000,44.0
3fc29e4129e4129e,0.14545454545454545
4046666666666667,44.800000000000004
402b666666666666,13.7
4046cccccccccccd,45.6
3fc1f7047dc11f70,0.14035087719298245
4047333333333334,46.400000000000006
402bcccccccccccd,13.9
404799999999999a,47.2
3fc15b1e5f75270d,0.13559322033898305
4048000000000000,48.0
3ff4924924924925,1.2857142857142858
4002000000000000,2.25
3ff2000000000000,1.125
3fea2e8ba2e8ba2f,0.8181818181818182
3fe6276276276276,0.6923076923076923
3fe4924924924925,0.6428571428571429
3fe2000000000000,0.5625
3fe0f0f0f0f0f0f1,0.5294117647058824
4030333333333333,16.2
3fde50d79435e50d,0.47368421052631576
3fdccccccccccccd,0.45
3fda2e8ba2e8ba2f,0.4090909090909091
401acccccccccccc,6.699999999999999
4034b33333333334,20.700000000000003
3fd90b21642c8591,0.391304347826087
3fd70a3d70a3d70a,0.36
3fd6276276276276,0.34615384615384615
40384ccccccccccd,24.3
4018cccccccccccc,6.199999999999999
3fd4924924924925,0.32142857142857145
403a19999999999a,26.1
3fd3dcb08d3dcb09,0.3103448275862069
4028333333333333,12.1
403be66666666667,27.900000000000002
3fd294a5294a5295,0.2903225806451613
3fd2000000000000,0.28125
403db33333333334,29.700000000000003
3fd0f0f0f0f0f0f1,0.2647058823529412
3fd0750750750750,0.2571428571428571
4040333333333333,32.4
4040a66666666667,33.300000000000004
3fcf22983759f22a,0.24324324324324326
3fce50d79435e50d,0.23684210526315788
40418ccccccccccd,35.1
3fcccccccccccccd,0.225
4013999999999999,4.8999999999999995
4042733333333334,36.900000000000006
3fcc18f9c18f9c19,0.21951219512195122
4043599999999999,38.699999999999996
3fcaca6b29aca6b3,0.20930232558139536
4043cccccccccccd,39.6
3fca2e8ba2e8ba2f,0.20454545454545456
4044400000000000,40.5
4011999999999999,4.3999999999999995
4044b33333333334,41.400000000000006
3fc90b21642c8591,0.1956521739130435
4045266666666667,42.300000000000004
3fc882b931057262,0.19148936170212766
40460ccccccccccd,44.1
3fc7829cbc14e5e1,0.1836734693877551
4046800000000000,45.0
3fc70a3d70a3d70a,0.18
4046f33333333334,45.900000000000006
402c666666666666,14.2
4047666666666667,46.800000000000004
3fc6276276276276,0.17307692307692307
402c99999999999a,14.3
400d999999999998,3.6999999999999993
4047d9999999999a,47.7
3fc5bc609a90e7d9,0.16981132075471697
40484ccccccccccd,48.6
402d000000000000,14.5
4048c00000000000,49.5
3fc4f2094f2094f2,0.16363636363636364
402d333333333334,14.600000000000001
4049333333333334,50.400000000000006
3fc4924924924925,0.16071428571428573
402d666666666666,14.7
4049a66666666667,51.300000000000004
404a19999999999a,52.2
3fc3dcb08d3dcb09,0.15517241379310345
402dcccccccccccd,14.9
404a8ccccccccccd,53.1
3fc386822b63cbef,0.15254237288135594
404b000000000000,54.0
400aaaaaaaaaaaab,3.3333333333333335
3ff6db6db6db6db7,1.4285714285714286
3ff1c71c71c71c72,1.1111111111111112
3fed1745d1745d17,0.9090909090909091
3fe89d89d89d89d9,0.7692307692307693
3fe2d2d2d2d2d2d3,0.5882352941176471
3fe0d79435e50d79,0.5263157894736842
3fde79e79e79e79e,0.47619047619047616
401ecccccccccccc,7.699999999999999
3fdbd37a6f4de9bd,0.43478260869565216
3fd7b425ed097b42,0.37037037037037035
401ccccccccccccc,7.199999999999999
3fd611a7b9611a7c,0.3448275862068966
402a333333333333,13.1
403f000000000000,31.0
3fd4a5294a5294a5,0.3225806451612903
3fd364d9364d9365,0.30303030303030304
4041000000000000,34.0
402b333333333333,13.6
4042800000000000,37.0
3fd14c1bacf914c2,0.2702702702702703
4043000000000000,38.0
4043800000000000,39.0
3fd0690690690690,0.2564102564102564
4017999999999999,5.8999999999999995
4044800000000001,41.00000000000001
3fcf3831f3831f38,0.24390243902439024
4045800000000000,43.0
3fcdc47711dc4771,0.23255813953488372
4015999999999999,5.3999999999999995
4047000000000001,46.00000000000001
4047800000000000,47.0
3fcb3bea3677d46d,0.2127659574468085
4048000000000001,48.00000000000001
4048800000000000,49.0
3fca1f58d0fac688,0.20408163265306123
4049000000000000,50.0
402e333333333334,15.100000000000001
4049800000000001,51.00000000000001
3fc9191919191919,0.19607843137254902
402e666666666666,15.2
404a000000000000,52.0
404a800000000001,53.00000000000001
3fc826a439f656f2,0.18867924528301888
402ecccccccccccd,15.4
404b800000000000,55.0
404c000000000001,56.00000000000001
402f666666666666,15.7
404c800000000000,57.0
3fc674c59d31674c,0.17543859649122806
402f99999999999a,15.8
404d000000000001,58.00000000000001
402fcccccccccccd,15.9
404d800000000000,59.0
3fc5b1e5f75270d0,0.1694915254237288
404e000000000000,60.0
400d555555555555,3.6666666666666665
3ff9249249249249,1.5714285714285714
3ff38e38e38e38e4,1.2222222222222223
400a666666666668,3.3000000000000007
4006000000000000,2.75
401a666666666668,6.600000000000001
3ffd555555555555,1.8333333333333333
3ff6000000000000,1.375
402a666666666668,13.200000000000003
3fed555555555555,0.9166666666666666
3feb13b13b13b13b,0.8461538461538461
3fe9249249249249,0.7857142857142857
3fe7777777777777,0.7333333333333333
3fe6000000000000,0.6875
4032b33333333334,18.700000000000003
3fe4b4b4b4b4b4b5,0.6470588235294118
3fe38e38e38e38e4,0.6111111111111112
4034e66666666667,20.900000000000002
3fe286bca1af286c,0.5789473684210527
3fe199999999999a,0.55
3fe0c30c30c30c31,0.5238095238095238
4038333333333334,24.200000000000003
40394cccccccccce,25.300000000000004
3fde9bd37a6f4dea,0.4782608695652174
403a666666666668,26.400000000000006
3fdd555555555555,0.4583333333333333
3fdc28f5c28f5c29,0.44
403c99999999999a,28.6
3fdb13b13b13b13b,0.4230769230769231
3fda12f684bda12f,0.4074074074074074
3fd9249249249249,0.39285714285714285
403fe66666666668,31.900000000000006
3fd8469ee58469ee,0.3793103448275862
3fd7777777777777,0.36666666666666664
402c333333333333,14.1
40410ccccccccccd,34.1
3fd6b5ad6b5ad6b6,0.3548387096774194
3fd6000000000000,0.34375
4042266666666667,36.300000000000004
4042b33333333334,37.400000000000006
3fd4b4b4b4b4b4b5,0.3235294117647059
3fd41d41d41d41d4,0.3142857142857143
402d333333333333,14.6
3fd38e38e38e38e4,0.3055555555555556
404459999999999a,40.7
3fd306eb3e45306f,0.2972972972972973
4044e66666666667,41.800000000000004
3fd286bca1af286c,0.2894736842105263
4045733333333334,42.900000000000006
3fd20d20d20d20d2,0.28205128205128205
3fd199999999999a,0.275
401b999999999999,6.8999999999999995
40468cccccccccce,45.10000000000001
3fd12bb512bb512c,0.2682926829268293
404719999999999a,46.2
3fd0c30c30c30c31,0.2619047619047619
4047a66666666666,47.3
3fd05f417d05f418,0.2558139534883721
4048333333333334,48.400000000000006
3fcf49f49f49f49f,0.24444444444444444
4019999999999999,6.3999999999999995
40494cccccccccce,50.60000000000001
3fce9bd37a6f4dea,0.2391304347826087
4049d9999999999a,51.7
3fcdf51b3bea3678,0.23404255319148937
404a666666666668,52.80000000000001
3fcd555555555555,0.22916666666666666
404af33333333334,53.900000000000006
3fccbc14e5e0a72f,0.22448979591836735
3fcc28f5c28f5c29,0.22
404c0cccccccccce,56.10000000000001
3fcb9b9b9b9b9b9c,0.21568627450980393
404c99999999999a,57.2
3fcb13b13b13b13b,0.21153846153846154
40304ccccccccccd,16.3
404d266666666668,58.30000000000001
3fca90e7d95bc60a,0.20754716981132076
4030666666666666,16.4
404db33333333334,59.400000000000006
3fca12f684bda12f,0.2037037037037037
404e400000000000,60.5
403099999999999a,16.6
404eccccccccccce,61.60000000000001
3fc9249249249249,0.19642857142857142
4030b33333333333,16.7
404f59999999999a,62.7
3fc8b3a62ce98b3a,0.19298245614035087
404fe66666666668,63.80000000000001
3fc8469ee58469ee,0.1896551724137931
4030e66666666666,16.9
405039999999999a,64.9
3fc7dd49c34115b2,0.1864406779661017
4050800000000000,66.0
3fc7777777777777,0.18333333333333332
3ffb6db6db6db6db,1.7142857142857142
3ff1745d1745d174,1.0909090909090908
3fed89d89d89d89e,0.9230769230769231
3fe6969696969697,0.7058823529411765
3fe435e50d79435e,0.631578947368421
3fe0b21642c8590b,0.5217391304347826
3fdeb851eb851eb8,0.48
3fda7b9611a7b961,0.41379310344827586
402e333333333333,15.1
404299999999999a,37.2
3fd8c6318c6318c6,0.3870967741935484
3fd5f15f15f15f16,0.34285714285714286
402f333333333333,15.6
4046333333333334,44.400000000000006
3fd4c1bacf914c1c,0.32432432432432434
401f999999999999,7.8999999999999995
404899999999999a,49.2
3fd2bb512bb512bb,0.2926829268292683
4049cccccccccccc,51.599999999999994
3fd1dc47711dc477,0.27906976744186046
404a666666666667,52.800000000000004
401d999999999999,7.3999999999999995
404b99999999999a,55.2
404c333333333334,56.400000000000006
3fd0572620ae4c41,0.2553191489361702
404cccccccccccce,57.60000000000001
404d666666666667,58.800000000000004
3fcf58d0fac687d6,0.24489795918367346
404e99999999999a,61.2
404f333333333334,62.400000000000006
40314ccccccccccd,17.3
404fccccccccccce,63.60000000000001
3fccfb2b78c13522,0.22641509433962265
4031666666666666,17.4
4050333333333334,64.80000000000001
3fcbed61bed61bed,0.21818181818181817
4050cccccccccccd,67.2
4031b33333333333,17.7
405119999999999a,68.4
4031cccccccccccd,17.8
4051666666666667,69.60000000000001
4031e66666666666,17.9
4051b33333333334,70.80000000000001
3fca08ad8f2fba94,0.2033898305084746
4052000000000000,72.0
4011555555555555,4.333333333333333
3ffdb6db6db6db6e,1.8571428571428572
3ff71c71c71c71c7,1.4444444444444444
400a000000000000,3.25
4001555555555555,2.1666666666666665
3ffa000000000000,1.625
3ff2e8ba2e8ba2e9,1.1818181818181819
3ff1555555555555,1.0833333333333333
4030e66666666667,16.900000000000002
4032333333333334,18.200000000000003
3fedb6db6db6db6e,0.9285714285714286
3febbbbbbbbbbbbc,0.8666666666666667
3fea000000000000,0.8125
403619999999999a,22.1
3fe8787878787878,0.7647058823529411
3fe71c71c71c71c7,0.7222222222222222
4038b33333333334,24.700000000000003
3fe5e50d79435e51,0.6842105263157895
3fe4cccccccccccd,0.65
403b4ccccccccccd,27.3
3fe3cf3cf3cf3cf4,0.6190476190476191
3fe2e8ba2e8ba2e9,0.5909090909090909
403de66666666667,29.900000000000002
3fe21642c8590b21,0.5652173913043478
3fe1555555555555,0.5416666666666666
4040400000000000,32.5
3fe0a3d70a3d70a4,0.52
4040e66666666667,33.800000000000004
3fded097b425ed09,0.48148148148148145
4042333333333334,36.400000000000006
3fddb6db6db6db6e,0.4642857142857143
4042d9999999999a,37.7
3fdcb08d3dcb08d4,0.4482758620689655
3fdbbbbbbbbbbbbc,0.43333333333333335
4044266666666667,40.300000000000004
3fdad6b5ad6b5ad7,0.41935483870967744
3fda000000000000,0.40625
3fd9364d9364d936,0.3939393939393939
404619999999999a,44.2
3fd8787878787878,0.38235294117647056
4046c00000000000,45.5
3fd7c57c57c57c58,0.37142857142857144
3fd71c71c71c71c7,0.3611111111111111
40480ccccccccccd,48.1
3fd67c8a60dd67c9,0.35135135135135137
4048b33333333334,49.400000000000006
3fd5e50d79435e51,0.34210526315789475
404959999999999a,50.7
3fd4cccccccccccd,0.325
4021cccccccccccc,8.899999999999999
404aa66666666667,53.300000000000004
3fd44aed44aed44b,0.3170731707317073
404b4ccccccccccd,54.6
3fd3cf3cf3cf3cf4,0.30952380952380953
404bf33333333333,55.9
3fd3594d653594d6,0.3023255813953488
3fd2e8ba2e8ba2e9,0.29545454545454547
404d400000000000,58.5
3fd27d27d27d27d2,0.28888888888888886
4020cccccccccccc,8.399999999999999
404de66666666667,59.800000000000004
3fd21642c8590b21,0.2826086956521739
404e8ccccccccccd,61.1
3fd1b3bea3677d47,0.2765957446808511
3fd1555555555555,0.2708333333333333
404fd9999999999a,63.7
3fd0fac687d6343f,0.2653061224489796
4050400000000000,65.0
3fd0a3d70a3d70a4,0.26
403219999999999a,18.1
4050933333333334,66.30000000000001
3fd0505050505050,0.2549019607843137
4050e66666666667,67.60000000000001
40324ccccccccccd,18.3
405139999999999a,68.9
3fcf656f1826a43a,0.24528301886792453
4032666666666666,18.4
40518ccccccccccd,70.2
3fced097b425ed09,0.24074074074074073
4051e00000000000,71.5
3fce4129e4129e41,0.23636363636363636
4052333333333334,72.80000000000001
3fcdb6db6db6db6e,0.23214285714285715
4032b33333333333,18.7
4052866666666667,74.10000000000001
3fcd31674c59d316,0.22807017543859648
4052d9999999999a,75.4
3fccb08d3dcb08d4,0.22413793103448276
4032e66666666666,18.9
40532ccccccccccd,76.7
3fcc34115b1e5f75,0.22033898305084745
4053800000000000,78.0
3fcbbbbbbbbbbbbc,0.21666666666666667
4012aaaaaaaaaaab,4.666666666666667
3ff8e38e38e38e39,1.5555555555555556
3ff45d1745d1745d,1.2727272727272727
3ff13b13b13b13b1,1.0769230769230769
3fedddddddddddde,0.9333333333333333
3fea5a5a5a5a5a5a,0.8235294117647058
3fe79435e50d7943,0.7368421052631579
3fe37a6f4de9bd38,0.6086956521739131
3fe1eb851eb851ec,0.56
3fe097b425ed097b,0.5185185185185185
3fdee58469ee5847,0.4827586206896552
4045b33333333333,43.4
3fdce739ce739ce7,0.45161290322580644
3fdb26c9b26c9b27,0.42424242424242425
4047ccccccccccce,47.60000000000001
4049333333333333,50.4
4049e66666666667,51.800000000000004
3fd83759f2298376,0.3783783783783784
404a99999999999a,53.2
404b4cccccccccce,54.60000000000001
3fd6f96f96f96f97,0.358974358974359
404c000000000000,56.0
4023cccccccccccc,9.899999999999999
404cb33333333334,57.400000000000006
3fd5da895da895db,0.34146341463414637
404e199999999999,60.199999999999996
3fd4d653594d6536,0.32558139534883723
404f800000000000,63.0
3fd3e93e93e93e94,0.3111111111111111
4022cccccccccccc,9.399999999999999
405019999999999a,64.4
4050733333333333,65.8
3fd310572620ae4c,0.2978723404255319
4050ccccccccccce,67.20000000000002
4051266666666667,68.60000000000001
4051800000000000,70.0
403319999999999a,19.1
4051d9999999999a,71.4
3fd1919191919192,0.27450980392156865
4033333333333333,19.2
4052333333333333,72.8
40334ccccccccccd,19.3
40528cccccccccce,74.20000000000002
3fd0e7d95bc609a9,0.2641509433962264
4033666666666666,19.4
4052e66666666667,75.60000000000001
4053400000000000,77.0
3fd04a7904a7904a,0.2545454545454545
405399999999999a,78.4
4033b33333333333,19.7
4053f33333333333,79.8
3fcf7047dc11f704,0.24561403508771928
40544cccccccccce,81.20000000000002
4033e66666666666,19.9
4054a66666666667,82.60000000000001
3fce5f75270d0457,0.23728813559322035
4055000000000000,84.0
4001249249249249,2.142857142857143
4012000000000001,4.500000000000001
400e000000000000,3.75
4022000000000001,9.000000000000002
4025000000000001,10.500000000000002
3ffe000000000000,1.875
3ff5d1745d1745d1,1.3636363636363635
4032000000000001,18.000000000000004
3ff2762762762762,1.1538461538461537
4035000000000001,21.000000000000004
3ff1249249249249,1.0714285714285714
3fee000000000000,0.9375
3fec3c3c3c3c3c3c,0.8823529411764706
403c800000000001,28.500000000000004
3fe9435e50d79436,0.7894736842105263
3fe5d1745d1745d1,0.6818181818181818
4041400000000001,34.50000000000001
3fe4de9bd37a6f4e,0.6521739130434783
4042000000000001,36.00000000000001
4042c00000000000,37.5
3fe2762762762762,0.5769230769230769
4045000000000001,42.00000000000001
3fe1249249249249,0.5357142857142857
4045c00000000001,43.50000000000001
3fe08d3dcb08d3dd,0.5172413793103449
4047400000000000,46.5
3fdef7bdef7bdef8,0.4838709677419355
3fde000000000000,0.46875
4048c00000000001,49.50000000000001
3fdc3c3c3c3c3c3c,0.4411764705882353
404a400000000000,52.5
404bc00000000000,55.5
3fd9f22983759f23,0.40540540540540543
404c800000000001,57.00000000000001
3fd9435e50d79436,0.39473684210526316
404d400000000001,58.50000000000001
4025cccccccccccc,10.899999999999999
404ec00000000001,61.50000000000001
3fd76a2576a2576a,0.36585365853658536
4050200000000000,64.5
3fd653594d653595,0.3488372093023256
3fd5d1745d1745d1,0.3409090909090909
4050e00000000000,67.5
4024cccccccccccc,10.399999999999999
4051400000000001,69.00000000000001
3fd4de9bd37a6f4e,0.32608695652173914
4051a00000000000,70.5
3fd46cefa8d9df52,0.3191489361702128
4052000000000001,72.00000000000001
4052600000000000,73.5
3fd397829cbc14e6,0.30612244897959184
4052c00000000000,75.0
403419999999999a,20.1
4053200000000001,76.50000000000001
4034333333333333,20.2
3fd2762762762762,0.28846153846153844
40344ccccccccccd,20.3
4053e00000000001,79.50000000000001
3fd21cfb2b78c135,0.2830188679245283
4034666666666666,20.4
4054400000000000,81.0
4034800000000000,20.5
4054a00000000000,82.5
403499999999999a,20.6
4055000000000001,84.00000000000001
3fd1249249249249,0.26785714285714285
4034b33333333333,20.7
4055600000000000,85.5
4055c00000000001,87.00000000000001
3fd08d3dcb08d3dd,0.25862068965517243
4034e66666666666,20.9
4056200000000000,88.5
3fd0456c797dd49c,0.2542372881355932
4056800000000000,90.0
4015555555555555,5.333333333333333
4002492492492492,2.2857142857142856
3ffc71c71c71c71c,1.7777777777777777
3ff745d1745d1746,1.4545454545454546
3ff3b13b13b13b14,1.2307692307692308
3ff1111111111111,1.0666666666666667
3fee1e1e1e1e1e1e,0.9411764705882353
3feaf286bca1af28,0.8421052631578947
3fe8618618618618,0.7619047619047619
3fe642c8590b2164,0.6956521739130435
3fe47ae147ae147b,0.64
3fe2f684bda12f68,0.5925925925925926
3fe1a7b9611a7b96,0.5517241379310345
4048cccccccccccd,49.6
3fe0842108421084,0.5161290322580645
404999999999999a,51.2
3fdf07c1f07c1f08,0.48484848484848486
404b333333333334,54.400000000000006
3fdd41d41d41d41d,0.45714285714285713
404ccccccccccccd,57.6
404d99999999999a,59.2
3fdbacf914c1bad0,0.43243243243243246
404e666666666667,60.800000000000004
3fda41a41a41a41a,0.41025641025641024
4050000000000000,64.0
4027cccccccccccc,11.899999999999999
4050666666666667,65.60000000000001
3fd8f9c18f9c18fa,0.3902439024390244
4051333333333333,68.8
3fd7d05f417d05f4,0.37209302325581395
405199999999999a,70.4
3fd6c16c16c16c17,0.35555555555555557
4026cccccccccccc,11.399999999999999
4052666666666667,73.60000000000001
4052cccccccccccd,75.2
3fd5c9882b931057,0.3404255319148936
4053333333333334,76.80000000000001
3fd4e5e0a72f0539,0.32653061224489793
4054000000000000,80.0
403519999999999a,21.1
4054666666666667,81.60000000000001
3fd4141414141414,0.3137254901960784
4035333333333333,21.2
4054cccccccccccd,83.2
40354ccccccccccd,21.3
4055333333333334,84.80000000000001
3fd3521cfb2b78c1,0.3018867924528302
4035666666666666,21.4
405599999999999a,86.4
4056000000000000,88.0
3fd29e4129e4129e,0.2909090909090909
4056666666666667,89.60000000000001
4056cccccccccccd,91.2
3fd1f7047dc11f70,0.2807017543859649
4035cccccccccccd,21.8
4057333333333334,92.80000000000001
4035e66666666666,21.9
405799999999999a,94.4
3fd15b1e5f75270d,0.2711864406779661
4058000000000000,96.0
4016aaaaaaaaaaab,5.666666666666667
40036db6db6db6db,2.4285714285714284
3ffe38e38e38e38e,1.8888888888888888
4011000000000000,4.25
4006aaaaaaaaaaab,2.8333333333333335
4001000000000000,2.125
3ff8ba2e8ba2e8ba,1.5454545454545454
3ff6aaaaaaaaaaab,1.4166666666666667
3ff4ec4ec4ec4ec5,1.3076923076923077
4037cccccccccccd,23.8
3ff36db6db6db6db,1.2142857142857142
4039800000000000,25.5
3ff2222222222222,1.1333333333333333
3ff1000000000000,1.0625
403ce66666666667,28.900000000000002
3fee38e38e38e38e,0.9444444444444444
4040266666666667,32.300000000000004
3feca1af286bca1b,0.8947368421052632
3feb333333333333,0.85
3fe9e79e79e79e7a,0.8095238095238095
3fe8ba2e8ba2e8ba,0.7727272727272727
40438ccccccccccd,39.1
3fe7a6f4de9bd37a,0.7391304347826086
3fe6aaaaaaaaaaab,0.7083333333333334
4045400000000000,42.5
3fe5c28f5c28f5c3,0.68
3fe4ec4ec4ec4ec5,0.6538461538461539
3fe425ed097b425f,0.6296296296296297
4047cccccccccccd,47.6
3fe36db6db6db6db,0.6071428571428571
4048a66666666667,49.300000000000004
3fe2c234f72c234f,0.5862068965517241
4049800000000000,51.0
3fe2222222222222,0.5666666666666667
404a59999999999a,52.7
3fe18c6318c6318c,0.5483870967741935
3fe1000000000000,0.53125
404c0ccccccccccd,56.1
3fe07c1f07c1f07c,0.5151515151515151
404ce66666666667,57.800000000000004
404dc00000000000,59.5
3fdf15f15f15f15f,0.4857142857142857
3fde38e38e38e38e,0.4722222222222222
404f733333333334,62.900000000000006
3fdd67c8a60dd67d,0.4594594594594595
4050266666666667,64.60000000000001
3fdca1af286bca1b,0.4473684210526316
3fdbe5be5be5be5c,0.4358974358974359
4051000000000000,68.0
3fdb333333333333,0.425
40516ccccccccccd,69.7
3fda895da895da89,0.4146341463414634
3fd9e79e79e79e7a,0.40476190476190477
4052466666666666,73.1
3fd94d653594d653,0.3953488372093023
4052b33333333334,74.80000000000001
3fd8ba2e8ba2e8ba,0.38636363636363635
4053200000000000,76.5
3fd82d82d82d82d8,0.37777777777777777
4028cccccccccccc,12.399999999999999
40538ccccccccccd,78.2
3fd7a6f4de9bd37a,0.3695652173913043
4053f9999999999a,79.9
3fd72620ae4c415d,0.3617021276595745
3fd6aaaaaaaaaaab,0.3541666666666667
4054d33333333334,83.30000000000001
3fd6343eb1a1f58d,0.3469387755102041
4055400000000000,85.0
3fd5c28f5c28f5c3,0.34
4055accccccccccd,86.7
4036333333333333,22.2
405619999999999a,88.4
3fd4ec4ec4ec4ec5,0.3269230769230769
40364ccccccccccd,22.3
4056866666666667,90.10000000000001
3fd4873ecade304d,0.32075471698113206
4036666666666666,22.4
4056f33333333334,91.80000000000001
3fd425ed097b425f,0.3148148148148148
4057600000000000,93.5
3fd3c8253c8253c8,0.3090909090909091
403699999999999a,22.6
4057cccccccccccd,95.2
3fd36db6db6db6db,0.30357142857142855
4036b33333333333,22.7
405839999999999a,96.9
3fd31674c59d3167,0.2982456140350877
4058a66666666667,98.60000000000001
3fd2c234f72c234f,0.29310344827586204
4036e66666666666,22.9
4059133333333334,100.30000000000001
3fd270d0456c797e,0.288135593220339
4037000000000000,23.0
4059800000000000,102.0
3fd2222222222222,0.2833333333333333
4004924924924925,2.5714285714285716
3ffa2e8ba2e8ba2f,1.6363636363636365
3ff6276276276276,1.3846153846153846
3ff0f0f0f0f0f0f1,1.0588235294117647
3fee50d79435e50d,0.9473684210526315
3fe90b21642c8591,0.782608695652174
3fe70a3d70a3d70a,0.72
3fe3dcb08d3dcb09,0.6206896551724138
404be66666666667,55.800000000000004
3fe294a5294a5295,0.5806451612903226
3fe0750750750750,0.5142857142857142
4050333333333333,64.8
4050a66666666667,66.60000000000001
3fdf22983759f22a,0.4864864864864865
402bcccccccccccc,13.899999999999999
4052733333333334,73.80000000000001
3fdc18f9c18f9c19,0.43902439024390244
4053599999999999,77.39999999999999
3fdaca6b29aca6b3,0.4186046511627907
4053cccccccccccd,79.2
402acccccccccccc,13.399999999999999
4054b33333333334,82.80000000000001
4055266666666667,84.60000000000001
3fd882b931057262,0.3829787234042553
40560ccccccccccd,88.2
3fd7829cbc14e5e1,0.3673469387755102
4037333333333333,23.2
4057666666666667,93.60000000000001
40374ccccccccccd,23.3
4057d9999999999a,95.4
3fd5bc609a90e7d9,0.33962264150943394
4037666666666666,23.4
40584ccccccccccd,97.2
4058c00000000000,99.0
3fd4f2094f2094f2,0.32727272727272727
4059333333333334,100.80000000000001
4037b33333333333,23.7
4059a66666666667,102.60000000000001
405a19999999999a,104.4
4037e66666666666,23.9
405a8ccccccccccd,106.2
3fd386822b63cbef,0.3050847457627119
405b000000000000,108.0
4019555555555555,6.333333333333333
4005b6db6db6db6e,2.7142857142857144
4000e38e38e38e39,2.111111111111111
4016ccccccccccce,5.700000000000001
4013000000000000,4.75
4026ccccccccccce,11.400000000000002
4009555555555555,3.1666666666666665
4003000000000000,2.375
3ffba2e8ba2e8ba3,1.7272727272727273
4036ccccccccccce,22.800000000000004
3ff9555555555555,1.5833333333333333
4038b33333333333,24.7
3ff7627627627627,1.4615384615384615
3ff5b6db6db6db6e,1.3571428571428572
3ff4444444444444,1.2666666666666666
3ff3000000000000,1.1875
3ff1e1e1e1e1e1e2,1.1176470588235294
3ff0e38e38e38e39,1.0555555555555556
40420ccccccccccd,36.1
3fee666666666666,0.95
3fecf3cf3cf3cf3d,0.9047619047619048
3feba2e8ba2e8ba3,0.8636363636363636
4045d9999999999a,43.7
3fea6f4de9bd37a7,0.8260869565217391
4046ccccccccccce,45.60000000000001
3fe9555555555555,0.7916666666666666
4047c00000000000,47.5
3fe851eb851eb852,0.76
4048b33333333333,49.4
3fe7627627627627,0.7307692307692307
3fe684bda12f684c,0.7037037037037037
3fe5b6db6db6db6e,0.6785714285714286
404b8cccccccccce,55.10000000000001
3fe4f72c234f72c2,0.6551724137931034
3fe4444444444444,0.6333333333333333
404d733333333333,58.9
3fe39ce739ce739d,0.6129032258064516
3fe3000000000000,0.59375
3fe26c9b26c9b26d,0.5757575757575758
3fe1e1e1e1e1e1e2,0.5588235294117647
4050a00000000000,66.5
3fe15f15f15f15f1,0.5428571428571428
3fe0e38e38e38e39,0.5277777777777778
4051933333333333,70.3
3fe06eb3e45306eb,0.5135135135135135
40520ccccccccccd,72.2
3fdf2df2df2df2df,0.48717948717948717
4053000000000000,76.0
3fde666666666666,0.475
402dcccccccccccc,14.899999999999999
405379999999999a,77.9
3fdda895da895da9,0.4634146341463415
3fdcf3cf3cf3cf3d,0.4523809523809524
40546ccccccccccd,81.7
3fdc47711dc47712,0.4418604651162791
4054e66666666667,83.60000000000001
3fdba2e8ba2e8ba3,0.4318181818181818
3fdb05b05b05b05b,0.4222222222222222
402ccccccccccccc,14.399999999999999
4055d9999999999a,87.4
3fda6f4de9bd37a7,0.41304347826086957
4056533333333333,89.3
3fd9df51b3bea367,0.40425531914893614
4056ccccccccccce,91.20000000000002
3fd9555555555555,0.3958333333333333
4057466666666667,93.10000000000001
3fd8d0fac687d634,0.3877551020408163
4057c00000000000,95.0
3fd851eb851eb852,0.38
403819999999999a,24.1
3fd7d7d7d7d7d7d8,0.37254901960784315
4038333333333333,24.2
4058b33333333333,98.8
3fd7627627627627,0.36538461538461536
40592cccccccccce,100.70000000000002
3fd6f1826a439f65,0.3584905660377358
4038666666666666,24.4
3fd684bda12f684c,0.35185185185185186
405a200000000000,104.5
3fd61bed61bed61c,0.34545454545454546
405a99999999999a,106.4
3fd5b6db6db6db6e,0.3392857142857143
405b133333333333,108.3
405b8cccccccccce,110.20000000000002
3fd4f72c234f72c2,0.3275862068965517
4038e66666666666,24.9
405c066666666667,112.10000000000001
3fd49c34115b1e5f,0.3220338983050847
405c800000000000,114.0
3fd4444444444444,0.31666666666666665
401aaaaaaaaaaaab,6.666666666666667
4006db6db6db6db7,2.857142857142857
4001c71c71c71c72,2.2222222222222223
3ffd1745d1745d17,1.8181818181818181
3ff89d89d89d89d9,1.5384615384615385
3ff2d2d2d2d2d2d3,1.1764705882352942
3ff0d79435e50d79,1.0526315789473684
3fee79e79e79e79e,0.9523809523809523
3febd37a6f4de9bd,0.8695652173913043
3fe7b425ed097b42,0.7407407407407407
3fe611a7b9611a7c,0.6896551724137931
404f000000000000,62.0
3fe4a5294a5294a5,0.6451612903225806
3fe364d9364d9365,0.6060606060606061
4052800000000000,74.0
3fe14c1bacf914c2,0.5405405405405406
3fe0690690690690,0.5128205128205128
402fcccccccccccc,15.899999999999999
4054800000000001,82.00000000000001
3fdf3831f3831f38,0.4878048780487805
4055800000000000,86.0
3fddc47711dc4771,0.46511627906976744
402ecccccccccccc,15.399999999999999
4057000000000001,92.00000000000001
4057800000000000,94.0
3fdb3bea3677d46d,0.425531914893617
4058000000000001,96.00000000000001
4058800000000000,98.0
3fda1f58d0fac688,0.40816326530612246
4059000000000000,100.0
403919999999999a,25.1
4059800000000001,102.00000000000001
3fd9191919191919,0.39215686274509803
405a000000000000,104.0
40394ccccccccccd,25.3
405a800000000001,106.00000000000001
3fd826a439f656f2,0.37735849056603776
4039666666666666,25.4
405b800000000000,110.0
405c000000000001,112.00000000000001
4039b33333333333,25.7
3fd674c59d31674c,0.3508771929824561
4039cccccccccccd,25.8
405d000000000001,116.00000000000001
4039e66666666666,25.9
405d800000000000,118.0
3fd5b1e5f75270d0,0.3389830508474576
405e000000000000,120.0
4015000000000000,5.25
4005000000000000,2.625
3ffe8ba2e8ba2e8c,1.9090909090909092
3ff9d89d89d89d8a,1.6153846153846154
3ff5000000000000,1.3125
3ff3c3c3c3c3c3c4,1.2352941176470589
4043f33333333334,39.900000000000006
3ff1af286bca1af3,1.105263157894737
3ff0cccccccccccd,1.05
3fee8ba2e8ba2e8c,0.9545454545454546
4048266666666667,48.300000000000004
3fed37a6f4de9bd3,0.9130434782608695
3feae147ae147ae1,0.84
3fe9d89d89d89d8a,0.8076923076923077
404c59999999999a,56.7
404e733333333334,60.900000000000006
3fe72c234f72c235,0.7241379310344828
4050466666666667,65.10000000000001
3fe5ad6b5ad6b5ad,0.6774193548387096
3fe5000000000000,0.65625
4051533333333334,69.30000000000001
3fe3c3c3c3c3c3c4,0.6176470588235294
40536ccccccccccd,77.7
3fe22983759f2298,0.5675675675675675
4053f33333333334,79.80000000000001
3fe1af286bca1af3,0.5526315789473685
405479999999999a,81.9
3fe0cccccccccccd,0.525
4055866666666667,86.10000000000001
3fe063e7063e7064,0.5121951219512195
4056933333333333,90.3
3fdf417d05f417d0,0.4883720930232558
405719999999999a,92.4
3fde8ba2e8ba2e8c,0.4772727272727273
4057a00000000000,94.5
4058266666666667,96.60000000000001
3fdd37a6f4de9bd3,0.45652173913043476
4058accccccccccd,98.7
3fdc9882b9310572,0.44680851063829785
4059b9999999999a,102.9
405a400000000000,105.0
3fdae147ae147ae1,0.42
405ac66666666667,107.10000000000001
403a333333333333,26.2
405b4ccccccccccd,109.2
3fd9d89d89d89d8a,0.40384615384615385
403a4ccccccccccd,26.3
405bd33333333334,111.30000000000001
3fd95bc609a90e7e,0.39622641509433965
403a666666666666,26.4
405c59999999999a,113.4
403a800000000000,26.5
405ce00000000000,115.5
3fd86fb586fb5870,0.38181818181818183
405d666666666667,117.60000000000001
403ab33333333333,26.7
405deccccccccccd,119.7
403acccccccccccd,26.8
405e733333333334,121.80000000000001
3fd72c234f72c235,0.3620689655172414
403ae66666666666,26.9
405ef9999999999a,123.9
3fd6c797dd49c341,0.3559322033898305
405f800000000000,126.0
401d555555555555,7.333333333333333
4009249249249249,3.142857142857143
40038e38e38e38e4,2.4444444444444446
3ffb13b13b13b13b,1.6923076923076923
3ff7777777777777,1.4666666666666666
3ff4b4b4b4b4b4b5,1.2941176470588236
3ff286bca1af286c,1.1578947368421053
3ff0c30c30c30c31,1.0476190476190477
3fee9bd37a6f4dea,0.9565217391304348
3fec28f5c28f5c29,0.88
3fea12f684bda12f,0.8148148148148148
3fe8469ee58469ee,0.7586206896551724
40510ccccccccccd,68.2
3fe6b5ad6b5ad6b6,0.7096774193548387
4052266666666667,72.60000000000001
3fe41d41d41d41d4,0.6285714285714286
405459999999999a,81.4
3fe306eb3e45306f,0.5945945945945946
4055733333333334,85.80000000000001
3fe20d20d20d20d2,0.5641025641025641
40568cccccccccce,90.20000000000002
3fe12bb512bb512c,0.5365853658536586
4057a66666666666,94.6
3fe05f417d05f418,0.5116279069767442
4058333333333334,96.80000000000001
3fdf49f49f49f49f,0.4888888888888889
40594cccccccccce,101.20000000000002
4059d9999999999a,103.4
3fddf51b3bea3678,0.46808510638297873
405a666666666668,105.60000000000002
405af33333333334,107.80000000000001
3fdcbc14e5e0a72f,0.4489795918367347
403b19999999999a,27.1
405c0cccccccccce,112.20000000000002
3fdb9b9b9b9b9b9c,0.43137254901960786
403b333333333333,27.2
405c99999999999a,114.4
405d266666666668,116.60000000000002
3fda90e7d95bc60a,0.41509433962264153
403b666666666666,27.4
405db33333333334,118.80000000000001
405e400000000000,121.0
405eccccccccccce,123.20000000000002
403bb33333333333,27.7
405f59999999999a,125.4
3fd8b3a62ce98b3a,0.38596491228070173
403bcccccccccccd,27.8
405fe66666666668,127.60000000000002
403be66666666666,27.9
406039999999999a,129.8
3fd7dd49c34115b2,0.3728813559322034
4060800000000000,132.0
401eaaaaaaaaaaab,7.666666666666667
400a492492492492,3.2857142857142856
400471c71c71c71c,2.5555555555555554
401b99999999999b,6.900000000000001
4017000000000000,5.75
402b99999999999b,13.800000000000002
400eaaaaaaaaaaab,3.8333333333333335
4007000000000000,2.875
4000ba2e8ba2e8ba,2.090909090909091
403b99999999999b,27.600000000000005
3ffeaaaaaaaaaaab,1.9166666666666667
3ffc4ec4ec4ec4ec,1.7692307692307692
3ffa492492492492,1.6428571428571428
4041400000000000,34.5
3ff8888888888889,1.5333333333333334
3ff7000000000000,1.4375
3ff5a5a5a5a5a5a6,1.3529411764705883
4044b33333333333,41.4
3ff471c71c71c71c,1.2777777777777777
3ff35e50d79435e5,1.2105263157894737
4047000000000000,46.0
3ff2666666666666,1.15
3ff1861861861862,1.0952380952380953
40494ccccccccccd,50.6
3ff0ba2e8ba2e8ba,1.0454545454545454
404a733333333334,52.900000000000006
404b99999999999b,55.20000000000001
3feeaaaaaaaaaaab,0.9583333333333334
404cc00000000000,57.5
3fed70a3d70a3d71,0.92
3fec4ec4ec4ec4ec,0.8846153846153846
404f0ccccccccccd,62.1
3feb425ed097b426,0.8518518518518519
3fea492492492492,0.8214285714285714
4050accccccccccd,66.7
3fe9611a7b9611a8,0.7931034482758621
4051400000000000,69.0
3fe8888888888889,0.7666666666666667
4051d33333333333,71.3
3fe7bdef7bdef7be,0.7419354838709677
3fe7000000000000,0.71875
4052f9999999999a,75.9
3fe64d9364d9364e,0.696969696969697
3fe5a5a5a5a5a5a6,0.6764705882352942
4054200000000000,80.5
3fe5075075075075,0.6571428571428571
4054b33333333333,82.8
3fe471c71c71c71c,0.6388888888888888
4055466666666667,85.10000000000001
3fe3e45306eb3e45,0.6216216216216216
3fe35e50d79435e5,0.6052631578947368
40566ccccccccccd,89.7
3fe2df2df2df2df3,0.5897435897435898
4057000000000000,92.0
3fe2666666666666,0.575
4057933333333334,94.30000000000001
3fe1f3831f3831f4,0.5609756097560976
3fe1861861861862,0.5476190476190477
4058b99999999999,98.89999999999999
3fe11dc47711dc47,0.5348837209302325
40594ccccccccccd,101.2
3fe0ba2e8ba2e8ba,0.5227272727272727
4059e00000000000,103.5
3fe05b05b05b05b0,0.5111111111111111
405a733333333334,105.80000000000001
405b066666666667,108.10000000000001
3fdf51b3bea3677d,0.48936170212765956
405b99999999999b,110.40000000000002
3fdeaaaaaaaaaaab,0.4791666666666667
405c2ccccccccccd,112.7
3fde0a72f0539783,0.46938775510204084
405cc00000000000,115.0
3fdd70a3d70a3d71,0.46
403c19999999999a,28.1
405d533333333334,117.30000000000001
3fdcdcdcdcdcdcdd,0.45098039215686275
403c333333333333,28.2
405de66666666667,119.60000000000001
3fdc4ec4ec4ec4ec,0.4423076923076923
403c4ccccccccccd,28.3
405e79999999999b,121.90000000000002
3fdbc609a90e7d96,0.4339622641509434
403c666666666666,28.4
405f0ccccccccccd,124.2
3fdb425ed097b426,0.42592592592592593
405fa00000000000,126.5
3fdac37dac37dac3,0.41818181818181815
406019999999999a,128.8
3fda492492492492,0.4107142857142857
403cb33333333333,28.7
4060633333333333,131.1
3fd9d31674c59d31,0.40350877192982454
4060accccccccccd,133.4
3fd9611a7b9611a8,0.39655172413793105
403ce66666666666,28.9
4060f66666666667,135.70000000000002
3fd8f2fba9386823,0.3898305084745763
403d000000000000,29.0
4061400000000000,138.0
3fd8888888888889,0.38333333333333336
400b6db6db6db6db,3.4285714285714284
4001745d1745d174,2.1818181818181817
3ffd89d89d89d89e,1.8461538461538463
3ff6969696969697,1.411764705882353
3ff435e50d79435e,1.263157894736842
3ff0b21642c8590b,1.0434782608695652
3feeb851eb851eb8,0.96
3fea7b9611a7b961,0.8275862068965517
405299999999999a,74.4
3fe8c6318c6318c6,0.7741935483870968
3fe5f15f15f15f16,0.6857142857142857
4056333333333334,88.80000000000001
3fe4c1bacf914c1c,0.6486486486486487
405899999999999a,98.4
3fe2bb512bb512bb,0.5853658536585366
4059cccccccccccc,103.19999999999999
3fe1dc47711dc477,0.5581395348837209
405a666666666667,105.60000000000001
405b99999999999a,110.4
405c333333333334,112.80000000000001
3fe0572620ae4c41,0.5106382978723404
405cccccccccccce,115.20000000000002
3fdf58d0fac687d6,0.4897959183673469
403d19999999999a,29.1
405e99999999999a,122.4
403d333333333333,29.2
405f333333333334,124.80000000000001
403d4ccccccccccd,29.3
405fccccccccccce,127.20000000000002
3fdcfb2b78c13522,0.4528301886792453
403d666666666666,29.4
4060333333333334,129.60000000000002
3fdbed61bed61bed,0.43636363636363634
4060cccccccccccd,134.4
403db33333333333,29.7
406119999999999a,136.8
403dcccccccccccd,29.8
4061666666666667,139.20000000000002
403de66666666666,29.9
4061b33333333334,141.60000000000002
3fda08ad8f2fba94,0.4067796610169492
4062000000000000,144.0
4020aaaaaaaaaaab,8.333333333333334
400c924924924925,3.5714285714285716
400638e38e38e38e,2.7777777777777777
401e000000000001,7.500000000000001
4019000000000000,6.25
402e000000000001,15.000000000000002
4010aaaaaaaaaaab,4.166666666666667
4009000000000000,3.125
403b800000000001,27.500000000000004
40022e8ba2e8ba2f,2.272727272727273
403e000000000001,30.000000000000004
4000aaaaaaaaaaab,2.0833333333333335
3ffec4ec4ec4ec4f,1.9230769230769231
3ffc924924924925,1.7857142857142858
3ff9000000000000,1.5625
4045400000000001,42.50000000000001
3ff7878787878788,1.4705882352941178
3ff638e38e38e38e,1.3888888888888888
3ff50d79435e50d8,1.3157894736842106
3ff30c30c30c30c3,1.1904761904761905
404b800000000001,55.00000000000001
3ff22e8ba2e8ba2f,1.1363636363636365
404cc00000000001,57.50000000000001
3ff1642c8590b216,1.0869565217391304
404e000000000001,60.00000000000001
3ff0aaaaaaaaaaab,1.0416666666666667
404f400000000000,62.5
3feec4ec4ec4ec4f,0.9615384615384616
3feda12f684bda13,0.9259259259259259
3fec924924924925,0.8928571428571429
4052200000000001,72.50000000000001
3feb9611a7b9611a,0.8620689655172413
4053600000000000,77.5
3fe9ce739ce739ce,0.8064516129032258
3fe9000000000000,0.78125
3fe83e0f83e0f83e,0.7575757575757576
4055400000000001,85.00000000000001
3fe7878787878788,0.7352941176470589
4055e00000000000,87.5
3fe638e38e38e38e,0.6944444444444444
4057200000000000,92.5
3fe59f22983759f2,0.6756756756756757
3fe50d79435e50d8,0.6578947368421053
4058600000000001,97.50000000000001
3fe4834834834835,0.6410256410256411
4059a00000000001,102.50000000000001
3fe3831f3831f383,0.6097560975609756
3fe30c30c30c30c3,0.5952380952380952
405ae00000000000,107.5
3fe29aca6b29aca7,0.5813953488372093
405b800000000001,110.00000000000001
3fe22e8ba2e8ba2f,0.5681818181818182
405c200000000000,112.5
405cc00000000001,115.00000000000001
3fe1642c8590b216,0.5434782608695652
405d600000000000,117.5
3fe10572620ae4c4,0.5319148936170213
405e000000000001,120.00000000000001
3fe0aaaaaaaaaaab,0.5208333333333334
405ea00000000001,122.50000000000001
3fe05397829cbc15,0.5102040816326531
405f400000000000,125.0
403e19999999999a,30.1
405fe00000000001,127.50000000000001
3fdf5f5f5f5f5f5f,0.49019607843137253
403e333333333333,30.2
4060400000000000,130.0
3fdec4ec4ec4ec4f,0.4807692307692308
403e4ccccccccccd,30.3
4060900000000001,132.50000000000003
3fde304d4873ecae,0.4716981132075472
403e666666666666,30.4
4060e00000000000,135.0
3fdda12f684bda13,0.46296296296296297
403e800000000000,30.5
4061300000000000,137.5
4061800000000000,140.0
3fdc924924924925,0.44642857142857145
403eb33333333333,30.7
4061d00000000000,142.5
3fdc11f7047dc11f,0.43859649122807015
403ecccccccccccd,30.8
4062200000000001,145.00000000000003
3fdb9611a7b9611a,0.43103448275862066
403ee66666666666,30.9
4062700000000000,147.5
3fdb1e5f75270d04,0.423728813559322
4062c00000000000,150.0
4021555555555555,8.666666666666666
400db6db6db6db6e,3.7142857142857144
40071c71c71c71c7,2.888888888888889
4002e8ba2e8ba2e9,2.3636363636363638
3ffbbbbbbbbbbbbc,1.7333333333333334
3ff8787878787878,1.5294117647058822
3ff5e50d79435e51,1.368421052631579
3ff3cf3cf3cf3cf4,1.2380952380952381
3ff21642c8590b21,1.1304347826086956
3ff0a3d70a3d70a4,1.04
3feed097b425ed09,0.9629629629629629
3fecb08d3dcb08d4,0.896551724137931
4054266666666667,80.60000000000001
3fead6b5ad6b5ad7,0.8387096774193549
3fe9364d9364d936,0.7878787878787878
4056c00000000000,91.0
3fe7c57c57c57c58,0.7428571428571429
40580ccccccccccd,96.2
3fe67c8a60dd67c9,0.7027027027027027
4058b33333333334,98.80000000000001
405959999999999a,101.4
405aa66666666667,106.60000000000001
3fe44aed44aed44b,0.6341463414634146
405bf33333333333,111.8
3fe3594d653594d6,0.6046511627906976
405d400000000000,117.0
3fe27d27d27d27d2,0.5777777777777777
405e8ccccccccccd,122.2
3fe1b3bea3677d47,0.5531914893617021
405fd9999999999a,127.4
3fe0fac687d6343f,0.5306122448979592
403f19999999999a,31.1
4060933333333334,132.60000000000002
3fe0505050505050,0.5098039215686274
403f333333333333,31.2
4060e66666666667,135.20000000000002
403f4ccccccccccd,31.3
406139999999999a,137.8
3fdf656f1826a43a,0.49056603773584906
403f666666666666,31.4
40618ccccccccccd,140.4
4061e00000000000,143.0
3fde4129e4129e41,0.4727272727272727
403f99999999999a,31.6
4062333333333334,145.60000000000002
403fb33333333333,31.7
4062866666666667,148.20000000000002
3fdd31674c59d316,0.45614035087719296
403fcccccccccccd,31.8
4062d9999999999a,150.8
403fe66666666666,31.9
40632ccccccccccd,153.4
3fdc34115b1e5f75,0.4406779661016949
4063800000000000,156.0
400edb6db6db6db7,3.857142857142857
401b000000000000,6.75
400b000000000000,3.375
4003a2e8ba2e8ba3,2.4545454545454546
40009d89d89d89d9,2.076923076923077
3ffedb6db6db6db7,1.9285714285714286
3ffb000000000000,1.6875
3ff9696969696969,1.588235294117647
3ff6bca1af286bca,1.4210526315789473
3ff599999999999a,1.35
3ff3a2e8ba2e8ba3,1.2272727272727273
404f0cccccccccce,62.10000000000001
3ff2c8590b21642d,1.173913043478261
3ff147ae147ae148,1.08
3ff09d89d89d89d9,1.0384615384615385
405239999999999a,72.9
3feedb6db6db6db7,0.9642857142857143
4053933333333334,78.30000000000001
3fedcb08d3dcb08d,0.9310344827586207
4054eccccccccccd,83.7
3febdef7bdef7bdf,0.8709677419354839
3feb000000000000,0.84375
4056466666666667,89.10000000000001
3fe9696969696969,0.7941176470588235
3fe8af8af8af8af9,0.7714285714285715
4058f9999999999a,99.9
3fe759f22983759f,0.7297297297297297
3fe6bca1af286bca,0.7105263157894737
405a533333333334,105.30000000000001
3fe599999999999a,0.675
405bacccccccccce,110.70000000000002
3fe512bb512bb513,0.6585365853658537
405d066666666666,116.1
3fe417d05f417d06,0.627906976744186
3fe3a2e8ba2e8ba3,0.6136363636363636
405e600000000000,121.5
405f0cccccccccce,124.20000000000002
3fe2c8590b21642d,0.5869565217391305
405fb9999999999a,126.9
3fe2620ae4c415ca,0.574468085106383
406089999999999a,132.3
3fe1a1f58d0fac68,0.5510204081632653
3fe147ae147ae148,0.54
40400ccccccccccd,32.1
4061366666666667,137.70000000000002
3fe09d89d89d89d9,0.5192307692307693
4040266666666666,32.3
4061e33333333334,143.10000000000002
3fe04d4873ecade3,0.5094339622641509
406239999999999a,145.8
4062900000000000,148.5
3fdf6b0df6b0df6b,0.4909090909090909
40404ccccccccccd,32.6
4062e66666666667,151.20000000000002
3fdedb6db6db6db7,0.48214285714285715
404059999999999a,32.7
40633ccccccccccd,153.9
4040666666666666,32.8
4063933333333334,156.60000000000002
3fddcb08d3dcb08d,0.46551724137931033
4063e9999999999a,159.3
3fdd49c34115b1e6,0.4576271186440678
4064400000000000,162.0
4022aaaaaaaaaaab,9.333333333333334
4008e38e38e38e39,3.111111111111111
40045d1745d1745d,2.5454545454545454
40013b13b13b13b1,2.1538461538461537
3ffdddddddddddde,1.8666666666666667
3ffa5a5a5a5a5a5a,1.6470588235294117
3ff79435e50d7943,1.4736842105263157
3ff37a6f4de9bd38,1.2173913043478262
3ff1eb851eb851ec,1.12
3ff097b425ed097b,1.037037037037037
3feee58469ee5847,0.9655172413793104
4055b33333333333,86.8
3fece739ce739ce7,0.9032258064516129
3feb26c9b26c9b27,0.8484848484848485
4057ccccccccccce,95.20000000000002
4059333333333333,100.8
4059e66666666667,103.60000000000001
3fe83759f2298376,0.7567567567567568
405b4cccccccccce,109.20000000000002
3fe6f96f96f96f97,0.717948717948718
405c000000000000,112.0
405cb33333333334,114.80000000000001
3fe5da895da895db,0.6829268292682927
405e199999999999,120.39999999999999
3fe4d653594d6536,0.6511627906976745
3fe3e93e93e93e94,0.6222222222222222
4060733333333333,131.6
3fe310572620ae4c,0.5957446808510638
4060ccccccccccce,134.40000000000003
4061266666666667,137.20000000000002
40408ccccccccccd,33.1
4061d9999999999a,142.8
3fe1919191919192,0.5490196078431373
404099999999999a,33.2
4062333333333333,145.6
4040a66666666666,33.3
40628cccccccccce,148.40000000000003
3fe0e7d95bc609a9,0.5283018867924528
4040b33333333333,33.4
4040c00000000000,33.5
4063400000000000,154.0
3fe04a7904a7904a,0.509090909090909
406399999999999a,156.8
4040d9999999999a,33.7
4063f33333333333,159.6
3fdf7047dc11f704,0.49122807017543857
4040e66666666666,33.8
40644cccccccccce,162.40000000000003
4040f33333333333,33.9
4064a66666666667,165.20000000000002
3fde5f75270d0457,0.4745762711864407
4065000000000000,168.0
4023555555555555,9.666666666666666
4010924924924925,4.142857142857143
4009c71c71c71c72,3.2222222222222223
401d000000000000,7.25
4013555555555555,4.833333333333333
400d000000000000,3.625
403fe66666666667,31.900000000000002
40051745d1745d17,2.6363636363636362
4003555555555555,2.4166666666666665
4001d89d89d89d8a,2.230769230769231
40444ccccccccccd,40.6
4000924924924925,2.0714285714285716
4045c00000000000,43.5
3ffeeeeeeeeeeeef,1.9333333333333333
3ffd000000000000,1.8125
3ffb4b4b4b4b4b4b,1.7058823529411764
3ff9c71c71c71c72,1.6111111111111112
404b8ccccccccccd,55.1
3ff86bca1af286bd,1.5263157894736843
404d000000000000,58.0
3ff7333333333333,1.45
3ff6186186186186,1.380952380952381
404fe66666666667,63.800000000000004
3ff51745d1745d17,1.3181818181818181
3ff42c8590b21643,1.2608695652173914
3ff3555555555555,1.2083333333333333
4052200000000000,72.5
3ff28f5c28f5c28f,1.16
3ff1d89d89d89d8a,1.1153846153846154
3ff12f684bda12f7,1.0740740740740742
40544ccccccccccd,81.2
3ff0924924924925,1.0357142857142858
4055066666666667,84.10000000000001
4055c00000000000,87.0
3feeeeeeeeeeeeef,0.9666666666666667
405679999999999a,89.9
3fedef7bdef7bdef,0.9354838709677419
3fed000000000000,0.90625
4057eccccccccccd,95.7
3fec1f07c1f07c1f,0.8787878787878788
3feb4b4b4b4b4b4b,0.8529411764705882
4059600000000000,101.5
3fea83a83a83a83b,0.8285714285714286
3fe9c71c71c71c72,0.8055555555555556
405ad33333333334,107.30000000000001
3fe914c1bacf914c,0.7837837837837838
405b8ccccccccccd,110.2
3fe86bca1af286bd,0.7631578947368421
405c466666666667,113.10000000000001
3fe7cb7cb7cb7cb8,0.7435897435897436
405d000000000000,116.0
3fe7333333333333,0.725
405db9999999999b,118.90000000000002
3fe6a2576a2576a2,0.7073170731707317
3fe6186186186186,0.6904761904761905
405f2ccccccccccc,124.69999999999999
3fe594d653594d65,0.6744186046511628
405fe66666666667,127.60000000000001
3fe51745d1745d17,0.6590909090909091
4060500000000000,130.5
3fe49f49f49f49f5,0.6444444444444445
3fe42c8590b21643,0.6304347826086957
406109999999999a,136.3
3fe3bea3677d46cf,0.6170212765957447
3fe3555555555555,0.6041666666666666
4061c33333333334,142.10000000000002
3fe2f05397829cbc,0.5918367346938775
4062200000000000,145.0
3fe28f5c28f5c28f,0.58
40627ccccccccccd,147.9
3fe2323232323232,0.5686274509803921
3fe1d89d89d89d8a,0.5576923076923077
4041266666666666,34.3
4063366666666667,153.70000000000002
3fe1826a439f656f,0.5471698113207547
3fe12f684bda12f7,0.5370370370370371
4063f00000000000,159.5
3fe0df6b0df6b0df,0.5272727272727272
40414ccccccccccd,34.6
40644ccccccccccd,162.4
3fe0924924924925,0.5178571428571429
404159999999999a,34.7
4064a9999999999a,165.3
3fe047dc11f7047e,0.5087719298245614
4041666666666666,34.8
4065066666666667,168.20000000000002
4041733333333333,34.9
4065633333333334,171.10000000000002
3fdf75270d0456c8,0.4915254237288136
4065c00000000000,174.0
3fdeeeeeeeeeeeef,0.48333333333333334
4011249249249249,4.285714285714286
4005d1745d1745d1,2.727272727272727
4002762762762762,2.3076923076923075
3ffc3c3c3c3c3c3c,1.7647058823529411
3ff9435e50d79436,1.5789473684210527
3ff4de9bd37a6f4e,1.3043478260869565
3ff08d3dcb08d3dd,1.0344827586206897
4057400000000000,93.0
3feef7bdef7bdef8,0.967741935483871
4058c00000000001,99.00000000000001
405bc00000000000,111.0
3fe9f22983759f23,0.8108108108108109
405c800000000001,114.00000000000001
405d400000000001,117.00000000000001
405ec00000000001,123.00000000000001
3fe76a2576a2576a,0.7317073170731707
4060200000000000,129.0
3fe653594d653595,0.6976744186046512
4061400000000001,138.00000000000003
4061a00000000000,141.0
3fe46cefa8d9df52,0.6382978723404256
4062000000000001,144.00000000000003
4062600000000000,147.0
3fe397829cbc14e6,0.6122448979591837
4063200000000001,153.00000000000003
4041a66666666666,35.3
4063e00000000001,159.00000000000003
3fe21cfb2b78c135,0.5660377358490566
4041b33333333333,35.4
4041c00000000000,35.5
4064a00000000000,165.0
4041cccccccccccd,35.6
4065000000000001,168.00000000000003
4065600000000000,171.0
4041e66666666666,35.8
4065c00000000001,174.00000000000003
4041f33333333333,35.9
4066200000000000,177.0
3fe0456c797dd49c,0.5084745762711864
4066800000000000,180.0
4024aaaaaaaaaaab,10.333333333333334
4011b6db6db6db6e,4.428571428571429
400b8e38e38e38e4,3.4444444444444446
401f000000000000,7.75
4014aaaaaaaaaaab,5.166666666666667
4035b33333333334,21.700000000000003
400f000000000000,3.875
40068ba2e8ba2e8c,2.8181818181818183
4004aaaaaaaaaaab,2.5833333333333335
400313b13b13b13b,2.3846153846153846
4045b33333333334,43.400000000000006
4001b6db6db6db6e,2.2142857142857144
4000888888888889,2.066666666666667
3fff000000000000,1.9375
3ffd2d2d2d2d2d2d,1.8235294117647058
3ffb8e38e38e38e4,1.7222222222222223
404d733333333334,58.900000000000006
3ffa1af286bca1af,1.631578947368421
3ff8cccccccccccd,1.55
3ff79e79e79e79e8,1.4761904761904763
3ff68ba2e8ba2e8c,1.4090909090909092
4051d33333333334,71.30000000000001
3ff590b21642c859,1.3478260869565217
3ff4aaaaaaaaaaab,1.2916666666666667
3ff3d70a3d70a3d7,1.24
3ff313b13b13b13b,1.1923076923076923
3ff25ed097b425ed,1.1481481481481481
4055b33333333334,86.80000000000001
3ff1b6db6db6db6e,1.1071428571428572
3ff11a7b9611a7b9,1.0689655172413792
3ff0888888888889,1.0333333333333334
4058066666666667,96.10000000000001
4058cccccccccccd,99.2
3fef000000000000,0.96875
4059933333333334,102.30000000000001
3fee0f83e0f83e10,0.9393939393939394
405a59999999999a,105.4
3fed2d2d2d2d2d2d,0.9117647058823529
405b200000000000,108.5
3fec57c57c57c57c,0.8857142857142857
405be66666666667,111.60000000000001
3feb8e38e38e38e4,0.8611111111111112
405caccccccccccd,114.7
3feacf914c1bacf9,0.8378378378378378
405d733333333334,117.80000000000001
3fea1af286bca1af,0.8157894736842105
405e39999999999a,120.9
3fe96f96f96f96f9,0.7948717948717948
405f000000000000,124.0
3fe8cccccccccccd,0.775
405fc66666666668,127.10000000000002
3fe831f3831f3832,0.7560975609756098
4060466666666667,130.20000000000002
3fe79e79e79e79e8,0.7380952380952381
4060a99999999999,133.29999999999998
3fe711dc47711dc4,0.7209302325581395
40610ccccccccccd,136.4
3fe68ba2e8ba2e8c,0.7045454545454546
4061700000000000,139.5
3fe60b60b60b60b6,0.6888888888888889
4061d33333333334,142.60000000000002
3fe590b21642c859,0.6739130434782609
4062366666666667,145.70000000000002
3fe51b3bea3677d4,0.6595744680851063
406299999999999a,148.8
3fe4aaaaaaaaaaab,0.6458333333333334
4062fccccccccccd,151.9
3fe43eb1a1f58d10,0.6326530612244898
4063600000000000,155.0
3fe3d70a3d70a3d7,0.62
4063c33333333334,158.10000000000002
3fe3737373737373,0.6078431372549019
404219999999999a,36.2
4064266666666667,161.20000000000002
3fe313b13b13b13b,0.5961538461538461
4042266666666666,36.3
406489999999999a,164.3
3fe2b78c13521cfb,0.5849056603773585
4064eccccccccccd,167.4
3fe25ed097b425ed,0.5740740740740741
4042400000000000,36.5
4065500000000000,170.5
3fe2094f2094f209,0.5636363636363636
40424ccccccccccd,36.6
4065b33333333334,173.60000000000002
3fe1b6db6db6db6e,0.5535714285714286
404259999999999a,36.7
4066166666666667,176.70000000000002
3fe1674c59d31675,0.543859649122807
4042666666666666,36.8
406679999999999a,179.8
3fe11a7b9611a7b9,0.5344827586206896
4042733333333333,36.9
4066dccccccccccd,182.9
3fe0d0456c797dd5,0.5254237288135594
4067400000000000,186.0
3fe0888888888889,0.5166666666666667
4025555555555555,10.666666666666666
4012492492492492,4.571428571428571
400c71c71c71c71c,3.5555555555555554
400745d1745d1746,2.909090909090909
4003b13b13b13b14,2.4615384615384617
4001111111111111,2.1333333333333333
3ffe1e1e1e1e1e1e,1.8823529411764706
3ffaf286bca1af28,1.6842105263157894
3ff8618618618618,1.5238095238095237
3ff642c8590b2164,1.391304347826087
3ff47ae147ae147b,1.28
3ff2f684bda12f68,1.1851851851851851
3ff1a7b9611a7b96,1.103448275862069
3ff0842108421084,1.032258064516129
405999999999999a,102.4
3fef07c1f07c1f08,0.9696969696969697
405b333333333334,108.80000000000001
3fed41d41d41d41d,0.9142857142857143
405ccccccccccccd,115.2
405d99999999999a,118.4
3febacf914c1bad0,0.8648648648648649
405e666666666667,121.60000000000001
3fea41a41a41a41a,0.8205128205128205
4060000000000000,128.0
4060666666666667,131.20000000000002
3fe8f9c18f9c18fa,0.7804878048780488
4061333333333333,137.6
3fe7d05f417d05f4,0.7441860465116279
406199999999999a,140.8
3fe6c16c16c16c17,0.7111111111111111
4062666666666667,147.20000000000002
4062cccccccccccd,150.4
3fe5c9882b931057,0.6808510638297872
4063333333333334,153.60000000000002
3fe4e5e0a72f0539,0.6530612244897959
4064000000000000,160.0
40428ccccccccccd,37.1
4064666666666667,163.20000000000002
3fe4141414141414,0.6274509803921569
4064cccccccccccd,166.4
4042a66666666666,37.3
4065333333333334,169.60000000000002
3fe3521cfb2b78c1,0.6037735849056604
4042b33333333333,37.4
406599999999999a,172.8
4066000000000000,176.0
3fe29e4129e4129e,0.5818181818181818
4066666666666667,179.20000000000002
4066cccccccccccd,182.4
3fe1f7047dc11f70,0.5614035087719298
4042e66666666666,37.8
4067333333333334,185.60000000000002
4042f33333333333,37.9
406799999999999a,188.8
3fe15b1e5f75270d,0.5423728813559322
4068000000000000,192.0
4012db6db6db6db7,4.714285714285714
4023ccccccccccce,9.900000000000002
4020800000000000,8.25
4033ccccccccccce,19.800000000000004
4010800000000000,4.125
4043ccccccccccce,39.60000000000001
4045733333333333,42.9
40044ec4ec4ec4ec,2.5384615384615383
4002db6db6db6db7,2.357142857142857
4000800000000000,2.0625
3fff0f0f0f0f0f0f,1.9411764705882353
404db33333333333,59.4
3ffbca1af286bca2,1.736842105263158
3ffa666666666666,1.65
4051533333333333,69.3
3ff6f4de9bd37a6f,1.434782608695652
4053ccccccccccce,79.20000000000002
3ff51eb851eb851f,1.32
4055733333333333,85.8
3ff44ec4ec4ec4ec,1.2692307692307692
3ff2db6db6db6db7,1.1785714285714286
4057ecccccccccce,95.70000000000002
3ff234f72c234f73,1.1379310344827587
4059933333333333,102.3
3ff1084210842108,1.064516129032258
3ff0800000000000,1.03125
405b39999999999a,108.9
3fef0f0f0f0f0f0f,0.9705882352941176
3fee2be2be2be2be,0.9428571428571428
405db33333333333,118.8
405e866666666667,122.10000000000001
3fec8a60dd67c8a6,0.8918918918918919
3febca1af286bca2,0.868421052631579
4060166666666667,128.70000000000002
3fea666666666666,0.825
4060e9999999999a,135.3
3fe9c18f9c18f9c2,0.8048780487804879
4061533333333333,138.6
4061bccccccccccd,141.9
3fe88ee23b88ee24,0.7674418604651163
4062266666666667,145.20000000000002
4062f9999999999a,151.8
3fe6f4de9bd37a6f,0.717391304347826
4063633333333333,155.1
3fe677d46cefa8da,0.7021276595744681
4063ccccccccccce,158.40000000000003
4064366666666667,161.70000000000002
3fe58d0fac687d63,0.673469387755102
3fe51eb851eb851f,0.66
40430ccccccccccd,38.1
406509999999999a,168.3
404319999999999a,38.2
4065733333333333,171.6
3fe44ec4ec4ec4ec,0.6346153846153846
4043266666666666,38.3
4065dcccccccccce,174.90000000000003
3fe3ecade304d487,0.6226415094339622
4043333333333333,38.4
4066466666666667,178.20000000000002
4066b00000000000,181.5
40434ccccccccccd,38.6
406719999999999a,184.8
3fe2db6db6db6db7,0.5892857142857143
404359999999999a,38.7
4067833333333333,188.1
4043666666666666,38.8
4067ecccccccccce,191.40000000000003
3fe234f72c234f73,0.5689655172413793
4043733333333333,38.9
4068566666666667,194.70000000000002
3fe1e5f75270d045,0.559322033898305
4068c00000000000,198.0
4026aaaaaaaaaaab,11.333333333333334
40136db6db6db6db,4.857142857142857
400e38e38e38e38e,3.7777777777777777
4008ba2e8ba2e8ba,3.090909090909091
4004ec4ec4ec4ec5,2.6153846153846154
4002222222222222,2.2666666666666666
3ffca1af286bca1b,1.7894736842105263
3ff9e79e79e79e7a,1.619047619047619
3ff7a6f4de9bd37a,1.4782608695652173
3ff5c28f5c28f5c3,1.36
3ff425ed097b425f,1.2592592592592593
3ff2c234f72c234f,1.1724137931034482
3ff18c6318c6318c,1.096774193548387
405c0ccccccccccd,112.2
3ff07c1f07c1f07c,1.0303030303030303
405ce66666666667,115.60000000000001
405dc00000000000,119.0
3fef15f15f15f15f,0.9714285714285714
405f733333333334,125.80000000000001
3fed67c8a60dd67d,0.918918918918919
4060266666666667,129.20000000000002
3febe5be5be5be5c,0.8717948717948718
4061000000000000,136.0
40616ccccccccccd,139.4
3fea895da895da89,0.8292682926829268
4062466666666666,146.2
3fe94d653594d653,0.7906976744186046
4062b33333333334,149.60000000000002
4063200000000000,153.0
3fe82d82d82d82d8,0.7555555555555555
40638ccccccccccd,156.4
4063f9999999999a,159.8
3fe72620ae4c415d,0.723404255319149
4064d33333333334,166.60000000000002
3fe6343eb1a1f58d,0.6938775510204082
4065400000000000,170.0
4065accccccccccd,173.4
406619999999999a,176.8
4043a66666666666,39.3
4066866666666667,180.20000000000002
3fe4873ecade304d,0.6415094339622641
4043b33333333333,39.4
4066f33333333334,183.60000000000002
4043c00000000000,39.5
4067600000000000,187.0
3fe3c8253c8253c8,0.6181818181818182
4067cccccccccccd,190.4
4043d9999999999a,39.7
406839999999999a,193.8
3fe31674c59d3167,0.5964912280701754
4043e66666666666,39.8
4068a66666666667,197.20000000000002
4069133333333334,200.60000000000002
3fe270d0456c797e,0.576271186440678
4069800000000000,204.0
4027555555555555,11.666666666666666
400f1c71c71c71c7,3.888888888888889
4021800000000000,8.75
4017555555555555,5.833333333333333
4038800000000001,24.500000000000004
4011800000000000,4.375
4009745d1745d174,3.1818181818181817
4007555555555555,2.9166666666666665
400589d89d89d89e,2.6923076923076925
4048800000000001,49.00000000000001
4001800000000000,2.1875
404dc00000000001,59.50000000000001
4000787878787878,2.0588235294117645
3fff1c71c71c71c7,1.9444444444444444
3ffd79435e50d794,1.8421052631578947
3ff9745d1745d174,1.5909090909090908
4054200000000001,80.50000000000001
3ff8590b21642c86,1.5217391304347827
3ff7555555555555,1.4583333333333333
3ff589d89d89d89e,1.3461538461538463
3ff4bda12f684bda,1.2962962962962963
4058800000000001,98.00000000000001
4059600000000001,101.50000000000001
3ff34f72c234f72c,1.206896551724138
3ff2108421084211,1.1290322580645162
3ff1800000000000,1.09375
405ce00000000001,115.50000000000001
3ff0f83e0f83e0f8,1.0606060606060606
405dc00000000001,119.00000000000001
3ff0787878787878,1.0294117647058822
405ea00000000000,122.5
3fef1c71c71c71c7,0.9722222222222222
4060300000000000,129.5
3fee45306eb3e453,0.9459459459459459
4060a00000000000,133.0
3fed79435e50d794,0.9210526315789473
4061100000000000,136.5
3fecb7cb7cb7cb7d,0.8974358974358975
4061f00000000001,143.50000000000003
3feb512bb512bb51,0.8536585365853658
4062d00000000000,150.5
3fea0be82fa0be83,0.813953488372093
3fe9745d1745d174,0.7954545454545454
4063b00000000000,157.5
4064200000000001,161.00000000000003
3fe8590b21642c86,0.7608695652173914
4064900000000000,164.5
3fe7d46cefa8d9df,0.7446808510638298
3fe7555555555555,0.7291666666666666
4065700000000000,171.5
4065e00000000000,175.0
40440ccccccccccd,40.1
4066500000000001,178.50000000000003
3fe5f5f5f5f5f5f6,0.6862745098039216
404419999999999a,40.2
4066c00000000000,182.0
3fe589d89d89d89e,0.6730769230769231
4044266666666666,40.3
4067300000000001,185.50000000000003
3fe521cfb2b78c13,0.660377358490566
4044333333333333,40.4
4067a00000000000,189.0
3fe4bda12f684bda,0.6481481481481481
4068100000000000,192.5
4068800000000001,196.00000000000003
4068f00000000000,199.5
3fe3a62ce98b3a63,0.6140350877192983
4044666666666666,40.8
4069600000000001,203.00000000000003
3fe34f72c234f72c,0.603448275862069
4044733333333333,40.9
4069d00000000000,206.5
3fe2fba9386822b6,0.5932203389830508
4044800000000000,41.0
406a400000000000,210.0
4014924924924925,5.142857142857143
400a2e8ba2e8ba2f,3.272727272727273
4006276276276276,2.769230769230769
4000f0f0f0f0f0f1,2.1176470588235294
3ffe50d79435e50d,1.894736842105263
3ff90b21642c8591,1.565217391304348
3ff70a3d70a3d70a,1.44
3ff3dcb08d3dcb09,1.2413793103448276
3ff294a5294a5295,1.1612903225806452
3ff0750750750750,1.0285714285714285
4060333333333333,129.6
4060a66666666667,133.20000000000002
3fef22983759f22a,0.972972972972973
4062733333333334,147.60000000000002
3fec18f9c18f9c19,0.8780487804878049
4063599999999999,154.79999999999998
3feaca6b29aca6b3,0.8372093023255814
4063cccccccccccd,158.4
4064b33333333334,165.60000000000002
4065266666666667,169.20000000000002
3fe882b931057262,0.7659574468085106
40660ccccccccccd,176.4
3fe7829cbc14e5e1,0.7346938775510204
40448ccccccccccd,41.1
404499999999999a,41.2
4067666666666667,187.20000000000002
4044a66666666666,41.3
4067d9999999999a,190.8
3fe5bc609a90e7d9,0.6792452830188679
40684ccccccccccd,194.4
4044c00000000000,41.5
3fe4f2094f2094f2,0.6545454545454545
4069333333333334,201.60000000000002
4044d9999999999a,41.7
4069a66666666667,205.20000000000002
4044e66666666666,41.8
406a19999999999a,208.8
4044f33333333333,41.9
406a8ccccccccccd,212.4
3fe386822b63cbef,0.6101694915254238
406b000000000000,216.0
4028aaaaaaaaaaab,12.333333333333334
4015249249249249,5.285714285714286
401071c71c71c71c,4.111111111111111
4022800000000000,9.25
4018aaaaaaaaaaab,6.166666666666667
4012800000000000,4.625
400ae8ba2e8ba2e9,3.3636363636363638
4008aaaaaaaaaaab,3.0833333333333335
4006c4ec4ec4ec4f,2.8461538461538463
4005249249249249,2.642857142857143
4003bbbbbbbbbbbc,2.466666666666667
4002800000000000,2.3125
4001696969696969,2.176470588235294
400071c71c71c71c,2.0555555555555554
4051933333333334,70.30000000000001
3fff286bca1af287,1.9473684210526316
3ffd99999999999a,1.85
3ffc30c30c30c30c,1.7619047619047619
3ffae8ba2e8ba2e9,1.6818181818181819
3ff9bd37a6f4de9c,1.608695652173913
3ff8aaaaaaaaaaab,1.5416666666666667
3ff7ae147ae147ae,1.48
3ff6c4ec4ec4ec4f,1.4230769230769231
3ff5ed097b425ed1,1.3703703703703705
3ff5249249249249,1.3214285714285714
3ff469ee58469ee6,1.2758620689655173
3ff3bbbbbbbbbbbc,1.2333333333333334
3ff318c6318c6319,1.1935483870967742
3ff2800000000000,1.15625
3ff1f07c1f07c1f0,1.121212121212121
3ff1696969696969,1.088235294117647
3ff0ea0ea0ea0ea1,1.0571428571428572
3ff071c71c71c71c,1.0277777777777777
40611ccccccccccd,136.9
4061933333333334,140.60000000000002
3fef286bca1af287,0.9736842105263158
406209999999999a,144.3
3fee5be5be5be5be,0.9487179487179487
4062800000000000,148.0
3fed99999999999a,0.925
4062f66666666667,151.70000000000002
3fece0c7ce0c7ce1,0.9024390243902439
40636ccccccccccd,155.4
3fec30c30c30c30c,0.8809523809523809
4063e33333333333,159.1
3feb88ee23b88ee2,0.8604651162790697
406459999999999a,162.8
3feae8ba2e8ba2e9,0.8409090909090909
4064d00000000000,166.5
3fea4fa4fa4fa4fa,0.8222222222222222
4065466666666667,170.20000000000002
3fe9bd37a6f4de9c,0.8043478260869565
4065bccccccccccd,173.9
3fe9310572620ae5,0.7872340425531915
4066333333333334,177.60000000000002
3fe8aaaaaaaaaaab,0.7708333333333334
4066a9999999999a,181.3
3fe829cbc14e5e0a,0.7551020408163265
4067200000000000,185.0
3fe7ae147ae147ae,0.74
40450ccccccccccd,42.1
4067966666666667,188.70000000000002
3fe7373737373737,0.7254901960784313
404519999999999a,42.2
40680ccccccccccd,192.4
3fe6c4ec4ec4ec4f,0.7115384615384616
4045266666666666,42.3
4068833333333334,196.10000000000002
3fe656f1826a439f,0.6981132075471698
4045333333333333,42.4
4068f9999999999a,199.8
3fe5ed097b425ed1,0.6851851851851852
4069700000000000,203.5
3fe586fb586fb587,0.6727272727272727
40454ccccccccccd,42.6
4069e66666666667,207.20000000000002
3fe5249249249249,0.6607142857142857
404559999999999a,42.7
406a5ccccccccccd,210.9
3fe4c59d31674c5a,0.6491228070175439
4045666666666666,42.8
406ad33333333334,214.60000000000002
3fe469ee58469ee6,0.6379310344827587
406b49999999999a,218.3
3fe4115b1e5f7527,0.6271186440677966
406bc00000000000,222.0
3fe3bbbbbbbbbbbc,0.6166666666666667
4029555555555555,12.666666666666666
4015b6db6db6db6e,5.428571428571429
4010e38e38e38e39,4.222222222222222
400ba2e8ba2e8ba3,3.4545454545454546
4007627627627627,2.923076923076923
4004444444444444,2.533333333333333
4001e1e1e1e1e1e2,2.235294117647059
3ffcf3cf3cf3cf3d,1.8095238095238095
3ffa6f4de9bd37a7,1.6521739130434783
3ff851eb851eb852,1.52
3ff684bda12f684c,1.4074074074074074
3ff4f72c234f72c2,1.3103448275862069
405d733333333333,117.8
3ff39ce739ce739d,1.2258064516129032
3ff26c9b26c9b26d,1.1515151515151516
3ff15f15f15f15f1,1.0857142857142856
4061933333333333,140.6
3ff06eb3e45306eb,1.027027027027027
40620ccccccccccd,144.4
3fef2df2df2df2df,0.9743589743589743
4063000000000000,152.0
406379999999999a,155.8
3feda895da895da9,0.926829268292683
40646ccccccccccd,163.4
3fec47711dc47712,0.8837209302325582
4064e66666666667,167.20000000000002
3feb05b05b05b05b,0.8444444444444444
4065d9999999999a,174.8
4066533333333333,178.6
3fe9df51b3bea367,0.8085106382978723
4066ccccccccccce,182.40000000000003
4067466666666667,186.20000000000002
3fe8d0fac687d634,0.7755102040816326
4067c00000000000,190.0
40458ccccccccccd,43.1
3fe7d7d7d7d7d7d8,0.7450980392156863
4068b33333333333,197.6
4045a66666666666,43.3
40692cccccccccce,201.40000000000003
3fe6f1826a439f65,0.7169811320754716
406a200000000000,209.0
3fe61bed61bed61c,0.6909090909090909
4045cccccccccccd,43.6
406a99999999999a,212.8
406b133333333333,216.6
4045e66666666666,43.8
406b8cccccccccce,220.40000000000003
4045f33333333333,43.9
406c066666666667,224.20000000000002
3fe49c34115b1e5f,0.6440677966101694
406c800000000000,228.0
4016492492492492,5.571428571428571
4023800000000000,9.75
4013800000000000,4.875
400c5d1745d1745d,3.5454545454545454
4006492492492492,2.7857142857142856
4003800000000000,2.4375
40025a5a5a5a5a5a,2.2941176470588234
40006bca1af286bd,2.0526315789473686
3fff333333333333,1.95
3ffc5d1745d1745d,1.7727272727272727
40566cccccccccce,89.70000000000002
3ffb21642c8590b2,1.6956521739130435
4058600000000000,97.5
3ff8f5c28f5c28f6,1.56
3ff6492492492492,1.3928571428571428
3ff58469ee58469f,1.3448275862068966
3ff4210842108421,1.2580645161290323
3ff3800000000000,1.21875
3ff25a5a5a5a5a5a,1.1470588235294117
3ff1d41d41d41d42,1.1142857142857143
3ff0dd67c8a60dd6,1.054054054054054
3ff06bca1af286bd,1.0263157894736843
4063033333333334,152.10000000000002
3fef333333333333,0.975
4063fcccccccccce,159.90000000000003
3fee7063e7063e70,0.9512195121951219
406479999999999a,163.8
4064f66666666666,167.7
3fed05f417d05f41,0.9069767441860465
4065733333333334,171.60000000000002
3fec5d1745d1745d,0.8863636363636364
4065f00000000000,175.5
40666cccccccccce,179.40000000000003
3feb21642c8590b2,0.8478260869565217
4066e9999999999a,183.3
3fea8d9df51b3bea,0.8297872340425532
4067e33333333334,191.10000000000002
3fe97829cbc14e5e,0.7959183673469388
4068600000000000,195.0
3fe8f5c28f5c28f6,0.78
4068dcccccccccce,198.90000000000003
406959999999999a,202.8
4046266666666666,44.3
4069d66666666667,206.70000000000002
3fe78c13521cfb2b,0.7358490566037735
4046333333333333,44.4
406a533333333334,210.60000000000002
4046400000000000,44.5
406ad00000000000,214.5
3fe6b0df6b0df6b1,0.7090909090909091
40464ccccccccccd,44.6
406b4cccccccccce,218.40000000000003
3fe6492492492492,0.6964285714285714
404659999999999a,44.7
406bc9999999999a,222.3
4046666666666666,44.8
406c466666666667,226.20000000000002
3fe58469ee58469f,0.6724137931034483
4046733333333333,44.9
406cc33333333334,230.10000000000002
3fe5270d0456c798,0.6610169491525424
406d400000000000,234.0
402aaaaaaaaaaaab,13.333333333333334
4016db6db6db6db7,5.714285714285714
4011c71c71c71c72,4.444444444444445
400d1745d1745d17,3.6363636363636362
40089d89d89d89d9,3.076923076923077
4002d2d2d2d2d2d3,2.3529411764705883
4000d79435e50d79,2.1052631578947367
3ffe79e79e79e79e,1.9047619047619047
3ffbd37a6f4de9bd,1.7391304347826086
3ff7b425ed097b42,1.4814814814814814
3ff611a7b9611a7c,1.3793103448275863
3ff4a5294a5294a5,1.2903225806451613
3ff364d9364d9365,1.2121212121212122
3ff14c1bacf914c2,1.0810810810810811
3ff0690690690690,1.0256410256410255
4064800000000001,164.00000000000003
3fef3831f3831f38,0.975609756097561
4065800000000000,172.0
3fedc47711dc4771,0.9302325581395349
4067000000000001,184.00000000000003
4067800000000000,188.0
3feb3bea3677d46d,0.851063829787234
4068000000000001,192.00000000000003
4068800000000000,196.0
3fea1f58d0fac688,0.8163265306122449
4069000000000000,200.0
40468ccccccccccd,45.1
4069800000000001,204.00000000000003
3fe9191919191919,0.7843137254901961
404699999999999a,45.2
406a000000000000,208.0
4046a66666666666,45.3
406a800000000001,212.00000000000003
3fe826a439f656f2,0.7547169811320755
4046b33333333333,45.4
406b800000000000,220.0
406c000000000001,224.00000000000003
4046d9999999999a,45.7
3fe674c59d31674c,0.7017543859649122
4046e66666666666,45.8
406d000000000001,232.00000000000003
4046f33333333333,45.9
406d800000000000,236.0
3fe5b1e5f75270d0,0.6779661016949152
406e000000000000,240.0
402b555555555555,13.666666666666666
40176db6db6db6db,5.857142857142857
401238e38e38e38e,4.555555555555555
402899999999999b,12.300000000000002
4024800000000000,10.25
403899999999999b,24.600000000000005
401b555555555555,6.833333333333333
4014800000000000,5.125
400dd1745d1745d1,3.727272727272727
404899999999999b,49.20000000000001
400b555555555555,3.4166666666666665
40093b13b13b13b1,3.1538461538461537
40076db6db6db6db,2.9285714285714284
404ec00000000000,61.5
4005ddddddddddde,2.7333333333333334
4004800000000000,2.5625
40034b4b4b4b4b4b,2.411764705882353
4052733333333333,73.8
400238e38e38e38e,2.2777777777777777
4001435e50d79436,2.1578947368421053
4054800000000000,82.0
4000666666666666,2.05
3fff3cf3cf3cf3cf,1.9523809523809523
40568ccccccccccd,90.2
3ffdd1745d1745d1,1.8636363636363635
3ffc8590b21642c8,1.7826086956521738
405899999999999b,98.40000000000002
3ffb555555555555,1.7083333333333333
4059a00000000000,102.5
3ffa3d70a3d70a3d,1.64
3ff93b13b13b13b1,1.5769230769230769
405baccccccccccd,110.7
3ff84bda12f684be,1.5185185185185186
3ff76db6db6db6db,1.4642857142857142
3ff69ee58469ee58,1.4137931034482758
405ec00000000000,123.0
3ff5ddddddddddde,1.3666666666666667
405fc66666666667,127.10000000000001
3ff5294a5294a529,1.3225806451612903
3ff4800000000000,1.28125
3ff3e0f83e0f83e1,1.2424242424242424
3ff34b4b4b4b4b4b,1.2058823529411764
4061f00000000000,143.5
3ff2be2be2be2be3,1.1714285714285715
4062733333333333,147.6
3ff238e38e38e38e,1.1388888888888888
3ff1bacf914c1bad,1.1081081081081081
3ff1435e50d79436,1.0789473684210527
4063fccccccccccd,159.9
3ff0d20d20d20d21,1.0512820512820513
4064800000000000,164.0
3ff0666666666666,1.025
4065033333333334,168.10000000000002
4065866666666667,172.20000000000002
3fef3cf3cf3cf3cf,0.9761904761904762
4066099999999999,176.29999999999998
3fee82fa0be82fa1,0.9534883720930233
40668ccccccccccd,180.4
3fedd1745d1745d1,0.9318181818181818
4067100000000000,184.5
3fed27d27d27d27d,0.9111111111111111
4067933333333334,188.60000000000002
3fec8590b21642c8,0.8913043478260869
4068166666666667,192.70000000000002
3febea3677d46cf0,0.8723404255319149
406899999999999b,196.80000000000004
3feb555555555555,0.8541666666666666
40691ccccccccccd,200.9
3feac687d6343eb2,0.8367346938775511
4069a00000000000,205.0
3fea3d70a3d70a3d,0.82
40470ccccccccccd,46.1
406a233333333334,209.10000000000002
3fe9b9b9b9b9b9ba,0.803921568627451
406aa66666666667,213.20000000000002
3fe93b13b13b13b1,0.7884615384615384
4047266666666666,46.3
406b29999999999b,217.30000000000004
3fe8c13521cfb2b8,0.7735849056603774
4047333333333333,46.4
406baccccccccccd,221.4
3fe84bda12f684be,0.7592592592592593
406c300000000000,225.5
3fe7dac37dac37db,0.7454545454545455
40474ccccccccccd,46.6
406cb33333333334,229.60000000000002
3fe76db6db6db6db,0.7321428571428571
404759999999999a,46.7
406d366666666667,233.70000000000002
3fe7047dc11f7048,0.7192982456140351
4047666666666666,46.8
406db9999999999b,237.80000000000004
3fe69ee58469ee58,0.7068965517241379
4047733333333333,46.9
406e3ccccccccccd,241.9
3fe63cbeea4e1a09,0.6949152542372882
406ec00000000000,246.0
3fe5ddddddddddde,0.6833333333333333
400e8ba2e8ba2e8c,3.8181818181818183
4009d89d89d89d8a,3.230769230769231
4003c3c3c3c3c3c4,2.4705882352941178
4001af286bca1af3,2.210526315789474
3ffd37a6f4de9bd3,1.826086956521739
3ffae147ae147ae1,1.68
3ff72c234f72c235,1.4482758620689655
3ff5ad6b5ad6b5ad,1.3548387096774193
4061533333333334,138.60000000000002
3ff22983759f2298,1.135135135135135
4063f33333333334,159.60000000000002
3ff063e7063e7064,1.024390243902439
4066933333333333,180.6
3fef417d05f417d0,0.9767441860465116
4068266666666667,193.20000000000002
4068accccccccccd,197.4
3fec9882b9310572,0.8936170212765957
4069b9999999999a,205.8
40478ccccccccccd,47.1
406ac66666666667,214.20000000000002
406b4ccccccccccd,218.4
406bd33333333334,222.60000000000002
3fe95bc609a90e7e,0.7924528301886793
4047b33333333333,47.4
406c59999999999a,226.8
406ce00000000000,231.0
3fe86fb586fb5870,0.7636363636363637
406d666666666667,235.20000000000002
406deccccccccccd,239.4
4047e66666666666,47.8
406e733333333334,243.60000000000002
4047f33333333333,47.9
406ef9999999999a,247.8
3fe6c797dd49c341,0.711864406779661
406f800000000000,252.0
402caaaaaaaaaaab,14.333333333333334
4018924924924925,6.142857142857143
40131c71c71c71c7,4.777777777777778
4029ccccccccccce,12.900000000000002
4025800000000000,10.75
4039ccccccccccce,25.800000000000004
401caaaaaaaaaaab,7.166666666666667
4015800000000000,5.375
4047a66666666667,47.300000000000004
400f45d1745d1746,3.909090909090909
4049ccccccccccce,51.60000000000001
400caaaaaaaaaaab,3.5833333333333335
400a762762762762,3.3076923076923075
404e19999999999a,60.2
4008924924924925,3.0714285714285716
4006eeeeeeeeeeef,2.8666666666666667
4005800000000000,2.6875
4052466666666667,73.10000000000001
40043c3c3c3c3c3c,2.5294117647058822
405359999999999a,77.4
40031c71c71c71c7,2.388888888888889
40021af286bca1af,2.263157894736842
4001333333333333,2.15
4000618618618618,2.0476190476190474
4057a66666666667,94.60000000000001
3fff45d1745d1746,1.9545454545454546
4058b9999999999a,98.9
3ffde9bd37a6f4df,1.8695652173913044
4059ccccccccccce,103.20000000000002
3ffcaaaaaaaaaaab,1.7916666666666667
3ffb851eb851eb85,1.72
3ffa762762762762,1.6538461538461537
405d066666666667,116.10000000000001
3ff97b425ed097b4,1.5925925925925926
405e19999999999a,120.4
3ff8924924924925,1.5357142857142858
405f2cccccccccce,124.70000000000002
3ff7b9611a7b9612,1.4827586206896552
3ff6eeeeeeeeeeef,1.4333333333333333
4060a9999999999a,133.3
3ff6318c6318c632,1.3870967741935485
3ff5800000000000,1.34375
3ff4d9364d9364d9,1.303030303030303
4062466666666667,146.20000000000002
3ff43c3c3c3c3c3c,1.2647058823529411
3ff3a83a83a83a84,1.2285714285714286
406359999999999a,154.8
3ff31c71c71c71c7,1.1944444444444444
3ff2983759f22983,1.162162162162162
3ff21af286bca1af,1.131578947368421
4064f66666666667,167.70000000000002
3ff1a41a41a41a42,1.1025641025641026
3ff1333333333333,1.075
406609999999999a,176.3
3ff0c7ce0c7ce0c8,1.048780487804878
3ff0618618618618,1.0238095238095237
40671ccccccccccd,184.9
4067a66666666667,189.20000000000002
3fef45d1745d1746,0.9772727272727273
4068300000000000,193.5
3fee93e93e93e93f,0.9555555555555556
4068b9999999999a,197.8
3fede9bd37a6f4df,0.9347826086956522
4069433333333333,202.1
3fed46cefa8d9df5,0.9148936170212766
4069ccccccccccce,206.40000000000003
3fecaaaaaaaaaaab,0.8958333333333334
406a566666666667,210.70000000000002
3fec14e5e0a72f05,0.8775510204081632
406ae00000000000,215.0
3feb851eb851eb85,0.86
406b69999999999a,219.3
3feafafafafafafb,0.8431372549019608
404819999999999a,48.2
406bf33333333333,223.6
3fea762762762762,0.8269230769230769
4048266666666666,48.3
406c7cccccccccce,227.90000000000003
3fe9f656f1826a44,0.8113207547169812
4048333333333333,48.4
406d066666666667,232.20000000000002
3fe97b425ed097b4,0.7962962962962963
4048400000000000,48.5
406d900000000000,236.5
3fe904a7904a7905,0.7818181818181819
406e19999999999a,240.8
3fe8924924924925,0.7678571428571429
404859999999999a,48.7
406ea33333333333,245.1
3fe823ee08fb823f,0.7543859649122807
4048666666666666,48.8
406f2cccccccccce,249.40000000000003
3fe7b9611a7b9612,0.7413793103448276
4048733333333333,48.9
406fb66666666667,253.70000000000002
3fe75270d0456c79,0.7288135593220338
4070200000000000,258.0
3fe6eeeeeeeeeeef,0.7166666666666667
402d555555555555,14.666666666666666
4019249249249249,6.285714285714286
40138e38e38e38e4,4.888888888888889
400b13b13b13b13b,3.3846153846153846
4007777777777777,2.933333333333333
4004b4b4b4b4b4b5,2.588235294117647
400286bca1af286c,2.3157894736842106
4000c30c30c30c31,2.0952380952380953
3ffe9bd37a6f4dea,1.9130434782608696
3ffc28f5c28f5c29,1.76
3ffa12f684bda12f,1.6296296296296295
3ff8469ee58469ee,1.5172413793103448
3ff6b5ad6b5ad6b6,1.4193548387096775
3ff41d41d41d41d4,1.2571428571428571
3ff306eb3e45306f,1.1891891891891893
3ff20d20d20d20d2,1.1282051282051282
40668cccccccccce,180.40000000000003
3ff12bb512bb512c,1.0731707317073171
4067a66666666666,189.2
3ff05f417d05f418,1.0232558139534884
4068333333333334,193.60000000000002
3fef49f49f49f49f,0.9777777777777777
40694cccccccccce,202.40000000000003
4069d9999999999a,206.8
3fedf51b3bea3678,0.9361702127659575
406a666666666668,211.20000000000005
406af33333333334,215.60000000000002
3fecbc14e5e0a72f,0.8979591836734694
40488ccccccccccd,49.1
406c0cccccccccce,224.40000000000003
3feb9b9b9b9b9b9c,0.8627450980392157
406c99999999999a,228.8
4048a66666666666,49.3
406d266666666668,233.20000000000005
3fea90e7d95bc60a,0.8301886792452831
406db33333333334,237.60000000000002
406e400000000000,242.0
406eccccccccccce,246.40000000000003
4048d9999999999a,49.7
406f59999999999a,250.8
3fe8b3a62ce98b3a,0.7719298245614035
4048e66666666666,49.8
406fe66666666668,255.20000000000005
4048f33333333333,49.9
407039999999999a,259.6
3fe7dd49c34115b2,0.7457627118644068
4070800000000000,264.0
4019b6db6db6db6e,6.428571428571429
402b000000000001,13.500000000000002
4026800000000000,11.25
403b000000000001,27.000000000000004
403f800000000001,31.500000000000004
4016800000000000,5.625
40105d1745d1745d,4.090909090909091
404b000000000001,54.00000000000001
400bb13b13b13b14,3.4615384615384617
404f800000000001,63.00000000000001
4009b6db6db6db6e,3.2142857142857144
4006800000000000,2.8125
40052d2d2d2d2d2d,2.6470588235294117
4002f286bca1af28,2.3684210526315788
40005d1745d1745d,2.0454545454545454
4059e00000000001,103.50000000000001
3fff4de9bd37a6f5,1.9565217391304348
405b000000000001,108.00000000000001
3ffbb13b13b13b14,1.7307692307692308
405e600000000001,121.50000000000001
405f800000000001,126.00000000000001
3ff9b6db6db6db6e,1.6071428571428572
4060500000000001,130.50000000000003
3ff8d3dcb08d3dcb,1.5517241379310345
3ff739ce739ce73a,1.4516129032258065
3ff6800000000000,1.40625
3ff52d2d2d2d2d2d,1.3235294117647058
3ff3759f2298375a,1.2162162162162162
3ff2f286bca1af28,1.1842105263157894
4065f00000000001,175.50000000000003
4067100000000001,184.50000000000003
3ff18f9c18f9c190,1.0975609756097562
3ff0be82fa0be830,1.0465116279069768
4068c00000000001,198.00000000000003
3ff05d1745d1745d,1.0227272727272727
4069500000000000,202.5
4069e00000000001,207.00000000000003
3fef4de9bd37a6f5,0.9782608695652174
406a700000000000,211.5
3feea3677d46cefb,0.9574468085106383
406b000000000001,216.00000000000003
406b900000000001,220.50000000000003
3fed6343eb1a1f59,0.9183673469387755
406c200000000000,225.0
40490ccccccccccd,50.1
406cb00000000001,229.50000000000003
404919999999999a,50.2
3febb13b13b13b14,0.8653846153846154
4049266666666666,50.3
406dd00000000001,238.50000000000003
3feb2b78c13521d0,0.8490566037735849
406e600000000001,243.00000000000003
4049400000000000,50.5
406ef00000000000,247.5
406f800000000001,252.00000000000003
3fe9b6db6db6db6e,0.8035714285714286
4070080000000000,256.5
4049666666666666,50.8
4070500000000001,261.00000000000006
3fe8d3dcb08d3dcb,0.7758620689655172
4049733333333333,50.9
4070980000000000,265.5
3fe86822b63cbeea,0.7627118644067796
4070e00000000000,270.0
402eaaaaaaaaaaab,15.333333333333334
401a492492492492,6.571428571428571
401471c71c71c71c,5.111111111111111
4010ba2e8ba2e8ba,4.181818181818182
400c4ec4ec4ec4ec,3.5384615384615383
4008888888888889,3.066666666666667
4005a5a5a5a5a5a6,2.7058823529411766
40035e50d79435e5,2.4210526315789473
4001861861861862,2.1904761904761907
3ffd70a3d70a3d71,1.84
3ffb425ed097b426,1.7037037037037037
3ff9611a7b9611a8,1.5862068965517242
4061d33333333333,142.6
3ff7bdef7bdef7be,1.4838709677419355
3ff64d9364d9364e,1.393939393939394
4064200000000000,161.0
3ff5075075075075,1.3142857142857143
4064b33333333333,165.6
3ff3e45306eb3e45,1.2432432432432432
40666ccccccccccd,179.4
3ff2df2df2df2df3,1.1794871794871795
4067000000000000,184.0
3ff1f3831f3831f4,1.1219512195121952
4068b99999999999,197.79999999999998
3ff11dc47711dc47,1.069767441860465
40694ccccccccccd,202.4
4069e00000000000,207.0
3ff05b05b05b05b0,1.0222222222222221
406a733333333334,211.60000000000002
406b066666666667,216.20000000000002
3fef51b3bea3677d,0.9787234042553191
406b99999999999b,220.80000000000004
406c2ccccccccccd,225.4
3fee0a72f0539783,0.9387755102040817
406cc00000000000,230.0
40498ccccccccccd,51.1
406d533333333334,234.60000000000002
3fecdcdcdcdcdcdd,0.9019607843137255
406de66666666667,239.20000000000002
4049a66666666666,51.3
406e79999999999b,243.80000000000004
3febc609a90e7d96,0.8679245283018868
4049b33333333333,51.4
406f0ccccccccccd,248.4
4049c00000000000,51.5
406fa00000000000,253.0
3feac37dac37dac3,0.8363636363636363
4049cccccccccccd,51.6
407019999999999a,257.6
4070633333333333,262.2
3fe9d31674c59d31,0.8070175438596491
4049e66666666666,51.8
4070accccccccccd,266.8
4049f33333333333,51.9
4070f66666666667,271.40000000000003
3fe8f2fba9386823,0.7796610169491526
4071400000000000,276.0
402f555555555555,15.666666666666666
401adb6db6db6db7,6.714285714285714
4014e38e38e38e39,5.222222222222222
4027800000000000,11.75
401f555555555555,7.833333333333333
4040733333333334,32.900000000000006
4017800000000000,5.875
40111745d1745d17,4.2727272727272725
400f555555555555,3.9166666666666665
400cec4ec4ec4ec5,3.6153846153846154
4050733333333334,65.80000000000001
400adb6db6db6db7,3.357142857142857
4009111111111111,3.1333333333333333
4007800000000000,2.9375
40061e1e1e1e1e1e,2.764705882352941
4004e38e38e38e39,2.611111111111111
4056533333333334,89.30000000000001
4003ca1af286bca2,2.473684210526316
4002cccccccccccd,2.35
4001e79e79e79e7a,2.238095238095238
40011745d1745d17,2.1363636363636362
4000590b21642c86,2.0434782608695654
3fff555555555555,1.9583333333333333
3ffe147ae147ae14,1.88
3ffcec4ec4ec4ec5,1.8076923076923077
3ffbda12f684bda1,1.7407407407407407
4060733333333334,131.60000000000002
3ffadb6db6db6db7,1.6785714285714286
3ff9ee58469ee584,1.6206896551724137
3ff9111111111111,1.5666666666666667
3ff8421084210842,1.5161290322580645
3ff7800000000000,1.46875
4063633333333334,155.10000000000002
3ff6c9b26c9b26ca,1.4242424242424243
3ff61e1e1e1e1e1e,1.3823529411764706
3ff57c57c57c57c5,1.3428571428571427
3ff4e38e38e38e39,1.3055555555555556
3ff45306eb3e4530,1.2702702702702702
4066533333333334,178.60000000000002
3ff3ca1af286bca2,1.236842105263158
3ff3483483483483,1.205128205128205
3ff2cccccccccccd,1.175
3ff2576a2576a257,1.146341463414634
3ff1e79e79e79e7a,1.119047619047619
3ff17d05f417d05f,1.0930232558139534
3ff11745d1745d17,1.0681818181818181
3ff0b60b60b60b61,1.0444444444444445
3ff0590b21642c86,1.0217391304347827
406b9ccccccccccd,220.9
406c333333333334,225.60000000000002
3fef555555555555,0.9791666666666666
406cc9999999999a,230.3
3feeb1a1f58d0fac,0.9591836734693877
406d600000000000,235.0
3fee147ae147ae14,0.94
404a0ccccccccccd,52.1
406df66666666667,239.70000000000002
3fed7d7d7d7d7d7d,0.9215686274509803
406e8ccccccccccd,244.4
3fecec4ec4ec4ec5,0.9038461538461539
404a266666666666,52.3
406f233333333334,249.10000000000002
3fec609a90e7d95c,0.8867924528301887
404a333333333333,52.4
406fb9999999999a,253.8
3febda12f684bda1,0.8703703703703703
4070280000000000,258.5
3feb586fb586fb58,0.8545454545454545
404a4ccccccccccd,52.6
4070733333333334,263.20000000000005
3feadb6db6db6db7,0.8392857142857143
4070be6666666667,267.90000000000003
3fea62ce98b3a62d,0.8245614035087719
404a666666666666,52.8
407109999999999a,272.6
3fe9ee58469ee584,0.8103448275862069
404a733333333333,52.9
407154cccccccccd,277.3
3fe97dd49c34115b,0.7966101694915254
404a800000000000,53.0
4071a00000000000,282.0
3fe9111111111111,0.7833333333333333
401b6db6db6db6db,6.857142857142857
4011745d1745d174,4.363636363636363
400d89d89d89d89e,3.6923076923076925
4006969696969697,2.823529411764706
400435e50d79435e,2.526315789473684
4000b21642c8590b,2.0869565217391304
3ffeb851eb851eb8,1.92
3ffa7b9611a7b961,1.6551724137931034
3ff8c6318c6318c6,1.5483870967741935
3ff5f15f15f15f16,1.3714285714285714
3ff4c1bacf914c1c,1.2972972972972974
406899999999999a,196.8
3ff2bb512bb512bb,1.170731707317073
4069cccccccccccc,206.39999999999998
3ff1dc47711dc477,1.1162790697674418
406a666666666667,211.20000000000002
406b99999999999a,220.8
3ff0572620ae4c41,1.0212765957446808
406cccccccccccce,230.40000000000003
3fef58d0fac687d6,0.9795918367346939
406e99999999999a,244.8
406f333333333334,249.60000000000002
404aa66666666666,53.3
406fccccccccccce,254.40000000000003
3fecfb2b78c13522,0.9056603773584906
404ab33333333333,53.4
4070333333333334,259.20000000000005
404ac00000000000,53.5
3febed61bed61bed,0.8727272727272727
404acccccccccccd,53.6
4070cccccccccccd,268.8
404ad9999999999a,53.7
407119999999999a,273.6
404ae66666666666,53.8
4071666666666667,278.40000000000003
404af33333333333,53.9
4071b33333333334,283.20000000000005
3fea08ad8f2fba94,0.8135593220338984
4072000000000000,288.0
4030555555555555,16.333333333333332
4015c71c71c71c72,5.444444444444445
402d666666666668,14.700000000000003
4028800000000000,12.25
403d666666666668,29.400000000000006
4020555555555555,8.166666666666666
4018800000000000,6.125
4011d1745d1745d1,4.454545454545454
404d666666666668,58.80000000000001
4010555555555555,4.083333333333333
400e276276276276,3.769230769230769
400a222222222222,3.2666666666666666
4008800000000000,3.0625
40070f0f0f0f0f0f,2.8823529411764706
4005c71c71c71c72,2.7222222222222223
4004a1af286bca1b,2.5789473684210527
400399999999999a,2.45
4001d1745d1745d1,2.227272727272727
405c2cccccccccce,112.70000000000002
40010b21642c8591,2.130434782608696
405d666666666668,117.60000000000002
4000555555555555,2.0416666666666665
3fff5c28f5c28f5c,1.96
3ffe276276276276,1.8846153846153846
3ffd097b425ed098,1.8148148148148149
3ffb08d3dcb08d3e,1.6896551724137931
3ffa222222222222,1.6333333333333333
3ff94a5294a5294a,1.5806451612903225
3ff8800000000000,1.53125
3ff7c1f07c1f07c2,1.4848484848484849
3ff70f0f0f0f0f0f,1.4411764705882353
3ff5c71c71c71c72,1.3611111111111112
3ff5306eb3e45307,1.3243243243243243
3ff4a1af286bca1b,1.2894736842105263
3ff41a41a41a41a4,1.2564102564102564
3ff399999999999a,1.225
40691cccccccccce,200.90000000000003
3ff31f3831f3831f,1.1951219512195121
406a566666666666,210.7
3ff23b88ee23b88f,1.1395348837209303
3ff1d1745d1745d1,1.1136363636363635
406b900000000000,220.5
3ff16c16c16c16c1,1.0888888888888888
406c2cccccccccce,225.40000000000003
3ff10b21642c8591,1.065217391304348
3ff0ae4c415c9883,1.0425531914893618
406d666666666668,235.20000000000005
3ff0555555555555,1.0208333333333333
406e033333333334,240.10000000000002
406ea00000000000,245.0
3fef5c28f5c28f5c,0.98
404b0ccccccccccd,54.1
406f3cccccccccce,249.90000000000003
3feebebebebebebf,0.9607843137254902
404b19999999999a,54.2
406fd9999999999a,254.8
3fee276276276276,0.9423076923076923
404b266666666666,54.3
40703b3333333334,259.70000000000005
3fed95bc609a90e8,0.9245283018867925
404b333333333333,54.4
407089999999999a,264.6
3fed097b425ed098,0.9074074074074074
404b400000000000,54.5
4070d80000000000,269.5
3fec8253c8253c82,0.8909090909090909
4071266666666667,274.40000000000003
404b59999999999a,54.7
407174cccccccccd,279.3
3feb823ee08fb824,0.8596491228070176
404b666666666666,54.8
4071c33333333334,284.20000000000005
3feb08d3dcb08d3e,0.8448275862068966
404b733333333333,54.9
407211999999999a,289.1
3fea9386822b63cc,0.8305084745762712
4072600000000000,294.0
3fea222222222222,0.8166666666666667
4030aaaaaaaaaaab,16.666666666666668
401c924924924925,7.142857142857143
401638e38e38e38e,5.555555555555555
40122e8ba2e8ba2f,4.545454545454546
400ec4ec4ec4ec4f,3.8461538461538463
4007878787878788,2.9411764705882355
40050d79435e50d8,2.6315789473684212
40030c30c30c30c3,2.380952380952381
4001642c8590b216,2.1739130434782608
3ffda12f684bda13,1.8518518518518519
3ffb9611a7b9611a,1.7241379310344827
3ff9ce739ce739ce,1.6129032258064515
3ff83e0f83e0f83e,1.5151515151515151
4065400000000001,170.00000000000003
3ff59f22983759f2,1.3513513513513513
4068600000000001,195.00000000000003
3ff4834834834835,1.2820512820512822
4069a00000000001,205.00000000000003
3ff3831f3831f383,1.2195121951219512
3ff29aca6b29aca7,1.1627906976744187
406b800000000001,220.00000000000003
406cc00000000001,230.00000000000003
3ff10572620ae4c4,1.0638297872340425
406e000000000001,240.00000000000003
406ea00000000001,245.00000000000003
3ff05397829cbc15,1.0204081632653061
406f400000000000,250.0
406fe00000000001,255.00000000000003
3fef5f5f5f5f5f5f,0.9803921568627451
4070400000000000,260.0
404ba66666666666,55.3
4070900000000001,265.00000000000006
3fee304d4873ecae,0.9433962264150944
404bb33333333333,55.4
4071300000000000,275.0
404bcccccccccccd,55.6
4071800000000000,280.0
404bd9999999999a,55.7
4071d00000000000,285.0
3fec11f7047dc11f,0.8771929824561403
404be66666666666,55.8
4072200000000001,290.00000000000006
4072700000000000,295.0
3feb1e5f75270d04,0.847457627118644
4072c00000000000,300.0
401d249249249249,7.285714285714286
402e99999999999b,15.300000000000002
4029800000000000,12.75
403e99999999999b,30.600000000000005
4019800000000000,6.375
40128ba2e8ba2e8c,4.636363636363637
404e99999999999b,61.20000000000001
4050933333333333,66.3
400f627627627627,3.923076923076923
400d249249249249,3.642857142857143
4009800000000000,3.1875
4056f33333333333,91.8
400579435e50d794,2.6842105263157894
4004666666666666,2.55
40028ba2e8ba2e8c,2.3181818181818183
4001bd37a6f4de9c,2.217391304347826
405e99999999999b,122.40000000000002
405fe00000000000,127.5
400051eb851eb852,2.04
4060933333333333,132.6
3fff627627627627,1.9615384615384615
3ffd249249249249,1.8214285714285714
3ffc234f72c234f7,1.7586206896551724
4063c33333333333,158.1
3ffa5294a5294a53,1.6451612903225807
3ff9800000000000,1.59375
4066500000000000,178.5
3ff7507507507507,1.457142857142857
4066f33333333333,183.6
3ff60dd67c8a60dd,1.3783783783783783
3ff579435e50d794,1.3421052631578947
4068dccccccccccd,198.9
3ff4666666666666,1.275
3ff3e7063e7063e7,1.2439024390243902
406b699999999999,219.29999999999998
3ff2fa0be82fa0bf,1.186046511627907
406c0ccccccccccd,224.4
3ff28ba2e8ba2e8c,1.1590909090909092
406cb00000000000,229.5
3ff1bd37a6f4de9c,1.108695652173913
3ff15c9882b93105,1.0851063829787233
406e99999999999b,244.80000000000004
406f3ccccccccccd,249.9
3ff0a72f0539782a,1.0408163265306123
406fe00000000000,255.0
3ff051eb851eb852,1.02
407041999999999a,260.1
404c19999999999a,56.2
4070933333333333,265.2
3fef627627627627,0.9807692307692307
404c266666666666,56.3
4070e4cccccccccd,270.3
3feecade304d4874,0.9622641509433962
404c333333333333,56.4
4071366666666667,275.40000000000003
404c400000000000,56.5
4071880000000000,280.5
3fedac37dac37dac,0.9272727272727272
404c4ccccccccccd,56.6
4071d9999999999a,285.6
3fed249249249249,0.9107142857142857
40722b3333333333,290.7
404c666666666666,56.8
40727ccccccccccd,295.8
3fec234f72c234f7,0.8793103448275862
404c733333333333,56.9
4072ce6666666667,300.90000000000003
3feba9386822b63d,0.864406779661017
4073200000000000,306.0
4031555555555555,17.333333333333332
401db6db6db6db6e,7.428571428571429
40171c71c71c71c7,5.777777777777778
4012e8ba2e8ba2e9,4.7272727272727275
400bbbbbbbbbbbbc,3.466666666666667
4008787878787878,3.0588235294117645
4005e50d79435e51,2.736842105263158
4003cf3cf3cf3cf4,2.4761904761904763
40021642c8590b21,2.260869565217391
4000a3d70a3d70a4,2.08
3ffed097b425ed09,1.9259259259259258
3ffcb08d3dcb08d4,1.793103448275862
3ffad6b5ad6b5ad7,1.6774193548387097
3ff9364d9364d936,1.5757575757575757
3ff7c57c57c57c58,1.4857142857142858
3ff67c8a60dd67c9,1.4054054054054055
4068b33333333334,197.60000000000002
3ff44aed44aed44b,1.2682926829268293
3ff3594d653594d6,1.2093023255813953
3ff27d27d27d27d2,1.1555555555555554
3ff1b3bea3677d47,1.1063829787234043
3ff0fac687d6343f,1.0612244897959184
404c8ccccccccccd,57.1
4070933333333334,265.20000000000005
3ff0505050505050,1.0196078431372548
4070e66666666667,270.40000000000003
404ca66666666666,57.3
407139999999999a,275.6
3fef656f1826a43a,0.9811320754716981
404cb33333333333,57.4
40718ccccccccccd,280.8
4071e00000000000,286.0
3fee4129e4129e41,0.9454545454545454
4072333333333334,291.20000000000005
404cd9999999999a,57.7
4072866666666667,296.40000000000003
3fed31674c59d316,0.9122807017543859
404ce66666666666,57.8
4072d9999999999a,301.6
404cf33333333333,57.9
40732ccccccccccd,306.8
3fec34115b1e5f75,0.8813559322033898
4073800000000000,312.0
4031aaaaaaaaaaab,17.666666666666668
401e492492492492,7.571428571428571
40178e38e38e38e4,5.888888888888889
402a800000000000,13.25
4021aaaaaaaaaaab,8.833333333333334
401a800000000000,6.625
404d266666666667,58.300000000000004
401345d1745d1746,4.818181818181818
4011aaaaaaaaaaab,4.416666666666667
40104ec4ec4ec4ec,4.076923076923077
40528ccccccccccd,74.2
400e492492492492,3.7857142857142856
4053e00000000000,79.5
400c444444444444,3.533333333333333
400a800000000000,3.3125
4008f0f0f0f0f0f1,3.1176470588235294
40078e38e38e38e4,2.9444444444444446
40592ccccccccccd,100.7
400650d79435e50d,2.789473684210526
405a800000000000,106.0
4005333333333333,2.65
400430c30c30c30c,2.5238095238095237
405d266666666667,116.60000000000001
400345d1745d1746,2.409090909090909
40026f4de9bd37a7,2.3043478260869565
4001aaaaaaaaaaab,2.2083333333333335
4060900000000000,132.5
4000f5c28f5c28f6,2.12
40004ec4ec4ec4ec,2.0384615384615383
3fff684bda12f685,1.962962962962963
40628ccccccccccd,148.4
3ffe492492492492,1.8928571428571428
3ffd3dcb08d3dcb1,1.8275862068965518
4063e00000000000,159.0
3ffc444444444444,1.7666666666666666
3ffb5ad6b5ad6b5b,1.7096774193548387
3ffa800000000000,1.65625
4065dccccccccccd,174.9
3ff9b26c9b26c9b2,1.606060606060606
3ff8f0f0f0f0f0f1,1.5588235294117647
4067300000000000,185.5
3ff83a83a83a83a8,1.5142857142857142
3ff78e38e38e38e4,1.4722222222222223
3ff6eb3e45306eb4,1.4324324324324325
40692ccccccccccd,201.4
3ff650d79435e50d,1.394736842105263
3ff5be5be5be5be6,1.358974358974359
406a800000000000,212.0
3ff5333333333333,1.325
3ff4aed44aed44af,1.2926829268292683
3ff430c30c30c30c,1.2619047619047619
406c7ccccccccccc,227.89999999999998
3ff3b88ee23b88ee,1.2325581395348837
406d266666666667,233.20000000000002
3ff345d1745d1746,1.2045454545454546
406dd00000000000,238.5
3ff2d82d82d82d83,1.1777777777777778
3ff26f4de9bd37a7,1.1521739130434783
3ff20ae4c415c988,1.127659574468085
3ff1aaaaaaaaaaab,1.1041666666666667
3ff14e5e0a72f054,1.0816326530612246
4070900000000000,265.0
3ff0f5c28f5c28f6,1.06
404d0ccccccccccd,58.1
3ff0a0a0a0a0a0a1,1.0392156862745099
404d19999999999a,58.2
3ff04ec4ec4ec4ec,1.0192307692307692
404d266666666666,58.3
40718e6666666667,280.90000000000003
404d333333333333,58.4
4071e33333333334,286.20000000000005
3fef684bda12f685,0.9814814814814815
4072380000000000,291.5
3feed61bed61bed6,0.9636363636363636
404d4ccccccccccd,58.6
40728ccccccccccd,296.8
3fee492492492492,0.9464285714285714
404d59999999999a,58.7
4072e1999999999a,302.1
3fedc11f7047dc12,0.9298245614035088
404d666666666666,58.8
4073366666666667,307.40000000000003
3fed3dcb08d3dcb1,0.9137931034482759
40738b3333333334,312.70000000000005
3fecbeea4e1a08ae,0.8983050847457628
4073e00000000000,318.0
3fec444444444444,0.8833333333333333
401edb6db6db6db7,7.714285714285714
4013a2e8ba2e8ba3,4.909090909090909
40109d89d89d89d9,4.153846153846154
4009696969696969,3.176470588235294
4006bca1af286bca,2.8421052631578947
4002c8590b21642d,2.347826086956522
400147ae147ae148,2.16
3ffdcb08d3dcb08d,1.8620689655172413
3ffbdef7bdef7bdf,1.7419354838709677
3ff8af8af8af8af9,1.542857142857143
3ff759f22983759f,1.4594594594594594
406bacccccccccce,221.40000000000003
3ff512bb512bb513,1.3170731707317074
406d066666666666,232.2
3ff417d05f417d06,1.255813953488372
406e600000000000,243.0
406f0cccccccccce,248.40000000000003
3ff2620ae4c415ca,1.148936170212766
3ff1a1f58d0fac68,1.1020408163265305
404d8ccccccccccd,59.1
404da66666666666,59.3
3ff04d4873ecade3,1.0188679245283019
407239999999999a,291.6
4072900000000000,297.0
3fef6b0df6b0df6b,0.9818181818181818
404dcccccccccccd,59.6
4072e66666666667,302.40000000000003
404dd9999999999a,59.7
40733ccccccccccd,307.8
404de66666666666,59.8
4073933333333334,313.20000000000005
404df33333333333,59.9
4073e9999999999a,318.6
3fed49c34115b1e6,0.9152542372881356
4074400000000000,324.0
4032555555555555,18.333333333333332
401f6db6db6db6db,7.857142857142857
401871c71c71c71c,6.111111111111111
4030800000000001,16.500000000000004
402b800000000000,13.75
4040800000000001,33.00000000000001
4022555555555555,9.166666666666666
4043400000000001,38.50000000000001
401b800000000000,6.875
404e400000000001,60.50000000000001
4050800000000001,66.00000000000001
4012555555555555,4.583333333333333
4010ec4ec4ec4ec5,4.230769230769231
4053400000000001,77.00000000000001
400f6db6db6db6db,3.9285714285714284
400b800000000000,3.4375
4057600000000001,93.50000000000001
4009e1e1e1e1e1e2,3.235294117647059
400871c71c71c71c,3.0555555555555554
405a200000000001,104.50000000000001
4007286bca1af287,2.8947368421052633
4004f3cf3cf3cf3d,2.619047619047619
405e400000000001,121.00000000000001
405fa00000000001,126.50000000000001
400321642c8590b2,2.391304347826087
4060800000000001,132.00000000000003
4002555555555555,2.2916666666666665
4000ec4ec4ec4ec5,2.1153846153846154
40004bda12f684be,2.037037037037037
4063400000000001,154.00000000000003
3fff6db6db6db6db,1.9642857142857142
4063f00000000001,159.50000000000003
3ffe58469ee5846a,1.896551724137931
3ffc6318c6318c63,1.7741935483870968
3ffb800000000000,1.71875
4066b00000000001,181.50000000000003
4067600000000001,187.00000000000003
3ff9e1e1e1e1e1e2,1.6176470588235294
3ff871c71c71c71c,1.5277777777777777
3ff7c8a60dd67c8a,1.4864864864864864
406a200000000001,209.00000000000003
3ff7286bca1af287,1.4473684210526316
406ad00000000001,214.50000000000003
3ff6906906906907,1.4102564102564104
406c300000000001,225.50000000000003
3ff576a2576a2577,1.3414634146341464
3ff4f3cf3cf3cf3d,1.3095238095238095
3ff47711dc47711e,1.2790697674418605
406e400000000001,242.00000000000003
406fa00000000001,253.00000000000003
3ff321642c8590b2,1.1956521739130435
3ff2b9310572620b,1.1702127659574468
4070800000000001,264.00000000000006
3ff2555555555555,1.1458333333333333
3ff1f58d0fac687d,1.1224489795918366
404e0ccccccccccd,60.1
4071880000000001,280.50000000000006
3ff1414141414141,1.0784313725490196
3ff0ec4ec4ec4ec5,1.0576923076923077
404e266666666666,60.3
4072380000000001,291.50000000000006
3ff09a90e7d95bc6,1.0377358490566038
404e333333333333,60.4
3ff04bda12f684be,1.0185185185185186
4072e80000000000,302.5
404e4ccccccccccd,60.6
4073400000000001,308.00000000000006
3fef6db6db6db6db,0.9821428571428571
404e59999999999a,60.7
4073980000000000,313.5
3feee08fb823ee09,0.9649122807017544
404e666666666666,60.8
4073f00000000001,319.00000000000006
3fee58469ee5846a,0.9482758620689655
404e733333333333,60.9
4074480000000000,324.5
3fedd49c34115b1e,0.9322033898305084
404e800000000000,61.0
4074a00000000000,330.0
4032aaaaaaaaaaab,18.666666666666668
4018e38e38e38e39,6.222222222222222
40145d1745d1745d,5.090909090909091
40113b13b13b13b1,4.3076923076923075
400dddddddddddde,3.7333333333333334
400a5a5a5a5a5a5a,3.2941176470588234
40079435e50d7943,2.9473684210526314
40037a6f4de9bd38,2.4347826086956523
4001eb851eb851ec,2.24
400097b425ed097b,2.074074074074074
3ffee58469ee5847,1.9310344827586208
4065b33333333333,173.6
3ffce739ce739ce7,1.8064516129032258
3ffb26c9b26c9b27,1.696969696969697
4067ccccccccccce,190.40000000000003
4069333333333333,201.6
3ff83759f2298376,1.5135135135135136
3ff6f96f96f96f97,1.435897435897436
406c000000000000,224.0
3ff5da895da895db,1.3658536585365855
406e199999999999,240.79999999999998
3ff4d653594d6536,1.302325581395349
3ff3e93e93e93e94,1.2444444444444445
4070733333333333,263.2
3ff310572620ae4c,1.1914893617021276
4070ccccccccccce,268.80000000000007
3ff1919191919192,1.0980392156862746
4072333333333333,291.2
404ea66666666666,61.3
40728cccccccccce,296.80000000000007
3ff0e7d95bc609a9,1.0566037735849056
404eb33333333333,61.4
4073400000000000,308.0
3ff04a7904a7904a,1.018181818181818
404ecccccccccccd,61.6
407399999999999a,313.6
404ed9999999999a,61.7
4073f33333333333,319.2
3fef7047dc11f704,0.9824561403508771
404ee66666666666,61.8
40744cccccccccce,324.80000000000007
404ef33333333333,61.9
4074a66666666667,330.40000000000003
3fee5f75270d0457,0.9491525423728814
4075000000000000,336.0
4020492492492492,8.142857142857142
402c800000000000,14.25
401c800000000000,7.125
4014ba2e8ba2e8ba,5.181818181818182
401189d89d89d89e,4.384615384615385
4010492492492492,4.071428571428571
400c800000000000,3.5625
400ad2d2d2d2d2d3,3.3529411764705883
405b133333333334,108.30000000000001
4006cccccccccccd,2.85
4004ba2e8ba2e8ba,2.590909090909091
4060633333333334,131.10000000000002
4003d37a6f4de9bd,2.4782608695652173
40023d70a3d70a3d,2.28
400189d89d89d89e,2.1923076923076925
4000492492492492,2.0357142857142856
3fff72c234f72c23,1.9655172413793103
3ffd6b5ad6b5ad6b,1.8387096774193548
3ffc800000000000,1.78125
4067833333333334,188.10000000000002
3ffad2d2d2d2d2d3,1.6764705882352942
3ffa0ea0ea0ea0ea,1.6285714285714286
3ff8a60dd67c8a61,1.5405405405405406
406b133333333334,216.60000000000002
3ff6cccccccccccd,1.425
3ff63e7063e7063e,1.3902439024390243
3ff53594d653594d,1.3255813953488371
3ff4ba2e8ba2e8ba,1.2954545454545454
4070633333333334,262.20000000000005
3ff3d37a6f4de9bd,1.2391304347826086
3ff3677d46cefa8e,1.2127659574468086
3ff29cbc14e5e0a7,1.163265306122449
3ff23d70a3d70a3d,1.14
40722b3333333334,290.70000000000005
404f19999999999a,62.2
3ff189d89d89d89e,1.0961538461538463
404f266666666666,62.3
3ff13521cfb2b78c,1.0754716981132075
404f333333333333,62.4
3ff094f2094f2095,1.0363636363636364
404f4ccccccccccd,62.6
4073f33333333334,319.20000000000005
3ff0492492492492,1.0178571428571428
40744e6666666667,324.90000000000003
404f666666666666,62.8
4074a9999999999a,330.6
3fef72c234f72c23,0.9827586206896551
404f733333333333,62.9
407504cccccccccd,336.3
3feeea4e1a08ad8f,0.9661016949152542
4075600000000000,342.0
4033555555555555,19.333333333333332
4020924924924925,8.285714285714286
4019c71c71c71c72,6.444444444444445
40151745d1745d17,5.2727272727272725
4011d89d89d89d8a,4.461538461538462
400eeeeeeeeeeeef,3.8666666666666667
400b4b4b4b4b4b4b,3.411764705882353
40086bca1af286bd,3.0526315789473686
4006186186186186,2.761904761904762
40042c8590b21643,2.5217391304347827
40028f5c28f5c28f,2.32
40012f684bda12f7,2.1481481481481484
3ffdef7bdef7bdef,1.8709677419354838
4067eccccccccccd,191.4
3ffc1f07c1f07c1f,1.7575757575757576
4069600000000000,203.0
3ffa83a83a83a83b,1.6571428571428573
3ff914c1bacf914c,1.5675675675675675
406b8ccccccccccd,220.4
3ff7cb7cb7cb7cb8,1.4871794871794872
406d000000000000,232.0
3ff6a2576a2576a2,1.4146341463414633
406f2ccccccccccc,249.39999999999998
3ff594d653594d65,1.3488372093023255
406fe66666666667,255.20000000000002
4070500000000000,261.0
3ff49f49f49f49f5,1.288888888888889
3ff3bea3677d46cf,1.2340425531914894
3ff2f05397829cbc,1.183673469387755
4072200000000000,290.0
404f8ccccccccccd,63.1
3ff2323232323232,1.1372549019607843
404f99999999999a,63.2
404fa66666666666,63.3
3ff1826a439f656f,1.0943396226415094
404fb33333333333,63.4
404fc00000000000,63.5
4073f00000000000,319.0
3ff0df6b0df6b0df,1.0545454545454545
404fcccccccccccd,63.6
40744ccccccccccd,324.8
3ff047dc11f7047e,1.0175438596491229
404fe66666666666,63.8
4075066666666667,336.40000000000003
404ff33333333333,63.9
4075633333333334,342.20000000000005
3fef75270d0456c8,0.9830508474576272
4075c00000000000,348.0
4033aaaaaaaaaaab,19.666666666666668
4020db6db6db6db7,8.428571428571429
401a38e38e38e38e,6.555555555555555
402d800000000000,14.75
4023aaaaaaaaaaab,9.833333333333334
401d800000000000,7.375
4015745d1745d174,5.363636363636363
4013aaaaaaaaaaab,4.916666666666667
4012276276276276,4.538461538461538
4010db6db6db6db7,4.214285714285714
400f777777777777,3.933333333333333
400d800000000000,3.6875
400bc3c3c3c3c3c4,3.4705882352941178
400a38e38e38e38e,3.2777777777777777
4008d79435e50d79,3.1052631578947367
400799999999999a,2.95
400679e79e79e79e,2.8095238095238093
4005745d1745d174,2.6818181818181817
40048590b21642c8,2.5652173913043477
4003aaaaaaaaaaab,2.4583333333333335
4002e147ae147ae1,2.36
4002276276276276,2.269230769230769
40017b425ed097b4,2.185185185185185
4000db6db6db6db7,2.107142857142857
4000469ee58469ee,2.0344827586206895
3fff777777777777,1.9666666666666666
3ffe739ce739ce74,1.903225806451613
3ffd800000000000,1.84375
3ffc9b26c9b26c9b,1.7878787878787878
3ffbc3c3c3c3c3c4,1.7352941176470589
3ffaf8af8af8af8b,1.6857142857142857
3ffa38e38e38e38e,1.6388888888888888
3ff983759f229837,1.5945945945945945
3ff8d79435e50d79,1.5526315789473684
3ff8348348348348,1.5128205128205128
3ff799999999999a,1.475
406e3cccccccccce,241.90000000000003
3ff7063e7063e706,1.4390243902439024
3ff679e79e79e79e,1.4047619047619047
406fb66666666666,253.7
3ff5f417d05f417d,1.372093023255814
3ff5745d1745d174,1.3409090909090908
3ff4fa4fa4fa4fa5,1.3111111111111111
3ff48590b21642c8,1.2826086956521738
3ff415c9882b9310,1.2553191489361701
3ff3aaaaaaaaaaab,1.2291666666666667
3ff343eb1a1f58d1,1.2040816326530612
3ff2e147ae147ae1,1.18
4050066666666666,64.1
3ff2828282828283,1.1568627450980393
40500ccccccccccd,64.2
3ff2276276276276,1.1346153846153846
4050133333333333,64.3
3ff1cfb2b78c1352,1.1132075471698113
3ff17b425ed097b4,1.0925925925925926
3ff129e4129e412a,1.0727272727272728
4050266666666666,64.6
3ff0db6db6db6db7,1.0535714285714286
40502ccccccccccd,64.7
3ff08fb823ee08fc,1.0350877192982457
3ff0469ee58469ee,1.0172413793103448
4075c1999999999a,348.1
4076200000000000,354.0
3fef777777777777,0.9833333333333333
4021249249249249,8.571428571428571
4015d1745d1745d1,5.454545454545454
4012762762762762,4.615384615384615
400c3c3c3c3c3c3c,3.5294117647058822
4009435e50d79436,3.1578947368421053
4004de9bd37a6f4e,2.608695652173913
40008d3dcb08d3dd,2.0689655172413794
3ffef7bdef7bdef8,1.935483870967742
3ff9f22983759f23,1.6216216216216217
406c800000000001,228.00000000000003
406d400000000001,234.00000000000003
406ec00000000001,246.00000000000003
3ff76a2576a2576a,1.4634146341463414
3ff653594d653595,1.3953488372093024
4071400000000001,276.00000000000006
3ff46cefa8d9df52,1.2765957446808511
4072000000000001,288.00000000000006
3ff397829cbc14e6,1.2244897959183674
4050466666666666,65.1
4073200000000001,306.00000000000006
40504ccccccccccd,65.2
4050533333333333,65.3
4073e00000000001,318.00000000000006
3ff21cfb2b78c135,1.1320754716981132
405059999999999a,65.4
4050600000000000,65.5
4050666666666666,65.6
4075000000000001,336.00000000000006
40506ccccccccccd,65.7
4075c00000000001,348.00000000000006
405079999999999a,65.9
3ff0456c797dd49c,1.0169491525423728
4076800000000000,360.0
4009333333333334,3.1500000000000004
3ff37ced916872b0,1.218
3ff46a7ef9db22d1,1.276
400b999999999999,3.4499999999999997
3ff55810624dd2f1,1.3339999999999999
3ff645a1cac08312,1.392
3ff547ae147ae148,1.33
400547ae147ae148,2.66
400feb851eb851ec,3.99
3ff8af4f0d844d01,1.5428
3ffbd70a3d70a3d6,1.7399999999999998
40003d70a3d70a3d,2.03
4001a1cac083126e,2.2039999999999997
3fffd70a3d70a3d7,1.99
400fd70a3d70a3d7,3.98
4017e147ae147ae1,5.97
4002779a6b50b0f2,2.3084
4018999999999999,6.1499999999999995
40030624dd2f1a9f,2.3779999999999997
40037ced916872b0,2.436
4019cccccccccccc,6.449999999999999
4003f3b645a1cac0,2.4939999999999998
40046a7ef9db22d1,2.552
4004e147ae147ae1,2.61
4002a3d70a3d70a4,2.33
4012a3d70a3d70a4,4.66
401bf5c28f5c28f6,6.99
40059f559b3d07c8,2.7028
4009851eb851eb85,3.19
400ae978d4fdf3b6,3.364
4007eb851eb851ec,2.99
4017eb851eb851ec,5.98
4021f0a3d70a3d71,8.97
400bbf487fcb923a,3.4684
400bd70a3d70a3d6,3.4799999999999995
4008666666666666,3.05
40224ccccccccccc,9.149999999999999
400c4dd2f1a9fbe6,3.5379999999999994
400cc49ba5e353f7,3.5959999999999996
4009333333333333,3.15
4022e66666666666,9.45
400d3b645a1cac07,3.6539999999999995
400db22d0e560418,3.7119999999999997
400e28f5c28f5c28,3.7699999999999996
400aa3d70a3d70a4,3.33
401aa3d70a3d70a4,6.66
4023fae147ae147b,9.99
400ee703afb7e910,3.8628
40103d70a3d70a3d,4.06
4011666666666666,4.35
4012189374bc6a7f,4.524
401feb851eb851ec,7.98
4027f0a3d70a3d71,11.97
4012837b4a2339c1,4.6284
40128f5c28f5c28f,4.64
4010333333333333,4.05
40284ccccccccccc,12.149999999999999
4012cac083126e97,4.6979999999999995
4028999999999999,12.299999999999999
40130624dd2f1a9f,4.755999999999999
401099999999999a,4.15
4028e66666666667,12.450000000000001
40134189374bc6a8,4.814
40137ced916872b0,4.872
4013b851eb851eb8,4.93
401151eb851eb852,4.33
402151eb851eb852,8.66
4029fae147ae147b,12.99
40141758e219652c,5.0228
4014e147ae147ae1,5.22
40160a3d70a3d70a,5.51
4016bc6a7ef9db23,5.684
4013f5c28f5c28f6,4.99
4023f5c28f5c28f6,9.98
402df0a3d70a3d71,14.97
401727525460aa65,5.7884
4014333333333333,5.05
402e4ccccccccccc,15.149999999999999
40176e978d4fdf3b,5.858
402e999999999999,15.299999999999999
4017a9fbe76c8b43,5.9159999999999995
401499999999999a,5.15
402ee66666666667,15.450000000000001
4017e5604189374c,5.974
401820c49ba5e354,6.032
402f800000000000,15.75
40185c28f5c28f5c,6.09
401551eb851eb852,5.33
402551eb851eb852,10.66
402ffae147ae147b,15.99
4018bb2fec56d5cf,6.182799999999999
4019851eb851eb85,6.38
4031400000000000,17.25
401aae147ae147ae,6.67
401b604189374bc7,6.844
4017f5c28f5c28f6,5.99
4027f5c28f5c28f6,11.98
4031f851eb851eb8,17.97
401bcb295e9e1b08,6.9483999999999995
401bd70a3d70a3d6,6.959999999999999
4018333333333333,6.05
4032266666666666,18.15
401c126e978d4fde,7.017999999999999
40324ccccccccccc,18.299999999999997
401c4dd2f1a9fbe6,7.075999999999999
401899999999999a,6.15
4032733333333334,18.450000000000003
401c89374bc6a7f0,7.134
401cc49ba5e353f7,7.191999999999999
4032c00000000000,18.75
401cffffffffffff,7.249999999999999
401951eb851eb852,6.33
402951eb851eb852,12.66
4032fd70a3d70a3e,18.990000000000002
401d5f06f6944673,7.3427999999999995
401e28f5c28f5c28,7.539999999999999
4034400000000000,20.25
401f51eb851eb851,7.829999999999999
4020020c49ba5e35,8.004
402bf5c28f5c28f6,13.98
4034f851eb851eb8,20.97
40203780346dc5d6,8.1084
40203d70a3d70a3d,8.12
401c333333333333,7.05
4035266666666666,21.15
40205b22d0e56041,8.177999999999999
40354ccccccccccc,21.299999999999997
402078d4fdf3b645,8.235999999999999
401c99999999999a,7.15
4035733333333334,21.450000000000003
402096872b020c4a,8.294
4020b4395810624e,8.352
4035c00000000000,21.75
4020d1eb851eb852,8.41
401d51eb851eb852,7.33
402d51eb851eb852,14.66
4035fd70a3d70a3e,21.990000000000002
4021016f0068db8b,8.502799999999999
4037400000000000,23.25
4021fae147ae147b,8.99
4037b33333333334,23.700000000000003
402253f7ced91687,9.164
401ff5c28f5c28f6,7.99
402ff5c28f5c28f6,15.98
4037f851eb851eb8,23.97
4022896bb98c7e28,9.2684
40228f5c28f5c28f,9.28
402019999999999a,8.05
4038266666666667,24.150000000000002
4022ad0e56041894,9.338000000000001
40384ccccccccccc,24.299999999999997
4022cac083126e97,9.395999999999999
40204ccccccccccd,8.15
4038733333333334,24.450000000000003
4022e872b020c49c,9.454
4038999999999999,24.599999999999998
40230624dd2f1a9f,9.511999999999999
4038c00000000000,24.75
402323d70a3d70a3,9.569999999999999
4020a8f5c28f5c29,8.33
4030a8f5c28f5c29,16.66
4038fd70a3d70a3e,24.990000000000002
4023535a858793dd,9.662799999999999
4023b851eb851eb8,9.86
403a400000000000,26.25
40244ccccccccccc,10.149999999999999
403ab33333333334,26.700000000000003
4024a5e353f7ced9,10.324
4031fae147ae147b,17.98
403af851eb851eb8,26.97
4024db573eab367a,10.4284
4024e147ae147ae1,10.44
402219999999999a,9.05
403b266666666667,27.150000000000002
4024fef9db22d0e5,10.498
403b4ccccccccccc,27.299999999999997
40251cac083126e9,10.556
40224ccccccccccd,9.15
403b733333333334,27.450000000000003
40253a5e353f7ced,10.613999999999999
403b999999999999,27.599999999999998
40255810624dd2f1,10.671999999999999
403bc00000000000,27.75
402575c28f5c28f5,10.729999999999999
4022a8f5c28f5c29,9.33
4032a8f5c28f5c29,18.66
403bfd70a3d70a3e,27.990000000000002
4025a5460aa64c2f,10.822799999999999
40260a3d70a3d70a,11.02
403d400000000000,29.25
40269eb851eb851e,11.309999999999999
4026f7ced916872b,11.484
4033fae147ae147b,19.98
403df851eb851eb8,29.97
40272d42c3c9eecc,11.5884
402419999999999a,10.05
403e266666666667,30.150000000000002
402750e560418937,11.658
403e4ccccccccccc,30.299999999999997
40276e978d4fdf3b,11.716
40244ccccccccccd,10.15
403e733333333334,30.450000000000003
40278c49ba5e353f,11.774
403e999999999999,30.599999999999998
4027a9fbe76c8b43,11.831999999999999
403ec00000000000,30.75
4027c7ae147ae147,11.889999999999999
4024a8f5c28f5c29,10.33
4034a8f5c28f5c29,20.66
403efd70a3d70a3e,30.990000000000002
4027f7318fc50481,11.9828
40285c28f5c28f5c,12.18
4040200000000000,32.25
4028f0a3d70a3d70,12.469999999999999
402949ba5e353f7d,12.644
4025fae147ae147b,10.99
4035fae147ae147b,21.98
40407c28f5c28f5c,32.97
40297f2e48e8a71e,12.7484
4029851eb851eb85,12.76
402619999999999a,11.05
4040933333333334,33.150000000000006
4029a2d0e5604189,12.818
4029c083126e978d,12.876
40264ccccccccccd,11.15
4040b9999999999a,33.45
4029de353f7ced91,12.934
4040cccccccccccc,33.599999999999994
4029fbe76c8b4395,12.991999999999999
4040e00000000000,33.75
402a199999999999,13.049999999999999
4026a8f5c28f5c29,11.33
4036a8f5c28f5c29,22.66
4040feb851eb851f,33.99
402a491d14e3bcd3,13.1428
402aae147ae147ae,13.34
4041a00000000000,35.25
402b428f5c28f5c2,13.629999999999999
402b9ba5e353f7cf,13.804
4027fae147ae147b,11.99
4037fae147ae147b,23.98
4041fc28f5c28f5c,35.97
402bd119ce075f6f,13.908399999999999
402bd70a3d70a3d6,13.919999999999998
402819999999999a,12.05
4042133333333334,36.150000000000006
402bf4bc6a7ef9db,13.978
402c126e978d4fde,14.035999999999998
40284ccccccccccd,12.15
404239999999999a,36.45
402c3020c49ba5e3,14.094
40424ccccccccccc,36.599999999999994
402c4dd2f1a9fbe6,14.151999999999997
4042600000000000,36.75
402c6b851eb851eb,14.209999999999999
4028a8f5c28f5c29,12.33
4038a8f5c28f5c29,24.66
40427eb851eb851f,36.99
402c9b089a027525,14.3028
402cffffffffffff,14.499999999999998
4043200000000000,38.25
402d947ae147ae14,14.79
402ded916872b020,14.963999999999999
4039fae147ae147b,25.98
40437c28f5c28f5c,38.97
402e2305532617c1,15.068399999999999
402e28f5c28f5c28,15.079999999999998
402a19999999999a,13.05
4043933333333334,39.150000000000006
402e46a7ef9db22d,15.138
402e645a1cac0830,15.195999999999998
402a4ccccccccccd,13.15
4043b9999999999a,39.45
402e820c49ba5e35,15.254
4043cccccccccccc,39.599999999999994
402e9fbe76c8b438,15.311999999999998
4043e00000000000,39.75
402ebd70a3d70a3d,15.37
402aa8f5c28f5c29,13.33
403aa8f5c28f5c29,26.66
4043feb851eb851f,39.99
402eecf41f212d77,15.4628
402f51eb851eb851,15.659999999999998
4044a00000000000,41.25
402fe66666666666,15.95
40301fbe76c8b439,16.124
402bfae147ae147b,13.99
403bfae147ae147b,27.98
4044fc28f5c28f5c,41.97
40303a786c22680a,16.2284
40303d70a3d70a3d,16.24
402c19999999999a,14.05
4045133333333334,42.150000000000006
40304c49ba5e353f,16.298
40305b22d0e56041,16.355999999999998
402c4ccccccccccd,14.15
404539999999999a,42.45
403069fbe76c8b43,16.413999999999998
40454ccccccccccc,42.599999999999994
403078d4fdf3b645,16.471999999999998
4045600000000000,42.75
403087ae147ae147,16.529999999999998
402ca8f5c28f5c29,14.33
403ca8f5c28f5c29,28.66
40457eb851eb851f,42.99
40309f6fd21ff2e4,16.622799999999998
4030d1eb851eb852,16.82
4046200000000000,44.25
40311c28f5c28f5c,17.11
403148b439581062,17.284
402dfae147ae147b,14.99
403dfae147ae147b,29.98
40467c28f5c28f5c,44.97
4031636e2eb1c433,17.3884
402e19999999999a,15.05
4046933333333334,45.150000000000006
4031753f7ced9168,17.458
403184189374bc6a,17.516
402e4ccccccccccd,15.15
4046b9999999999a,45.45
403192f1a9fbe76c,17.573999999999998
4046cccccccccccc,45.599999999999994
4031a1cac083126e,17.631999999999998
402e800000000000,15.25
4046e00000000000,45.75
4031b0a3d70a3d70,17.689999999999998
402ea8f5c28f5c29,15.33
403ea8f5c28f5c29,30.66
4046feb851eb851f,45.99
4031c86594af4f0d,17.782799999999998
4047a00000000000,47.25
4032451eb851eb85,18.27
403271a9fbe76c8b,18.444
403ffae147ae147b,31.98
4047fc28f5c28f5c,47.97
40328c63f141205b,18.548399999999997
40328f5c28f5c28f,18.56
40300ccccccccccd,16.05
4048133333333334,48.150000000000006
40329e353f7ced91,18.618
4032ad0e56041894,18.676000000000002
4030266666666666,16.15
4048399999999999,48.449999999999996
4032bbe76c8b4395,18.733999999999998
40484ccccccccccc,48.599999999999994
4032cac083126e97,18.791999999999998
4030400000000000,16.25
4048600000000000,48.75
4032d99999999999,18.849999999999998
4030547ae147ae14,16.33
4040547ae147ae14,32.66
40487eb851eb851e,48.989999999999995
4032f15b573eab36,18.9428
403323d70a3d70a3,19.139999999999997
4030c00000000000,16.75
4049200000000000,50.25
40336e147ae147ae,19.43
4049599999999999,50.699999999999996
40339a9fbe76c8b3,19.603999999999996
4030fd70a3d70a3d,16.99
4040fd70a3d70a3d,33.98
40497c28f5c28f5c,50.97
4033b559b3d07c84,19.708399999999997
4033b851eb851eb8,19.72
40310ccccccccccd,17.05
4049933333333334,51.150000000000006
4033c72b020c49ba,19.778
4033d604189374bc,19.836
4031266666666666,17.15
4049b99999999999,51.449999999999996
4033e4dd2f1a9fbe,19.894
4033f3b645a1cac0,19.951999999999998
4049e00000000000,51.75
4034028f5c28f5c2,20.009999999999998
4031547ae147ae14,17.33
4041547ae147ae14,34.66
4049feb851eb851e,51.989999999999995
40341a5119ce075e,20.102799999999995
40344ccccccccccc,20.299999999999997
4031c00000000000,17.75
404aa00000000000,53.25
4034970a3d70a3d7,20.59
404ad99999999999,53.699999999999996
4034c395810624dc,20.763999999999996
4031fd70a3d70a3d,17.99
4041fd70a3d70a3d,35.98
404afc28f5c28f5c,53.97
4034de4f765fd8ad,20.868399999999998
4034e147ae147ae1,20.88
40320ccccccccccd,18.05
404b133333333334,54.150000000000006
4034f020c49ba5e3,20.938
404b266666666667,54.300000000000004
4034fef9db22d0e5,20.996
404b399999999999,54.449999999999996
40350dd2f1a9fbe7,21.054
404b4ccccccccccc,54.599999999999994
40351cac083126e9,21.112
4032400000000000,18.25
404b600000000000,54.75
40352b851eb851eb,21.169999999999998
4032547ae147ae14,18.33
4042547ae147ae14,36.66
404b7eb851eb851e,54.989999999999995
40354346dc5d6387,21.262799999999995
403575c28f5c28f5,21.459999999999997
404c200000000000,56.25
404c599999999999,56.699999999999996
4035ec8b43958105,21.923999999999996
4032fd70a3d70a3d,18.99
4042fd70a3d70a3d,37.98
404c7c28f5c28f5c,56.97
4036074538ef34d6,22.028399999999998
40360a3d70a3d70a,22.04
40330ccccccccccd,19.05
404c933333333334,57.150000000000006
40361916872b020c,22.098
404ca66666666667,57.300000000000004
403627ef9db22d0e,22.156
4033266666666666,19.15
404cb99999999999,57.449999999999996
403636c8b439580f,22.213999999999995
404ccccccccccccc,57.599999999999994
403645a1cac08312,22.272
4033400000000000,19.25
404ce00000000000,57.75
4036547ae147ae14,22.33
4033547ae147ae14,19.33
4043547ae147ae14,38.66
404cfeb851eb851e,57.989999999999995
40366c3c9eecbfb0,22.422799999999995
40369eb851eb851e,22.619999999999997
4033c00000000000,19.75
404da00000000000,59.25
4036e8f5c28f5c29,22.91
404dd99999999999,59.699999999999996
403715810624dd2e,23.083999999999996
4033fd70a3d70a3d,19.99
4043fd70a3d70a3d,39.98
404dfc28f5c28f5c,59.97
4037303afb7e90ff,23.188399999999998
40340ccccccccccd,20.05
404e133333333334,60.150000000000006
4037420c49ba5e35,23.258
404e266666666667,60.300000000000004
403750e560418937,23.316
4034266666666666,20.15
404e399999999999,60.449999999999996
40375fbe76c8b438,23.373999999999995
404e4ccccccccccc,60.599999999999994
40376e978d4fdf3b,23.432
404e600000000000,60.75
40377d70a3d70a3d,23.49
4034547ae147ae14,20.33
4044547ae147ae14,40.66
404e7eb851eb851e,60.989999999999995
40379532617c1bd9,23.582799999999995
4037c7ae147ae147,23.779999999999998
4034c00000000000,20.75
404f200000000000,62.25
403811eb851eb851,24.069999999999997
404f599999999999,62.699999999999996
40383e76c8b43957,24.243999999999996
4034fd70a3d70a3d,20.99
4044fd70a3d70a3d,41.98
404f7c28f5c28f5c,62.97
40385930be0ded28,24.348399999999998
40385c28f5c28f5c,24.36
40350ccccccccccd,21.05
404f933333333334,63.150000000000006
40386b020c49ba5e,24.418
404fa66666666667,63.300000000000004
403879db22d0e560,24.476
404fb99999999999,63.449999999999996
403888b439581061,24.533999999999995
404fcccccccccccc,63.599999999999994
4038978d4fdf3b64,24.592
4035400000000000,21.25
404fe00000000000,63.75
4038a66666666666,24.65
4035547ae147ae14,21.33
4045547ae147ae14,42.66
404ffeb851eb851e,63.989999999999995
4038be28240b7802,24.742799999999995
4038f0a3d70a3d70,24.939999999999998
4050500000000000,65.25
40393ae147ae147a,25.229999999999997
40506ccccccccccc,65.69999999999999
4039676c8b439580,25.403999999999996
4035fd70a3d70a3d,21.99
4045fd70a3d70a3d,43.98
40507e147ae147ae,65.97
40398226809d4951,25.508399999999998
4039851eb851eb85,25.52
40360ccccccccccd,22.05
405089999999999a,66.15
403993f7ced91687,25.578
4039a2d0e5604189,25.636
4036266666666666,22.15
40509ccccccccccc,66.44999999999999
4039b1a9fbe76c8a,25.693999999999996
4050a66666666666,66.6
4039c083126e978d,25.752
4036400000000000,22.25
4050b00000000000,66.75
4039cf5c28f5c28f,25.81
4046547ae147ae14,44.66
4050bf5c28f5c28f,66.99
4039e71de69ad42b,25.902799999999996
403a199999999999,26.099999999999998
4036c00000000000,22.75
4051100000000000,68.25
403a63d70a3d70a3,26.389999999999997
40512ccccccccccc,68.69999999999999
403a90624dd2f1a9,26.563999999999997
4036fd70a3d70a3d,22.99
4046fd70a3d70a3d,45.98
40513e147ae147ae,68.97
403aab1c432ca579,26.668399999999995
403aae147ae147ae,26.68
40370ccccccccccd,23.05
405149999999999a,69.15
403abced916872b0,26.738
403acbc6a7ef9db2,26.796
4037266666666666,23.15
40515ccccccccccc,69.44999999999999
403ada9fbe76c8b3,26.853999999999996
4051666666666666,69.6
403ae978d4fdf3b6,26.912
4051700000000000,69.75
4037547ae147ae14,23.33
4047547ae147ae14,46.66
40517f5c28f5c28f,69.99
403b1013a92a3054,27.062799999999996
403b428f5c28f5c2,27.259999999999998
4037c00000000000,23.75
4051d00000000000,71.25
403b8ccccccccccc,27.549999999999997
4051eccccccccccc,71.69999999999999
403bb95810624dd2,27.723999999999997
4037fd70a3d70a3d,23.99
4047fd70a3d70a3d,47.98
4051fe147ae147ae,71.97
403bd41205bc01a2,27.828399999999995
403bd70a3d70a3d6,27.839999999999996
40380ccccccccccd,24.05
405209999999999a,72.15
403be5e353f7ced9,27.898
4052133333333334,72.30000000000001
403bf4bc6a7ef9db,27.956
4038266666666666,24.15
40521ccccccccccc,72.44999999999999
403c0395810624dc,28.013999999999996
4052266666666666,72.6
403c126e978d4fde,28.071999999999996
4038400000000000,24.25
4052300000000000,72.75
403c2147ae147ae1,28.13
4038547ae147ae14,24.33
4048547ae147ae14,48.66
40523f5c28f5c28f,72.99
403c39096bb98c7d,28.222799999999996
403c6b851eb851eb,28.419999999999998
4052900000000000,74.25
403cb5c28f5c28f5,28.709999999999997
4052accccccccccc,74.69999999999999
403ce24dd2f1a9fb,28.883999999999997
4038fd70a3d70a3d,24.99
4048fd70a3d70a3d,49.98
4052be147ae147ae,74.97
403cfd07c84b5dcb,28.988399999999995
403cffffffffffff,28.999999999999996
40390ccccccccccd,25.05
4052c9999999999a,75.15
403d0ed916872b02,29.058
4052d33333333334,75.30000000000001
403d1db22d0e5604,29.116
4039266666666666,25.15
4052dccccccccccc,75.44999999999999
403d2c8b43958105,29.173999999999996
4052e66666666666,75.6
403d3b645a1cac07,29.231999999999996
4039400000000000,25.25
4052f00000000000,75.75
403d4a3d70a3d70a,29.29
4039547ae147ae14,25.33
4049547ae147ae14,50.66
4052ff5c28f5c28f,75.99
403d61ff2e48e8a6,29.382799999999996
403d947ae147ae14,29.58
4039c00000000000,25.75
4053500000000000,77.25
403ddeb851eb851e,29.869999999999997
40536ccccccccccc,77.69999999999999
403e0b4395810624,30.043999999999997
4039fd70a3d70a3d,25.99
4049fd70a3d70a3d,51.98
40537e147ae147ae,77.97
403e25fd8adab9f4,30.148399999999995
403e28f5c28f5c28,30.159999999999997
403a0ccccccccccd,26.05
405389999999999a,78.15
403e37ced916872b,30.218
403e46a7ef9db22d,30.276
403a266666666666,26.15
40539ccccccccccc,78.44999999999999
403e55810624dd2e,30.333999999999996
4053a66666666666,78.6
403e645a1cac0830,30.391999999999996
4053b00000000000,78.75
403e733333333333,30.45
403a547ae147ae14,26.33
404a547ae147ae14,52.66
4053bf5c28f5c28f,78.99
403e8af4f0d844cf,30.542799999999996
403ebd70a3d70a3d,30.74
403ac00000000000,26.75
4054100000000000,80.25
403f07ae147ae147,31.029999999999998
40542ccccccccccc,80.69999999999999
403f34395810624d,31.203999999999997
403afd70a3d70a3d,26.99
404afd70a3d70a3d,53.98
40543e147ae147ae,80.97
403f4ef34d6a161d,31.308399999999995
403f51eb851eb851,31.319999999999997
403b0ccccccccccd,27.05
405449999999999a,81.15
403f60c49ba5e354,31.378
4054533333333334,81.30000000000001
403f6f9db22d0e56,31.436
403b266666666666,27.15
40545ccccccccccc,81.44999999999999
403f7e76c8b43957,31.493999999999996
4054666666666666,81.6
403f8d4fdf3b6459,31.551999999999996
403b400000000000,27.25
4054700000000000,81.75
403f9c28f5c28f5c,31.61
403b547ae147ae14,27.33
404b547ae147ae14,54.66
40547f5c28f5c28f,81.99
403fb3eab367a0f8,31.702799999999996
4054d00000000000,83.25
40401851eb851eb8,32.19
4054eccccccccccc,83.69999999999999
40402e978d4fdf3b,32.364
403bfd70a3d70a3d,27.99
404bfd70a3d70a3d,55.98
4054fe147ae147ae,83.97
40403bf487fcb923,32.468399999999995
40403d70a3d70a3d,32.48
403c0ccccccccccd,28.05
405509999999999a,84.15
404044dd2f1a9fbe,32.538
4055133333333334,84.30000000000001
40404c49ba5e353f,32.596
403c266666666666,28.15
40551ccccccccccc,84.44999999999999
404053b645a1cac0,32.653999999999996
4055266666666666,84.6
40405b22d0e56041,32.711999999999996
403c400000000000,28.25
4055300000000000,84.75
4040628f5c28f5c2,32.769999999999996
403c547ae147ae14,28.33
404c547ae147ae14,56.66
40553f5c28f5c28f,84.99
40406e703afb7e90,32.86279999999999
404087ae147ae147,33.059999999999995
403cc00000000000,28.75
4055900000000000,86.25
4040accccccccccc,33.349999999999994
4055accccccccccc,86.69999999999999
4040c3126e978d4f,33.523999999999994
403cfd70a3d70a3d,28.99
404cfd70a3d70a3d,57.98
4055be147ae147ae,86.97
4040d06f69446738,33.6284
4040d1eb851eb852,33.64
403d0ccccccccccd,29.05
4055c9999999999a,87.15
4040d95810624dd3,33.698
4055d33333333334,87.30000000000001
4040e0c49ba5e354,33.756
403d266666666666,29.15
4055dccccccccccc,87.44999999999999
4040e83126e978d4,33.81399999999999
4055e66666666666,87.6
4040ef9db22d0e56,33.872
4055f00000000000,87.75
4040f70a3d70a3d7,33.93
403d547ae147ae14,29.33
404d547ae147ae14,58.66
4055ff5c28f5c28f,87.99
404102eb1c432ca5,34.0228
40411c28f5c28f5c,34.22
403dc00000000000,29.75
4056500000000000,89.25
40414147ae147ae1,34.51
40566ccccccccccc,89.69999999999999
4041578d4fdf3b64,34.684
403dfd70a3d70a3d,29.99
404dfd70a3d70a3d,59.98
40567e147ae147ae,89.97
404164ea4a8c154c,34.788399999999996
403e0ccccccccccd,30.05
405689999999999a,90.15
40416dd2f1a9fbe7,34.858
4056933333333334,90.30000000000001
4041753f7ced9168,34.916
403e266666666666,30.15
40569ccccccccccc,90.44999999999999
40417cac083126e9,34.974
4056a66666666666,90.6
404184189374bc6a,35.032
403e400000000000,30.25
4056b00000000000,90.75
40418b851eb851eb,35.089999999999996
403e547ae147ae14,30.33
404e547ae147ae14,60.66
4056bf5c28f5c28f,90.99
40419765fd8adab9,35.18279999999999
4056e00000000000,91.5
4041b0a3d70a3d70,35.379999999999995
4057100000000000,92.25
4041d5c28f5c28f5,35.669999999999995
40572ccccccccccc,92.69999999999999
4041ec083126e978,35.843999999999994
403efd70a3d70a3d,30.99
404efd70a3d70a3d,61.98
40573e147ae147ae,92.97
4041f9652bd3c360,35.94839999999999
4041fae147ae147b,35.96
403f0ccccccccccd,31.05
405749999999999a,93.15
4042024dd2f1a9fc,36.018
4057533333333334,93.30000000000001
404209ba5e353f7d,36.076
403f266666666666,31.15
40575ccccccccccc,93.44999999999999
40421126e978d4fd,36.13399999999999
4057666666666666,93.6
4042189374bc6a7f,36.192
403f400000000000,31.25
4057700000000000,93.75
4042200000000000,36.25
403f547ae147ae14,31.33
404f547ae147ae14,62.66
40577f5c28f5c28f,93.99
40422be0ded288ce,36.3428
4042451eb851eb85,36.54
403fc00000000000,31.75
4057d00000000000,95.25
40426a3d70a3d70a,36.83
4057eccccccccccc,95.69999999999999
40428083126e978d,37.004
403ffd70a3d70a3d,31.99
404ffd70a3d70a3d,63.98
4057fe147ae147ae,95.97
40428de00d1b7175,37.108399999999996
40428f5c28f5c28f,37.12
4040066666666666,32.05
4058099999999999,96.14999999999999
404296c8b4395810,37.178
4058133333333334,96.30000000000001
40429e353f7ced91,37.236
4040133333333333,32.15
40581ccccccccccc,96.44999999999999
4042a5a1cac08312,37.294
4042ad0e56041894,37.352000000000004
4058300000000000,96.75
4042b47ae147ae14,37.41
40402a3d70a3d70a,32.33
40502a3d70a3d70a,64.66
40583f5c28f5c28f,96.99
4042c05bc01a36e2,37.50279999999999
4042d99999999999,37.699999999999996
4040600000000000,32.75
4058900000000000,98.25
4042feb851eb851e,37.989999999999995
4058accccccccccc,98.69999999999999
404314fdf3b645a1,38.163999999999994
40407eb851eb851f,32.99
40507eb851eb851f,65.98
4058be147ae147ae,98.97
4043225aee631f8a,38.2684
404323d70a3d70a3,38.279999999999994
4040866666666666,33.05
4050866666666666,66.1
4058c99999999999,99.14999999999999
40432b4395810624,38.337999999999994
40508ccccccccccd,66.2
4058d33333333334,99.30000000000001
404332b020c49ba6,38.396
4040933333333333,33.15
4058dccccccccccc,99.44999999999999
40433a1cac083126,38.45399999999999
405099999999999a,66.4
4058e66666666667,99.60000000000001
40434189374bc6a8,38.512
4040a00000000000,33.25
4058f00000000000,99.75
404348f5c28f5c29,38.57
4040aa3d70a3d70a,33.33
4050aa3d70a3d70a,66.66
4058ff5c28f5c28f,99.99
404354d6a161e4f7,38.6628
4050c00000000000,67.0
4059200000000000,100.5
40436e147ae147ae,38.86
4059500000000000,101.25
4043933333333333,39.15
4050f33333333333,67.8
40596ccccccccccc,101.69999999999999
4043a978d4fdf3b6,39.324
4050feb851eb851f,67.98
40597e147ae147ae,101.97
4043b6d5cfaacd9e,39.428399999999996
4043b851eb851eb8,39.44
4041066666666666,34.05
4051066666666666,68.1
4059899999999999,102.14999999999999
4043bfbe76c8b438,39.49799999999999
4043c72b020c49ba,39.556
4041133333333333,34.15
4051133333333333,68.3
40599ccccccccccc,102.44999999999999
4043ce978d4fdf3b,39.614
4043d604189374bc,39.672
4041200000000000,34.25
4051200000000000,68.5
4059b00000000000,102.75
4043dd70a3d70a3d,39.73
40412a3d70a3d70a,34.33
40512a3d70a3d70a,68.66
4059bf5c28f5c28f,102.99
4043e95182a9930b,39.822799999999994
4044028f5c28f5c2,40.019999999999996
4041600000000000,34.75
4051600000000000,69.5
405a100000000000,104.25
404427ae147ae147,40.309999999999995
4051733333333333,69.8
405a2ccccccccccc,104.69999999999999
40443df3b645a1ca,40.483999999999995
40417eb851eb851f,34.99
40517eb851eb851f,69.98
405a3e147ae147ae,104.97
40444b50b0f27bb3,40.5884
40444ccccccccccc,40.599999999999994
4041866666666666,35.05
4051866666666666,70.1
405a499999999999,105.14999999999999
404454395810624d,40.657999999999994
40445ba5e353f7cf,40.716
4041933333333333,35.15
405a5ccccccccccc,105.44999999999999
404463126e978d4f,40.773999999999994
40446a7ef9db22d1,40.832
405a700000000000,105.75
404471eb851eb852,40.89
4041aa3d70a3d70a,35.33
4051aa3d70a3d70a,70.66
405a7f5c28f5c28f,105.99
40447dcc63f14120,40.9828
4051c00000000000,71.0
405aa00000000000,106.5
4044970a3d70a3d7,41.18
4041e00000000000,35.75
405ad00000000000,107.25
4044bc28f5c28f5c,41.47
4051f33333333333,71.8
405aeccccccccccc,107.69999999999999
4044d26e978d4fdf,41.644
4041feb851eb851f,35.99
4051feb851eb851f,71.98
405afe147ae147ae,107.97
4044dfcb923a29c7,41.7484
4044e147ae147ae1,41.76
4042066666666666,36.05
4052066666666666,72.1
405b099999999999,108.14999999999999
4044e8b439581061,41.81799999999999
4044f020c49ba5e3,41.876
4042133333333333,36.15
4052133333333333,72.3
405b1ccccccccccc,108.44999999999999
4044f78d4fdf3b64,41.934
405219999999999a,72.4
405b266666666667,108.60000000000001
4044fef9db22d0e5,41.992
405b300000000000,108.75
4045066666666666,42.05
40422a3d70a3d70a,36.33
40522a3d70a3d70a,72.66
405b3f5c28f5c28f,108.99
404512474538ef34,42.142799999999994
4052400000000000,73.0
405b600000000000,109.5
40452b851eb851eb,42.339999999999996
405b900000000000,110.25
404550a3d70a3d70,42.629999999999995
405baccccccccccc,110.69999999999999
404566e978d4fdf3,42.803999999999995
40527eb851eb851f,73.98
405bbe147ae147ae,110.97
404574467381d7dc,42.9084
404575c28f5c28f5,42.919999999999995
4042866666666666,37.05
4052866666666666,74.1
405bc99999999999,111.14999999999999
40457d2f1a9fbe76,42.977999999999994
4045849ba5e353f8,43.036
4042933333333333,37.15
4052933333333333,74.3
405bdccccccccccc,111.44999999999999
40458c083126e978,43.093999999999994
40459374bc6a7efa,43.152
4042a00000000000,37.25
4052a00000000000,74.5
405bf00000000000,111.75
40459ae147ae147a,43.209999999999994
4042aa3d70a3d70a,37.33
4052aa3d70a3d70a,74.66
405bff5c28f5c28f,111.99
4045a6c226809d49,43.3028
4042e00000000000,37.75
4052e00000000000,75.5
405c500000000000,113.25
4045e51eb851eb85,43.79
4052f33333333333,75.8
405c6ccccccccccc,113.69999999999999
4045fb645a1cac08,43.964
4042feb851eb851f,37.99
4052feb851eb851f,75.98
405c7e147ae147ae,113.97
404608c154c985f0,44.0684
40460a3d70a3d70a,44.08
4043066666666666,38.05
4053066666666666,76.1
405c899999999999,114.14999999999999
404611a9fbe76c8a,44.13799999999999
40530ccccccccccd,76.2
405c933333333334,114.30000000000001
40461916872b020c,44.196
4043133333333333,38.15
4053133333333333,76.3
405c9ccccccccccc,114.44999999999999
40462083126e978d,44.254
405319999999999a,76.4
405ca66666666667,114.60000000000001
404627ef9db22d0e,44.312
405cb00000000000,114.75
40462f5c28f5c28f,44.37
40432a3d70a3d70a,38.33
40532a3d70a3d70a,76.66
405cbf5c28f5c28f,114.99
40463b3d07c84b5d,44.462799999999994
4043600000000000,38.75
405d100000000000,116.25
4046799999999999,44.949999999999996
4053733333333333,77.8
405d2ccccccccccc,116.69999999999999
40468fdf3b645a1c,45.123999999999995
40437eb851eb851f,38.99
40537eb851eb851f,77.98
405d3e147ae147ae,116.97
40469d3c36113405,45.2284
40469eb851eb851e,45.239999999999995
4043866666666666,39.05
4053866666666666,78.1
405d499999999999,117.14999999999999
4046a624dd2f1a9f,45.297999999999995
4046ad916872b021,45.356
4053933333333333,78.3
405d5ccccccccccc,117.44999999999999
4046b4fdf3b645a1,45.413999999999994
4046bc6a7ef9db23,45.472
4043a00000000000,39.25
4053a00000000000,78.5
405d700000000000,117.75
4046c3d70a3d70a3,45.529999999999994
4043aa3d70a3d70a,39.33
4053aa3d70a3d70a,78.66
405d7f5c28f5c28f,117.99
4046cfb7e90ff972,45.6228
4053c00000000000,79.0
405da00000000000,118.5
4046e8f5c28f5c29,45.82
405dd00000000000,119.25
40470e147ae147ae,46.11
405deccccccccccc,119.69999999999999
4047245a1cac0830,46.28399999999999
4053feb851eb851f,79.98
405dfe147ae147ae,119.97
404731b71758e219,46.3884
4044066666666666,40.05
4054066666666666,80.1
405e099999999999,120.14999999999999
40473a9fbe76c8b3,46.45799999999999
40540ccccccccccd,80.2
405e133333333334,120.30000000000001
4047420c49ba5e35,46.516
4044133333333333,40.15
4054133333333333,80.3
405e1ccccccccccc,120.44999999999999
40474978d4fdf3b6,46.574
405419999999999a,80.4
405e266666666667,120.60000000000001
404750e560418937,46.632
4044200000000000,40.25
405e300000000000,120.75
40475851eb851eb8,46.69
40442a3d70a3d70a,40.33
40542a3d70a3d70a,80.66
405e3f5c28f5c28f,120.99
40476432ca57a786,46.782799999999995
40477d70a3d70a3d,46.98
4044600000000000,40.75
4054600000000000,81.5
405e900000000000,122.25
4047a28f5c28f5c2,47.269999999999996
4054733333333333,81.8
405eaccccccccccc,122.69999999999999
4047b8d4fdf3b645,47.443999999999996
40447eb851eb851f,40.99
40547eb851eb851f,81.98
405ebe147ae147ae,122.97
4047c631f8a0902e,47.5484
4047c7ae147ae147,47.559999999999995
4044866666666666,41.05
4054866666666666,82.1
405ec99999999999,123.14999999999999
4047cf1a9fbe76c8,47.617999999999995
40548ccccccccccd,82.2
405ed33333333334,123.30000000000001
4047d6872b020c49,47.675999999999995
4044933333333333,41.15
4054933333333333,82.3
405edccccccccccc,123.44999999999999
4047ddf3b645a1ca,47.733999999999995
405499999999999a,82.4
405ee66666666667,123.60000000000001
4047e5604189374c,47.792
405ef00000000000,123.75
4047eccccccccccc,47.849999999999994
4044aa3d70a3d70a,41.33
4054aa3d70a3d70a,82.66
405eff5c28f5c28f,123.99
4047f8adab9f559a,47.94279999999999
4054c00000000000,83.0
405f200000000000,124.5
404811eb851eb851,48.13999999999999
4044e00000000000,41.75
4054e00000000000,83.5
405f500000000000,125.25
4048370a3d70a3d7,48.43
4054f33333333333,83.8
405f6ccccccccccc,125.69999999999999
40484d4fdf3b6459,48.60399999999999
4044feb851eb851f,41.99
4054feb851eb851f,83.98
405f7e147ae147ae,125.97
40485aacd9e83e42,48.7084
40485c28f5c28f5c,48.72
4055066666666666,84.1
405f899999999999,126.14999999999999
40486395810624dc,48.77799999999999
40550ccccccccccd,84.2
405f933333333334,126.30000000000001
40486b020c49ba5e,48.836
4045133333333333,42.15
4055133333333333,84.3
405f9ccccccccccc,126.44999999999999
4048726e978d4fdf,48.894
405519999999999a,84.4
405fa66666666667,126.60000000000001
404879db22d0e560,48.952
4045200000000000,42.25
4055200000000000,84.5
405fb00000000000,126.75
40488147ae147ae1,49.01
40452a3d70a3d70a,42.33
40552a3d70a3d70a,84.66
405fbf5c28f5c28f,126.99
40488d288ce703af,49.102799999999995
4060080000000000,128.25
4048cb851eb851eb,49.589999999999996
4060166666666666,128.7
4048e1cac083126e,49.763999999999996
40557eb851eb851f,85.98
40601f0a3d70a3d7,128.97
4048ef27bb2fec57,49.8684
4048f0a3d70a3d70,49.879999999999995
4045866666666666,43.05
4055866666666666,86.1
406024cccccccccc,129.14999999999998
4048f810624dd2f1,49.937999999999995
40558ccccccccccd,86.2
406029999999999a,129.3
4048ff7ced916872,49.995999999999995
4045933333333333,43.15
4055933333333333,86.3
40602e6666666666,129.45
404906e978d4fdf3,50.053999999999995
40490e5604189375,50.112
4045a00000000000,43.25
4055a00000000000,86.5
4060380000000000,129.75
404915c28f5c28f5,50.169999999999995
4045aa3d70a3d70a,43.33
4055aa3d70a3d70a,86.66
40603fae147ae148,129.99
404921a36e2eb1c3,50.26279999999999
40493ae147ae147a,50.459999999999994
4045e00000000000,43.75
4060680000000000,131.25
4049600000000000,50.75
4055f33333333333,87.8
4060766666666666,131.7
40497645a1cac082,50.92399999999999
4045feb851eb851f,43.99
4055feb851eb851f,87.98
40607f0a3d70a3d7,131.97
404983a29c779a6b,51.0284
4049851eb851eb85,51.04
4046066666666666,44.05
4056066666666666,88.1
406084cccccccccc,132.14999999999998
40498c8b43958105,51.09799999999999
404993f7ced91687,51.156
4046133333333333,44.15
4056133333333333,88.3
40608e6666666666,132.45
40499b645a1cac07,51.21399999999999
4049a2d0e5604189,51.272
4060980000000000,132.75
4049aa3d70a3d70a,51.33
40462a3d70a3d70a,44.33
40562a3d70a3d70a,88.66
40609fae147ae148,132.99
4049b61e4f765fd8,51.422799999999995
4056400000000000,89.0
4060b00000000000,133.5
4049cf5c28f5c28f,51.62
4046600000000000,44.75
4056600000000000,89.5
4060c80000000000,134.25
4049f47ae147ae14,51.91
4056733333333333,89.8
4060d66666666666,134.7
404a0ac083126e97,52.083999999999996
40467eb851eb851f,44.99
40567eb851eb851f,89.98
4060df0a3d70a3d7,134.97
404a181d7dbf4880,52.1884
404a199999999999,52.199999999999996
4046866666666666,45.05
4056866666666666,90.1
4060e4cccccccccc,135.14999999999998
404a210624dd2f1a,52.257999999999996
404a2872b020c49b,52.315999999999995
4046933333333333,45.15
4060ee6666666666,135.45
404a2fdf3b645a1c,52.373999999999995
405699999999999a,90.4
4060f33333333334,135.60000000000002
404a374bc6a7ef9e,52.432
4046a00000000000,45.25
4056a00000000000,90.5
4060f80000000000,135.75
404a3eb851eb851e,52.489999999999995
4046aa3d70a3d70a,45.33
4056aa3d70a3d70a,90.66
4060ffae147ae148,135.99
404a4a9930be0dec,52.58279999999999
404a63d70a3d70a3,52.779999999999994
4061280000000000,137.25
404a88f5c28f5c28,53.06999999999999
4061366666666666,137.7
404a9f3b645a1cab,53.24399999999999
4056feb851eb851f,91.98
40613f0a3d70a3d7,137.97
404aac985f06f694,53.3484
404aae147ae147ae,53.36
4047066666666666,46.05
4057066666666666,92.1
406144cccccccccc,138.14999999999998
404ab5810624dd2e,53.41799999999999
40570ccccccccccd,92.2
406149999999999a,138.3
404abced916872b0,53.476
4047133333333333,46.15
4057133333333333,92.3
40614e6666666666,138.45
404ac45a1cac0830,53.53399999999999
404acbc6a7ef9db2,53.592
4047200000000000,46.25
4061580000000000,138.75
404ad33333333333,53.65
40472a3d70a3d70a,46.33
40572a3d70a3d70a,92.66
40615fae147ae148,138.99
404adf141205bc01,53.742799999999995
404af851eb851eb8,53.94
4047600000000000,46.75
4061880000000000,140.25
404b1d70a3d70a3d,54.23
4057733333333333,93.8
4061966666666666,140.7
404b33b645a1cac0,54.403999999999996
40477eb851eb851f,46.99
40577eb851eb851f,93.98
40619f0a3d70a3d7,140.97
404b4113404ea4a9,54.5084
404b428f5c28f5c2,54.519999999999996
4047866666666666,47.05
4057866666666666,94.1
4061a4cccccccccc,141.14999999999998
404b49fbe76c8b43,54.577999999999996
40578ccccccccccd,94.2
4061a9999999999a,141.3
404b516872b020c4,54.635999999999996
4047933333333333,47.15
4057933333333333,94.3
4061ae6666666666,141.45
404b58d4fdf3b645,54.693999999999996
404b604189374bc7,54.752
4061b80000000000,141.75
404b67ae147ae147,54.809999999999995
4047aa3d70a3d70a,47.33
4057aa3d70a3d70a,94.66
4061bfae147ae148,141.99
404b738ef34d6a15,54.90279999999999
404b8ccccccccccc,55.099999999999994
4047e00000000000,47.75
4057e00000000000,95.5
4061e80000000000,143.25
404bb1eb851eb851,55.38999999999999
4057f33333333333,95.8
4061f66666666666,143.7
404bc83126e978d4,55.56399999999999
4047feb851eb851f,47.99
4057feb851eb851f,95.98
4061ff0a3d70a3d7,143.97
404bd58e219652bd,55.6684
404bd70a3d70a3d6,55.67999999999999
4048066666666666,48.05
4058066666666666,96.1
406204cccccccccc,144.14999999999998
404bde76c8b43957,55.73799999999999
404be5e353f7ced9,55.796
4048133333333333,48.15
4058133333333333,96.3
40620e6666666666,144.45
404bed4fdf3b6459,55.85399999999999
405819999999999a,96.4
4062133333333334,144.60000000000002
404bf4bc6a7ef9db,55.912
4048200000000000,48.25
4058200000000000,96.5
4062180000000000,144.75
404bfc28f5c28f5c,55.97
40482a3d70a3d70a,48.33
40582a3d70a3d70a,96.66
40621fae147ae148,144.99
404c0809d495182a,56.062799999999996
4058400000000000,97.0
4062300000000000,145.5
404c2147ae147ae1,56.26
4062480000000000,146.25
404c466666666666,56.55
4058733333333333,97.8
4062566666666666,146.7
404c5cac083126e9,56.724
40487eb851eb851f,48.99
40587eb851eb851f,97.98
40625f0a3d70a3d7,146.97
404c6a0902de00d1,56.828399999999995
404c6b851eb851eb,56.839999999999996
4048866666666666,49.05
4058866666666666,98.1
406264cccccccccc,147.14999999999998
404c72f1a9fbe76c,56.897999999999996
40588ccccccccccd,98.2
406269999999999a,147.3
404c7a5e353f7ced,56.955999999999996
4048933333333333,49.15
4058933333333333,98.3
40626e6666666666,147.45
404c81cac083126e,57.013999999999996
404c89374bc6a7f0,57.072
4048a00000000000,49.25
4058a00000000000,98.5
4062780000000000,147.75
404c90a3d70a3d70,57.129999999999995
4048aa3d70a3d70a,49.33
4058aa3d70a3d70a,98.66
40627fae147ae148,147.99
404c9c84b5dcc63e,57.22279999999999
404cb5c28f5c28f5,57.419999999999995
4048e00000000000,49.75
4058e00000000000,99.5
4062a80000000000,149.25
404cdae147ae147a,57.709999999999994
4058f33333333333,99.8
4062b66666666666,149.7
404cf126e978d4fd,57.88399999999999
4048feb851eb851f,49.99
4058feb851eb851f,99.98
4062bf0a3d70a3d7,149.97
404cfe83e425aee6,57.9884
404cffffffffffff,57.99999999999999
4049066666666666,50.05
4059066666666666,100.1
4062c4cccccccccc,150.14999999999998
404d076c8b439580,58.05799999999999
40590ccccccccccd,100.2
4062c9999999999a,150.3
404d0ed916872b02,58.116
4049133333333333,50.15
4059133333333333,100.3
4062ce6666666666,150.45
404d1645a1cac082,58.17399999999999
405919999999999a,100.4
4062d33333333334,150.60000000000002
404d1db22d0e5604,58.232
4062d80000000000,150.75
404d251eb851eb85,58.29
40492a3d70a3d70a,50.33
40592a3d70a3d70a,100.66
4062dfae147ae148,150.99
404d30ff97247453,58.382799999999996
4059400000000000,101.0
4062f00000000000,151.5
404d4a3d70a3d70a,58.58
4063080000000000,152.25
404d6f5c28f5c28f,58.87
4059733333333333,101.8
4063166666666666,152.7
404d85a1cac08312,59.044
40497eb851eb851f,50.99
40597eb851eb851f,101.98
40631f0a3d70a3d7,152.97
404d92fec56d5cfa,59.148399999999995
404d947ae147ae14,59.16
4049866666666666,51.05
4059866666666666,102.1
406324cccccccccc,153.14999999999998
404d9be76c8b4394,59.21799999999999
40598ccccccccccd,102.2
406329999999999a,153.3
404da353f7ced916,59.275999999999996
4049933333333333,51.15
40632e6666666666,153.45
404daac083126e97,59.333999999999996
404db22d0e560418,59.391999999999996
4049a00000000000,51.25
4063380000000000,153.75
404db99999999999,59.449999999999996
4059aa3d70a3d70a,102.66
40633fae147ae148,153.99
404dc57a786c2267,59.54279999999999
4059c00000000000,103.0
4063500000000000,154.5
404ddeb851eb851e,59.739999999999995
4063680000000000,155.25
404e03d70a3d70a3,60.029999999999994
4059f33333333333,103.8
4063766666666666,155.7
404e1a1cac083126,60.20399999999999
4049feb851eb851f,51.99
4059feb851eb851f,103.98
40637f0a3d70a3d7,155.97
404e2779a6b50b0f,60.3084
404e28f5c28f5c28,60.31999999999999
404a066666666666,52.05
405a066666666666,104.1
406384cccccccccc,156.14999999999998
404e30624dd2f1a9,60.37799999999999
405a0ccccccccccd,104.2
406389999999999a,156.3
404e37ced916872b,60.436
404a133333333333,52.15
405a133333333333,104.3
40638e6666666666,156.45
404e3f3b645a1cab,60.49399999999999
404e46a7ef9db22d,60.552
404a200000000000,52.25
4063980000000000,156.75
404e4e147ae147ad,60.60999999999999
404a2a3d70a3d70a,52.33
405a2a3d70a3d70a,104.66
40639fae147ae148,156.99
404e59f559b3d07c,60.702799999999996
404a600000000000,52.75
405a600000000000,105.5
4063c80000000000,158.25
404e9851eb851eb8,61.19
405a733333333333,105.8
4063d66666666666,158.7
404eae978d4fdf3b,61.364
404a7eb851eb851f,52.99
405a7eb851eb851f,105.98
4063df0a3d70a3d7,158.97
404ebbf487fcb923,61.468399999999995
404ebd70a3d70a3d,61.48
404a866666666666,53.05
405a866666666666,106.1
4063e4cccccccccc,159.14999999999998
404ec4dd2f1a9fbd,61.53799999999999
404ecc49ba5e353f,61.596
404a933333333333,53.15
405a933333333333,106.3
4063ee6666666666,159.45
404ed3b645a1cac0,61.653999999999996
404edb22d0e56041,61.711999999999996
4063f80000000000,159.75
404ee28f5c28f5c2,61.769999999999996
404aaa3d70a3d70a,53.33
405aaa3d70a3d70a,106.66
4063ffae147ae148,159.99
404eee703afb7e90,61.86279999999999
405ac00000000000,107.0
4064100000000000,160.5
404f07ae147ae147,62.059999999999995
404ae00000000000,53.75
4064280000000000,161.25
404f2ccccccccccc,62.349999999999994
405af33333333333,107.8
4064366666666666,161.7
404f43126e978d4f,62.523999999999994
404afeb851eb851f,53.99
405afeb851eb851f,107.98
40643f0a3d70a3d7,161.97
404f506f69446738,62.6284
404f51eb851eb851,62.63999999999999
404b066666666666,54.05
405b066666666666,108.1
406444cccccccccc,162.14999999999998
404f595810624dd2,62.69799999999999
405b0ccccccccccd,108.2
406449999999999a,162.3
404f60c49ba5e354,62.756
404b133333333333,54.15
40644e6666666666,162.45
404f683126e978d4,62.81399999999999
405b19999999999a,108.4
4064533333333334,162.60000000000002
404f6f9db22d0e56,62.872
404b200000000000,54.25
4064580000000000,162.75
404f770a3d70a3d6,62.92999999999999
404b2a3d70a3d70a,54.33
405b2a3d70a3d70a,108.66
40645fae147ae148,162.99
404f82eb1c432ca5,63.0228
405b400000000000,109.0
4064700000000000,163.5
404f9c28f5c28f5c,63.22
4064880000000000,164.25
404fc147ae147ae1,63.51
405b733333333333,109.8
4064966666666666,164.7
404fd78d4fdf3b64,63.684
404b7eb851eb851f,54.99
405b7eb851eb851f,109.98
40649f0a3d70a3d7,164.97
404fe4ea4a8c154c,63.788399999999996
404b866666666666,55.05
405b866666666666,110.1
4064a4cccccccccc,165.14999999999998
404fedd2f1a9fbe6,63.85799999999999
404ff53f7ced9168,63.916
404b933333333333,55.15
405b933333333333,110.3
4064ae6666666666,165.45
404ffcac083126e9,63.974
4050020c49ba5e35,64.032
404ba00000000000,55.25
405ba00000000000,110.5
4064b80000000000,165.75
405005c28f5c28f5,64.08999999999999
404baa3d70a3d70a,55.33
405baa3d70a3d70a,110.66
4064bfae147ae148,165.99
40500bb2fec56d5d,64.1828
40501851eb851eb8,64.38
404be00000000000,55.75
405be00000000000,111.5
4064e80000000000,167.25
40502ae147ae147b,64.67
40503604189374bc,64.844
404bfeb851eb851f,55.99
405bfeb851eb851f,111.98
4064ff0a3d70a3d7,167.97
40503cb295e9e1b0,64.94839999999999
40503d70a3d70a3d,64.96
404c066666666666,56.05
405c066666666666,112.1
406504cccccccccc,168.14999999999998
40504126e978d4fd,65.01799999999999
405044dd2f1a9fbe,65.076
404c133333333333,56.15
405c133333333333,112.3
40650e6666666666,168.45
4050489374bc6a7f,65.134
405c19999999999a,112.4
4065133333333334,168.60000000000002
40504c49ba5e353f,65.192
4065180000000000,168.75
404c2a3d70a3d70a,56.33
405c2a3d70a3d70a,112.66
40651fae147ae148,168.99
405055f06f694467,65.3428
405c400000000000,113.0
4065300000000000,169.5
4050628f5c28f5c2,65.53999999999999
404c600000000000,56.75
405c600000000000,113.5
4065480000000000,170.25
4050751eb851eb85,65.83
405c733333333333,113.8
4065566666666666,170.7
4050804189374bc6,66.00399999999999
404c7eb851eb851f,56.99
405c7eb851eb851f,113.98
40655f0a3d70a3d7,170.97
405086f0068db8bb,66.1084
405087ae147ae147,66.11999999999999
404c866666666666,57.05
405c866666666666,114.1
406564cccccccccc,171.14999999999998
40508b645a1cac08,66.178
405c8ccccccccccd,114.2
406569999999999a,171.3
40508f1a9fbe76c8,66.23599999999999
404c933333333333,57.15
405c933333333333,114.3
40656e6666666666,171.45
405092d0e5604189,66.294
405096872b020c4a,66.352
404ca00000000000,57.25
405ca00000000000,114.5
4065780000000000,171.75
40509a3d70a3d70a,66.41
404caa3d70a3d70a,57.33
405caa3d70a3d70a,114.66
40657fae147ae148,171.99
4050a02de00d1b71,66.5028
4065900000000000,172.5
4050accccccccccc,66.69999999999999
4065a80000000000,173.25
405cf33333333333,115.8
4065b66666666666,173.7
4050ca7ef9db22d0,67.16399999999999
404cfeb851eb851f,57.99
405cfeb851eb851f,115.98
4065bf0a3d70a3d7,173.97
4050d12d77318fc5,67.2684
4050d1eb851eb852,67.28
404d066666666666,58.05
4065c4cccccccccc,174.14999999999998
4050d5a1cac08312,67.338
405d0ccccccccccd,116.2
4065c9999999999a,174.3
4050d95810624dd3,67.396
404d133333333333,58.15
405d133333333333,116.3
4065ce6666666666,174.45
4050dd0e56041893,67.454
405d19999999999a,116.4
4065d33333333334,174.60000000000002
4050e0c49ba5e354,67.512
404d200000000000,58.25
405d200000000000,116.5
4065d80000000000,174.75
4050e47ae147ae14,67.57
404d2a3d70a3d70a,58.33
405d2a3d70a3d70a,116.66
4065dfae147ae148,174.99
4050ea6b50b0f27b,67.66279999999999
4050f70a3d70a3d7,67.86
404d600000000000,58.75
4066080000000000,176.25
4051099999999999,68.14999999999999
4066166666666666,176.7
405114bc6a7ef9db,68.324
404d7eb851eb851f,58.99
405d7eb851eb851f,117.98
40661f0a3d70a3d7,176.97
40511b6ae7d566cf,68.4284
40511c28f5c28f5c,68.44
404d866666666666,59.05
405d866666666666,118.1
406624cccccccccc,177.14999999999998
40511fdf3b645a1c,68.49799999999999
405d8ccccccccccd,118.2
406629999999999a,177.3
40512395810624dd,68.556
404d933333333333,59.15
405d933333333333,118.3
40662e6666666666,177.45
4051274bc6a7ef9d,68.61399999999999
40512b020c49ba5e,68.672
4066380000000000,177.75
40512eb851eb851e,68.72999999999999
404daa3d70a3d70a,59.33
405daa3d70a3d70a,118.66
40663fae147ae148,177.99
405134a8c154c985,68.82279999999999
40514147ae147ae1,69.02
404de00000000000,59.75
405de00000000000,119.5
4066680000000000,179.25
405153d70a3d70a4,69.31
405df33333333333,119.8
4066766666666666,179.7
40515ef9db22d0e5,69.484
404dfeb851eb851f,59.99
405dfeb851eb851f,119.98
40667f0a3d70a3d7,179.97
405165a858793dd9,69.5884
404e066666666666,60.05
405e066666666666,120.1
406684cccccccccc,180.14999999999998
40516a1cac083126,69.65799999999999
405e0ccccccccccd,120.2
406689999999999a,180.3
40516dd2f1a9fbe7,69.716
404e133333333333,60.15
405e133333333333,120.3
40668e6666666666,180.45
40517189374bc6a7,69.77399999999999
4066933333333334,180.60000000000002
4051753f7ced9168,69.832
404e200000000000,60.25
405e200000000000,120.5
4066980000000000,180.75
405178f5c28f5c29,69.89
404e2a3d70a3d70a,60.33
405e2a3d70a3d70a,120.66
40669fae147ae148,180.99
40517ee631f8a090,69.9828
40518b851eb851eb,70.17999999999999
4066c80000000000,182.25
40519e147ae147ae,70.47
405e733333333333,121.8
4066d66666666666,182.7
4051a9374bc6a7ef,70.64399999999999
404e7eb851eb851f,60.99
405e7eb851eb851f,121.98
4066df0a3d70a3d7,182.97
4051afe5c91d14e4,70.7484
405e800000000000,122.0
4066e00000000000,183.0
4051b0a3d70a3d70,70.75999999999999
404e866666666666,61.05
405e866666666666,122.1
4066e4cccccccccc,183.14999999999998
4051b45a1cac0831,70.818
4051b810624dd2f1,70.87599999999999
404e933333333333,61.15
405e933333333333,122.3
4066ee6666666666,183.45
4051bbc6a7ef9db2,70.934
4051bf7ced916873,70.992
404ea00000000000,61.25
4066f80000000000,183.75
4051c33333333333,71.05
404eaa3d70a3d70a,61.33
405eaa3d70a3d70a,122.66
4066ffae147ae148,183.99
4051c923a29c779a,71.1428
4051d5c28f5c28f5,71.33999999999999
404ee00000000000,61.75
405ee00000000000,123.5
4067280000000000,185.25
4051e851eb851eb8,71.63
405ef33333333333,123.8
4067366666666666,185.7
4051f374bc6a7ef9,71.80399999999999
404efeb851eb851f,61.99
405efeb851eb851f,123.98
40673f0a3d70a3d7,185.97
4051fa2339c0ebee,71.9084
4051fae147ae147b,71.92
404f066666666666,62.05
405f066666666666,124.1
406744cccccccccc,186.14999999999998
4051fe978d4fdf3b,71.978
406749999999999a,186.3
4052024dd2f1a9fc,72.036
404f133333333333,62.15
405f133333333333,124.3
40674e6666666666,186.45
40520604189374bc,72.094
405f19999999999a,124.4
4067533333333334,186.60000000000002
405209ba5e353f7d,72.152
4067580000000000,186.75
40520d70a3d70a3d,72.21
404f2a3d70a3d70a,62.33
405f2a3d70a3d70a,124.66
40675fae147ae148,186.99
4052136113404ea4,72.30279999999999
4067700000000000,187.5
404f600000000000,62.75
405f600000000000,125.5
4067880000000000,188.25
4052328f5c28f5c2,72.78999999999999
405f733333333333,125.8
4067966666666666,188.7
40523db22d0e5604,72.964
404f7eb851eb851f,62.99
405f7eb851eb851f,125.98
40679f0a3d70a3d7,188.97
40524460aa64c2f8,73.0684
4052451eb851eb85,73.08
404f866666666666,63.05
405f866666666666,126.1
4067a4cccccccccc,189.14999999999998
405248d4fdf3b645,73.13799999999999
405f8ccccccccccd,126.2
4067a9999999999a,189.3
40524c8b43958106,73.196
404f933333333333,63.15
405f933333333333,126.3
4067ae6666666666,189.45
4052504189374bc6,73.25399999999999
405f99999999999a,126.4
4067b33333333334,189.60000000000002
405253f7ced91687,73.312
404fa00000000000,63.25
4067b80000000000,189.75
405257ae147ae147,73.36999999999999
404faa3d70a3d70a,63.33
405faa3d70a3d70a,126.66
4067bfae147ae148,189.99
40525d9e83e425ae,73.46279999999999
405fc00000000000,127.0
4067d00000000000,190.5
40526a3d70a3d70a,73.66
4067e80000000000,191.25
40527ccccccccccc,73.94999999999999
405ff33333333333,127.8
4067f66666666666,191.7
405287ef9db22d0e,74.124
404ffeb851eb851f,63.99
405ffeb851eb851f,127.98
4067ff0a3d70a3d7,191.97
40528e9e1b089a02,74.2284
40528f5c28f5c28f,74.24
4050033333333333,64.05
4060033333333333,128.1
406804cccccccccc,192.14999999999998
405293126e978d4f,74.29799999999999
4060066666666666,128.2
4068099999999999,192.29999999999998
405296c8b4395810,74.356
405009999999999a,64.15
406009999999999a,128.3
40680e6666666667,192.45000000000002
40529a7ef9db22d1,74.414
40600ccccccccccd,128.4
4068133333333334,192.60000000000002
40529e353f7ced91,74.472
4050100000000000,64.25
4060100000000000,128.5
4068180000000000,192.75
4052a1eb851eb852,74.53
4050151eb851eb85,64.33
4060151eb851eb85,128.66
40681fae147ae148,192.99
4052a7dbf487fcb9,74.6228
4052b47ae147ae14,74.82
4050300000000000,64.75
4068480000000000,194.25
4052c70a3d70a3d7,75.11
4052d22d0e560419,75.284
40503f5c28f5c28f,64.99
40603f5c28f5c28f,129.98
40685f0a3d70a3d6,194.96999999999997
4052d8db8bac710c,75.38839999999999
4052d99999999999,75.39999999999999
4050433333333333,65.05
4060433333333333,130.1
406864cccccccccc,195.14999999999998
4052dd4fdf3b645a,75.458
4060466666666666,130.2
4068699999999999,195.29999999999998
4052e10624dd2f1a,75.51599999999999
405049999999999a,65.15
406049999999999a,130.3
40686e6666666667,195.45000000000002
4052e4bc6a7ef9db,75.574
40604ccccccccccd,130.4
4068733333333334,195.60000000000002
4052e872b020c49c,75.632
4068780000000000,195.75
4052ec28f5c28f5c,75.69
4050551eb851eb85,65.33
4060551eb851eb85,130.66
40687fae147ae148,195.99
4052f219652bd3c3,75.7828
4060600000000000,131.0
4068900000000000,196.5
4052feb851eb851e,75.97999999999999
4050700000000000,65.75
4060700000000000,131.5
4068a80000000000,197.25
40531147ae147ae1,76.27
406079999999999a,131.8
4068b66666666667,197.70000000000002
40531c6a7ef9db23,76.444
40507f5c28f5c28f,65.99
40607f5c28f5c28f,131.98
4068bf0a3d70a3d6,197.96999999999997
40532318fc504816,76.54839999999999
405323d70a3d70a3,76.55999999999999
4050833333333333,66.05
4060833333333333,132.1
4068c4cccccccccc,198.14999999999998
4053278d4fdf3b64,76.618
4060866666666666,132.2
4068c99999999999,198.29999999999998
40532b4395810624,76.67599999999999
4068ce6666666667,198.45000000000002
40532ef9db22d0e5,76.734
40608ccccccccccd,132.4
4068d33333333334,198.60000000000002
405332b020c49ba6,76.792
4050900000000000,66.25
4068d80000000000,198.75
4053366666666666,76.85
4050951eb851eb85,66.33
4060951eb851eb85,132.66
4068dfae147ae148,198.99
40533c56d5cfaacd,76.94279999999999
405348f5c28f5c29,77.14
4069080000000000,200.25
40535b851eb851eb,77.42999999999999
4050b9999999999a,66.9
4060b9999999999a,133.8
4069166666666667,200.70000000000002
405366a7ef9db22d,77.604
4060bf5c28f5c28f,133.98
40691f0a3d70a3d6,200.96999999999997
40536d566cf41f20,77.70839999999998
4060c00000000000,134.0
4069200000000000,201.0
40536e147ae147ae,77.72
4050c33333333333,67.05
4060c33333333333,134.1
406924cccccccccc,201.14999999999998
405371cac083126e,77.77799999999999
4050c66666666666,67.1
4060c66666666666,134.2
4069299999999999,201.29999999999998
405375810624dd2e,77.83599999999998
4050c9999999999a,67.15
4060c9999999999a,134.3
40692e6666666667,201.45000000000002
405379374bc6a7f0,77.894
40537ced916872b0,77.952
4050d00000000000,67.25
4060d00000000000,134.5
4069380000000000,201.75
405380a3d70a3d70,78.00999999999999
4050d51eb851eb85,67.33
4060d51eb851eb85,134.66
40693fae147ae148,201.99
40538694467381d7,78.10279999999999
4050f00000000000,67.75
4060f00000000000,135.5
4069680000000000,203.25
4053a5c28f5c28f5,78.58999999999999
4050f9999999999a,67.9
4060f9999999999a,135.8
4069766666666667,203.70000000000002
4053b0e560418937,78.764
4050ff5c28f5c28f,67.99
4060ff5c28f5c28f,135.98
40697f0a3d70a3d6,203.96999999999997
4053b793dd97f62b,78.8684
4053b851eb851eb8,78.88
4051033333333333,68.05
4061033333333333,136.1
406984cccccccccc,204.14999999999998
4053bc083126e978,78.93799999999999
4061066666666666,136.2
4069899999999999,204.29999999999998
4053bfbe76c8b438,78.99599999999998
405109999999999a,68.15
40698e6666666667,204.45000000000002
4053c374bc6a7efa,79.054
4069933333333334,204.60000000000002
4053c72b020c49ba,79.112
4069980000000000,204.75
4053cae147ae147a,79.16999999999999
4051151eb851eb85,68.33
4061151eb851eb85,136.66
40699fae147ae148,204.99
4053d0d1b71758e2,79.2628
4061200000000000,137.0
4069b00000000000,205.5
4053dd70a3d70a3d,79.46
4051300000000000,68.75
4069c80000000000,206.25
4053f00000000000,79.75
4053fb22d0e56042,79.924
40513f5c28f5c28f,68.99
40613f5c28f5c28f,137.98
4069df0a3d70a3d6,206.96999999999997
405401d14e3bcd35,80.02839999999999
4054028f5c28f5c2,80.03999999999999
4051433333333333,69.05
4061433333333333,138.1
4069e4cccccccccc,207.14999999999998
40540645a1cac082,80.09799999999998
4051466666666666,69.1
4061466666666666,138.2
4069e99999999999,207.29999999999998
405409fbe76c8b43,80.15599999999999
4069ee6666666667,207.45000000000002
40540db22d0e5604,80.214
40514ccccccccccd,69.2
40614ccccccccccd,138.4
4069f33333333334,207.60000000000002
4054116872b020c4,80.27199999999999
4051500000000000,69.25
4061500000000000,138.5
4069f80000000000,207.75
4054151eb851eb85,80.33
4051551eb851eb85,69.33
4061551eb851eb85,138.66
4069ffae147ae148,207.99
40541b0f27bb2fec,80.4228
4061600000000000,139.0
406a100000000000,208.5
405427ae147ae147,80.61999999999999
406a280000000000,209.25
40543a3d70a3d70a,80.91
405179999999999a,69.9
406179999999999a,139.8
406a366666666667,209.70000000000002
405445604189374c,81.084
40617f5c28f5c28f,139.98
406a3f0a3d70a3d6,209.96999999999997
40544c0ebedfa43f,81.18839999999999
40544ccccccccccc,81.19999999999999
4051833333333333,70.05
4061833333333333,140.1
406a44cccccccccc,210.14999999999998
40545083126e978d,81.258
4061866666666666,140.2
406a499999999999,210.29999999999998
405454395810624d,81.31599999999999
405189999999999a,70.15
406189999999999a,140.3
406a4e6666666667,210.45000000000002
405457ef9db22d0e,81.374
40545ba5e353f7cf,81.432
4051900000000000,70.25
4061900000000000,140.5
406a580000000000,210.75
40545f5c28f5c28f,81.49
4051951eb851eb85,70.33
4061951eb851eb85,140.66
406a5fae147ae148,210.99
4054654c985f06f6,81.58279999999999
405471eb851eb852,81.78
4051b00000000000,70.75
4061b00000000000,141.5
406a880000000000,212.25
4054847ae147ae14,82.07
4051b9999999999a,70.9
4061b9999999999a,141.8
406a966666666667,212.70000000000002
40548f9db22d0e56,82.244
4051bf5c28f5c28f,70.99
4061bf5c28f5c28f,141.98
406a9f0a3d70a3d6,212.96999999999997
4054964c2f837b49,82.34839999999998
4061c00000000000,142.0
406aa00000000000,213.0
4054970a3d70a3d7,82.36
4061c33333333333,142.1
406aa4cccccccccc,213.14999999999998
40549ac083126e97,82.41799999999999
4051c66666666666,71.1
4061c66666666666,142.2
406aa99999999999,213.29999999999998
40549e76c8b43957,82.47599999999998
4051c9999999999a,71.15
4061c9999999999a,142.3
406aae6666666667,213.45000000000002
4054a22d0e560419,82.534
4051cccccccccccd,71.2
4061cccccccccccd,142.4
406ab33333333334,213.60000000000002
4054a5e353f7ced9,82.592
406ab80000000000,213.75
4054a99999999999,82.64999999999999
4051d51eb851eb85,71.33
4061d51eb851eb85,142.66
406abfae147ae148,213.99
4054af8a0902de00,82.74279999999999
4054bc28f5c28f5c,82.94
4051f00000000000,71.75
406ae80000000000,215.25
4054ceb851eb851e,83.22999999999999
4051f9999999999a,71.9
4061f9999999999a,143.8
406af66666666667,215.70000000000002
4054d9db22d0e560,83.404
4051ff5c28f5c28f,71.99
4061ff5c28f5c28f,143.98
406aff0a3d70a3d6,215.96999999999997
4054e089a0275254,83.5084
4054e147ae147ae1,83.52
4052033333333333,72.05
4062033333333333,144.1
406b04cccccccccc,216.14999999999998
4054e4fdf3b645a1,83.57799999999999
4062066666666666,144.2
406b099999999999,216.29999999999998
4054e8b439581061,83.63599999999998
406b0e6666666667,216.45000000000002
4054ec6a7ef9db23,83.694
4054f020c49ba5e3,83.752
4052100000000000,72.25
4062100000000000,144.5
406b180000000000,216.75
4054f3d70a3d70a3,83.80999999999999
4052151eb851eb85,72.33
4062151eb851eb85,144.66
406b1fae147ae148,216.99
4054f9c779a6b50b,83.9028
406b300000000000,217.5
406b480000000000,218.25
405518f5c28f5c29,84.39
406b566666666667,218.70000000000002
405524189374bc6b,84.56400000000001
40623f5c28f5c28f,145.98
406b5f0a3d70a3d6,218.96999999999997
40552ac710cb295e,84.66839999999999
4062400000000000,146.0
406b600000000000,219.0
40552b851eb851eb,84.67999999999999
4052433333333333,73.05
4062433333333333,146.1
406b64cccccccccc,219.14999999999998
40552f3b645a1cab,84.73799999999999
405532f1a9fbe76c,84.79599999999999
405249999999999a,73.15
406249999999999a,146.3
406b6e6666666667,219.45000000000002
405536a7ef9db22d,84.854
40524ccccccccccd,73.2
40624ccccccccccd,146.4
406b733333333334,219.60000000000002
40553a5e353f7ced,84.91199999999999
4052500000000000,73.25
4062500000000000,146.5
406b780000000000,219.75
40553e147ae147ae,84.97
4052551eb851eb85,73.33
4062551eb851eb85,146.66
406b7fae147ae148,219.99
40554404ea4a8c15,85.0628
405550a3d70a3d70,85.25999999999999
4052700000000000,73.75
406ba80000000000,221.25
4055633333333333,85.55
405279999999999a,73.9
406279999999999a,147.8
406bb66666666667,221.70000000000002
40556e5604189375,85.724
40527f5c28f5c28f,73.99
40627f5c28f5c28f,147.98
406bbf0a3d70a3d6,221.96999999999997
40557504816f0068,85.82839999999999
405575c28f5c28f5,85.83999999999999
4052833333333333,74.05
4062833333333333,148.1
406bc4cccccccccc,222.14999999999998
40557978d4fdf3b6,85.898
4062866666666666,148.2
406bc99999999999,222.29999999999998
40557d2f1a9fbe76,85.95599999999999
405289999999999a,74.15
406289999999999a,148.3
406bce6666666667,222.45000000000002
405580e560418937,86.014
4055849ba5e353f8,86.072
406bd80000000000,222.75
40558851eb851eb8,86.13
4052951eb851eb85,74.33
4062951eb851eb85,148.66
406bdfae147ae148,222.99
40558e425aee631f,86.22279999999999
4062a00000000000,149.0
406bf00000000000,223.5
40559ae147ae147a,86.41999999999999
4052b00000000000,74.75
4062b00000000000,149.5
406c080000000000,224.25
4055ad70a3d70a3d,86.71
4052b9999999999a,74.9
4062b9999999999a,149.8
406c166666666667,224.70000000000002
4055b89374bc6a7f,86.884
4052bf5c28f5c28f,74.99
4062bf5c28f5c28f,149.98
406c1f0a3d70a3d6,224.96999999999997
4055bf41f212d772,86.98839999999998
4052c33333333333,75.05
4062c33333333333,150.1
406c24cccccccccc,225.14999999999998
4055c3b645a1cac0,87.05799999999999
4052c66666666666,75.1
4062c66666666666,150.2
406c299999999999,225.29999999999998
4055c76c8b439580,87.11599999999999
406c2e6666666667,225.45000000000002
4055cb22d0e56042,87.174
4055ced916872b02,87.232
4052d00000000000,75.25
406c380000000000,225.75
4055d28f5c28f5c2,87.28999999999999
4052d51eb851eb85,75.33
4062d51eb851eb85,150.66
406c3fae147ae148,225.99
4055d87fcb923a29,87.38279999999999
4062e00000000000,151.0
406c500000000000,226.5
4055e51eb851eb85,87.58
406c680000000000,227.25
4055f7ae147ae147,87.86999999999999
406c766666666667,227.70000000000002
405602d0e5604189,88.044
4062ff5c28f5c28f,151.98
406c7f0a3d70a3d6,227.96999999999997
4056097f62b6ae7c,88.14839999999998
40560a3d70a3d70a,88.16
4053033333333333,76.05
4063033333333333,152.1
406c84cccccccccc,228.14999999999998
40560df3b645a1ca,88.21799999999999
4063066666666666,152.2
406c899999999999,228.29999999999998
405611a9fbe76c8a,88.27599999999998
405309999999999a,76.15
406309999999999a,152.3
406c8e6666666667,228.45000000000002
405615604189374c,88.334
40630ccccccccccd,152.4
406c933333333334,228.60000000000002
40561916872b020c,88.392
4053100000000000,76.25
4063100000000000,152.5
406c980000000000,228.75
40561ccccccccccc,88.44999999999999
4053151eb851eb85,76.33
4063151eb851eb85,152.66
406c9fae147ae148,228.99
405622bd3c361133,88.54279999999999
40562f5c28f5c28f,88.74
4053300000000000,76.75
4063300000000000,153.5
406cc80000000000,230.25
405641eb851eb851,89.02999999999999
405339999999999a,76.9
406339999999999a,153.8
406cd66666666667,230.70000000000002
40564d0e56041893,89.204
40533f5c28f5c28f,76.99
40633f5c28f5c28f,153.98
406cdf0a3d70a3d6,230.96999999999997
405653bcd35a8587,89.30839999999999
4056547ae147ae14,89.32
4053433333333333,77.05
4063433333333333,154.1
406ce4cccccccccc,231.14999999999998
4056583126e978d4,89.37799999999999
4053466666666666,77.1
4063466666666666,154.2
406ce99999999999,231.29999999999998
40565be76c8b4395,89.43599999999999
405349999999999a,77.15
406349999999999a,154.3
406cee6666666667,231.45000000000002
40565f9db22d0e56,89.494
40534ccccccccccd,77.2
40634ccccccccccd,154.4
406cf33333333334,231.60000000000002
40566353f7ced916,89.55199999999999
406cf80000000000,231.75
4056670a3d70a3d7,89.61
4053551eb851eb85,77.33
4063551eb851eb85,154.66
406cffae147ae148,231.99
40566cfaacd9e83e,89.7028
406d100000000000,232.5
4056799999999999,89.89999999999999
4053700000000000,77.75
4063700000000000,155.5
406d280000000000,233.25
40568c28f5c28f5c,90.19
4056974bc6a7ef9e,90.364
40537f5c28f5c28f,77.99
40637f5c28f5c28f,155.98
406d3f0a3d70a3d6,233.96999999999997
40569dfa43fe5c91,90.46839999999999
40569eb851eb851e,90.47999999999999
4053833333333333,78.05
4063833333333333,156.1
406d44cccccccccc,234.14999999999998
4056a26e978d4fdf,90.538
4063866666666666,156.2
406d499999999999,234.29999999999998
4056a624dd2f1a9f,90.59599999999999
406d4e6666666667,234.45000000000002
4056a9db22d0e560,90.654
4056ad916872b021,90.712
4053900000000000,78.25
4063900000000000,156.5
406d580000000000,234.75
4056b147ae147ae1,90.77
4053951eb851eb85,78.33
4063951eb851eb85,156.66
406d5fae147ae148,234.99
4056b7381d7dbf48,90.8628
4063a00000000000,157.0
406d700000000000,235.5
4056c3d70a3d70a3,91.05999999999999
406d880000000000,236.25
4056d66666666666,91.35
4053b9999999999a,78.9
4063b9999999999a,157.8
406d966666666667,236.70000000000002
4056e189374bc6a8,91.524
4063bf5c28f5c28f,157.98
406d9f0a3d70a3d6,236.96999999999997
4056e837b4a2339b,91.62839999999998
4063c00000000000,158.0
406da00000000000,237.0
4056e8f5c28f5c29,91.64
4053c33333333333,79.05
406da4cccccccccc,237.14999999999998
4056ecac083126e9,91.698
4053c66666666666,79.1
4063c66666666666,158.2
406da99999999999,237.29999999999998
4056f0624dd2f1a9,91.75599999999999
4053c9999999999a,79.15
4063c9999999999a,158.3
406dae6666666667,237.45000000000002
4056f4189374bc6b,91.81400000000001
4056f7ced916872b,91.872
4053d00000000000,79.25
4063d00000000000,158.5
406db80000000000,237.75
4056fb851eb851eb,91.92999999999999
4053d51eb851eb85,79.33
4063d51eb851eb85,158.66
406dbfae147ae148,237.99
405701758e219652,92.02279999999999
40570e147ae147ae,92.22
406de80000000000,239.25
405720a3d70a3d70,92.50999999999999
40572bc6a7ef9db2,92.684
4053ff5c28f5c28f,79.99
4063ff5c28f5c28f,159.98
406dff0a3d70a3d6,239.96999999999997
4057327525460aa5,92.78839999999998
4057333333333333,92.8
4054033333333333,80.05
4064033333333333,160.1
406e04cccccccccc,240.14999999999998
405736e978d4fdf3,92.85799999999999
4064066666666666,160.2
406e099999999999,240.29999999999998
40573a9fbe76c8b3,92.91599999999998
405409999999999a,80.15
406409999999999a,160.3
406e0e6666666667,240.45000000000002
40573e5604189375,92.974
40640ccccccccccd,160.4
406e133333333334,240.60000000000002
4057420c49ba5e35,93.032
406e180000000000,240.75
405745c28f5c28f5,93.08999999999999
4064151eb851eb85,160.66
406e1fae147ae148,240.99
40574bb2fec56d5c,93.18279999999999
406e300000000000,241.5
40575851eb851eb8,93.38
4054300000000000,80.75
4064300000000000,161.5
406e480000000000,242.25
40576ae147ae147a,93.66999999999999
405439999999999a,80.9
406439999999999a,161.8
406e566666666667,242.70000000000002
40577604189374bc,93.844
40543f5c28f5c28f,80.99
40643f5c28f5c28f,161.98
406e5f0a3d70a3d6,242.96999999999997
40577cb295e9e1b0,93.94839999999999
40577d70a3d70a3d,93.96
4054433333333333,81.05
4064433333333333,162.1
406e64cccccccccc,243.14999999999998
40578126e978d4fd,94.01799999999999
4054466666666666,81.1
4064466666666666,162.2
406e699999999999,243.29999999999998
405784dd2f1a9fbe,94.076
406e6e6666666667,243.45000000000002
4057889374bc6a7f,94.134
40578c49ba5e353f,94.192
4054500000000000,81.25
4064500000000000,162.5
406e780000000000,243.75
4057900000000000,94.25
4054551eb851eb85,81.33
4064551eb851eb85,162.66
406e7fae147ae148,243.99
405795f06f694467,94.3428
4064600000000000,163.0
406e900000000000,244.5
4057a28f5c28f5c2,94.53999999999999
406ea80000000000,245.25
4057b51eb851eb85,94.83
406eb66666666667,245.70000000000002
4057c04189374bc7,95.004
40647f5c28f5c28f,163.98
406ebf0a3d70a3d6,245.96999999999997
4057c6f0068db8ba,95.10839999999999
4057c7ae147ae147,95.11999999999999
4054833333333333,82.05
4064833333333333,164.1
406ec4cccccccccc,246.14999999999998
4057cb645a1cac07,95.17799999999998
4064866666666666,164.2
406ec99999999999,246.29999999999998
4057cf1a9fbe76c8,95.23599999999999
405489999999999a,82.15
406ece6666666667,246.45000000000002
4057d2d0e5604189,95.294
40648ccccccccccd,164.4
406ed33333333334,246.60000000000002
4057d6872b020c49,95.35199999999999
4054900000000000,82.25
406ed80000000000,246.75
4057da3d70a3d70a,95.41
4054951eb851eb85,82.33
4064951eb851eb85,164.66
406edfae147ae148,246.99
4057e02de00d1b71,95.5028
4054b00000000000,82.75
4064b00000000000,165.5
406f080000000000,248.25
4057ff5c28f5c28f,95.99
4054b9999999999a,82.9
4064b9999999999a,165.8
406f166666666667,248.70000000000002
40580a7ef9db22d1,96.164
4054bf5c28f5c28f,82.99
4064bf5c28f5c28f,165.98
406f1f0a3d70a3d6,248.96999999999997
4058112d77318fc4,96.26839999999999
4064c00000000000,166.0
406f200000000000,249.0
405811eb851eb851,96.27999999999999
4054c33333333333,83.05
4064c33333333333,166.1
406f24cccccccccc,249.14999999999998
405815a1cac08312,96.338
4054c66666666666,83.1
4064c66666666666,166.2
406f299999999999,249.29999999999998
4058195810624dd2,96.39599999999999
4054c9999999999a,83.15
4064c9999999999a,166.3
406f2e6666666667,249.45000000000002
40581d0e56041893,96.454
405820c49ba5e354,96.512
406f380000000000,249.75
4058247ae147ae14,96.57
4054d51eb851eb85,83.33
4064d51eb851eb85,166.66
406f3fae147ae148,249.99
40582a6b50b0f27b,96.66279999999999
4064e00000000000,167.0
406f500000000000,250.5
4058370a3d70a3d7,96.86
4054f00000000000,83.75
4064f00000000000,167.5
406f680000000000,251.25
4058499999999999,97.14999999999999
4054f9999999999a,83.9
4064f9999999999a,167.8
406f766666666667,251.70000000000002
405854bc6a7ef9db,97.324
4054ff5c28f5c28f,83.99
4064ff5c28f5c28f,167.98
406f7f0a3d70a3d6,251.96999999999997
40585b6ae7d566ce,97.42839999999998
40585c28f5c28f5c,97.44
4055033333333333,84.05
4065033333333333,168.1
406f84cccccccccc,252.14999999999998
40585fdf3b645a1c,97.49799999999999
4065066666666666,168.2
406f899999999999,252.29999999999998
40586395810624dc,97.55599999999998
406f8e6666666667,252.45000000000002
4058674bc6a7ef9e,97.614
40650ccccccccccd,168.4
406f933333333334,252.60000000000002
40586b020c49ba5e,97.672
4055100000000000,84.25
4065100000000000,168.5
406f980000000000,252.75
40586eb851eb851e,97.72999999999999
4055151eb851eb85,84.33
4065151eb851eb85,168.66
406f9fae147ae148,252.99
405874a8c154c985,97.82279999999999
4065200000000000,169.0
406fb00000000000,253.5
40588147ae147ae1,98.02
406fc80000000000,254.25
405893d70a3d70a3,98.30999999999999
405539999999999a,84.9
406539999999999a,169.8
406fd66666666667,254.70000000000002
40589ef9db22d0e5,98.484
40653f5c28f5c28f,169.98
406fdf0a3d70a3d6,254.96999999999997
4058a5a858793dd9,98.5884
4058a66666666666,98.6
4055433333333333,85.05
4065433333333333,170.1
406fe4cccccccccc,255.14999999999998
4058aa1cac083126,98.65799999999999
4055466666666666,85.1
4065466666666666,170.2
406fe99999999999,255.29999999999998
4058add2f1a9fbe6,98.71599999999998
405549999999999a,85.15
406549999999999a,170.3
406fee6666666667,255.45000000000002
4058b189374bc6a8,98.774
40554ccccccccccd,85.2
40654ccccccccccd,170.4
406ff33333333334,255.60000000000002
4058b53f7ced9168,98.832
4055500000000000,85.25
406ff80000000000,255.75
4058b8f5c28f5c28,98.88999999999999
4055551eb851eb85,85.33
4065551eb851eb85,170.66
406fffae147ae148,255.99
4058bee631f8a090,98.9828
4058cb851eb851eb,99.17999999999999
4055700000000000,85.75
4070140000000000,257.25
4058de147ae147ae,99.47
405579999999999a,85.9
406579999999999a,171.8
40701b3333333334,257.70000000000005
4058e9374bc6a7f0,99.644
40557f5c28f5c28f,85.99
40657f5c28f5c28f,171.98
40701f851eb851eb,257.96999999999997
4058efe5c91d14e3,99.74839999999999
4058f0a3d70a3d70,99.75999999999999
4055833333333333,86.05
4065833333333333,172.1
4070226666666666,258.15
4058f45a1cac0830,99.81799999999998
4065866666666666,172.2
407024cccccccccc,258.29999999999995
4058f810624dd2f1,99.87599999999999
405589999999999a,86.15
406589999999999a,172.3
4070273333333334,258.45000000000005
4058fbc6a7ef9db2,99.934
40658ccccccccccd,172.4
407029999999999a,258.6
4058ff7ced916872,99.99199999999999
40702c0000000000,258.75
4059033333333333,100.05
4055951eb851eb85,86.33
4065951eb851eb85,172.66
40702fd70a3d70a4,258.99
40590923a29c779a,100.1428
4065a00000000000,173.0
4070380000000000,259.5
405915c28f5c28f5,100.33999999999999
4055b00000000000,86.75
4065b00000000000,173.5
4070440000000000,260.25
40592851eb851eb8,100.63
4055b9999999999a,86.9
4065b9999999999a,173.8
40704b3333333334,260.70000000000005
40593374bc6a7efa,100.804
4055bf5c28f5c28f,86.99
4065bf5c28f5c28f,173.98
40704f851eb851eb,260.96999999999997
40593a2339c0ebed,100.90839999999999
40593ae147ae147a,100.91999999999999
4055c33333333333,87.05
4065c33333333333,174.1
4070526666666666,261.15
40593e978d4fdf3b,100.978
4055c66666666666,87.1
4065c66666666666,174.2
407054cccccccccc,261.29999999999995
4059424dd2f1a9fb,101.03599999999999
4070573333333334,261.45000000000005
40594604189374bc,101.094
4055cccccccccccd,87.2
4065cccccccccccd,174.4
407059999999999a,261.6
405949ba5e353f7d,101.152
4055d00000000000,87.25
4065d00000000000,174.5
40705c0000000000,261.75
40594d70a3d70a3d,101.21
4055d51eb851eb85,87.33
4065d51eb851eb85,174.66
40705fd70a3d70a4,261.99
4059536113404ea4,101.30279999999999
4070680000000000,262.5
4070740000000000,263.25
4059728f5c28f5c2,101.78999999999999
4055f9999999999a,87.9
4065f9999999999a,175.8
40707b3333333334,263.70000000000005
40597db22d0e5604,101.964
4065ff5c28f5c28f,175.98
40707f851eb851eb,263.96999999999997
40598460aa64c2f7,102.06839999999998
4059851eb851eb85,102.08
4056033333333333,88.05
4066033333333333,176.1
4070826666666666,264.15
405988d4fdf3b645,102.13799999999999
4066066666666666,176.2
407084cccccccccc,264.29999999999995
40598c8b43958105,102.19599999999998
405609999999999a,88.15
4070873333333334,264.45000000000005
4059904189374bc7,102.254
405993f7ced91687,102.312
4056100000000000,88.25
4066100000000000,176.5
40708c0000000000,264.75
405997ae147ae147,102.36999999999999
4056151eb851eb85,88.33
4066151eb851eb85,176.66
40708fd70a3d70a4,264.99
40599d9e83e425ae,102.46279999999999
4056300000000000,88.75
4066300000000000,177.5
4070a40000000000,266.25
4059bccccccccccc,102.94999999999999
405639999999999a,88.9
406639999999999a,177.8
4070ab3333333334,266.70000000000005
4059c7ef9db22d0e,103.124
40563f5c28f5c28f,88.99
40663f5c28f5c28f,177.98
4070af851eb851eb,266.96999999999997
4059ce9e1b089a02,103.2284
4066400000000000,178.0
4070b00000000000,267.0
4059cf5c28f5c28f,103.24
4056433333333333,89.05
4066433333333333,178.1
4070b26666666666,267.15
4059d3126e978d4f,103.29799999999999
4056466666666666,89.1
4066466666666666,178.2
4070b4cccccccccc,267.29999999999995
4059d6c8b439580f,103.35599999999998
405649999999999a,89.15
406649999999999a,178.3
4070b73333333334,267.45000000000005
4059da7ef9db22d1,103.414
40564ccccccccccd,89.2
40664ccccccccccd,178.4
4070b9999999999a,267.6
4059de353f7ced91,103.472
4070bc0000000000,267.75
4059e1eb851eb851,103.52999999999999
4056551eb851eb85,89.33
4066551eb851eb85,178.66
4070bfd70a3d70a4,267.99
4059e7dbf487fcb8,103.62279999999998
4066600000000000,179.0
4070c80000000000,268.5
4059f47ae147ae14,103.82
4056700000000000,89.75
4066700000000000,179.5
4070d40000000000,269.25
405a070a3d70a3d7,104.11
4070db3333333334,269.70000000000005
405a122d0e560419,104.284
40567f5c28f5c28f,89.99
40667f5c28f5c28f,179.98
4070df851eb851eb,269.96999999999997
405a18db8bac710c,104.38839999999999
405a199999999999,104.39999999999999
4056833333333333,90.05
4066833333333333,180.1
4070e26666666666,270.15
405a1d4fdf3b6459,104.45799999999998
4066866666666666,180.2
4070e4cccccccccc,270.29999999999995
405a210624dd2f1a,104.51599999999999
4070e73333333334,270.45000000000005
405a24bc6a7ef9db,104.574
4070e9999999999a,270.6
405a2872b020c49b,104.63199999999999
4056900000000000,90.25
4066900000000000,180.5
4070ec0000000000,270.75
405a2c28f5c28f5c,104.69
4056951eb851eb85,90.33
4066951eb851eb85,180.66
4070efd70a3d70a4,270.99
405a3219652bd3c3,104.7828
4066a00000000000,181.0
4070f80000000000,271.5
405a3eb851eb851e,104.97999999999999
4071040000000000,272.25
405a5147ae147ae1,105.27
4056b9999999999a,90.9
4066b9999999999a,181.8
40710b3333333334,272.70000000000005
405a5c6a7ef9db23,105.444
4066bf5c28f5c28f,181.98
40710f851eb851eb,272.96999999999997
405a6318fc504816,105.54839999999999
4071100000000000,273.0
405a63d70a3d70a3,105.55999999999999
4056c33333333333,91.05
4066c33333333333,182.1
4071126666666666,273.15
405a678d4fdf3b64,105.618
4056c66666666666,91.1
4066c66666666666,182.2
407114cccccccccc,273.29999999999995
405a6b4395810624,105.67599999999999
4056c9999999999a,91.15
4066c9999999999a,182.3
4071173333333334,273.45000000000005
405a6ef9db22d0e5,105.734
405a72b020c49ba6,105.792
4056d00000000000,91.25
4066d00000000000,182.5
40711c0000000000,273.75
405a766666666666,105.85
4056d51eb851eb85,91.33
4066d51eb851eb85,182.66
40711fd70a3d70a4,273.99
405a7c56d5cfaacd,105.94279999999999
4071280000000000,274.5
405a88f5c28f5c28,106.13999999999999
4056f00000000000,91.75
4066f00000000000,183.5
4071340000000000,275.25
405a9b851eb851eb,106.42999999999999
4056f9999999999a,91.9
4066f9999999999a,183.8
40713b3333333334,275.70000000000005
405aa6a7ef9db22d,106.604
4056ff5c28f5c28f,91.99
4066ff5c28f5c28f,183.98
40713f851eb851eb,275.96999999999997
405aad566cf41f20,106.70839999999998
405aae147ae147ae,106.72
4057033333333333,92.05
4067033333333333,184.1
4071426666666666,276.15
405ab1cac083126e,106.77799999999999
4067066666666666,184.2
407144cccccccccc,276.29999999999995
405ab5810624dd2e,106.83599999999998
405709999999999a,92.15
406709999999999a,184.3
4071473333333334,276.45000000000005
405ab9374bc6a7f0,106.894
40670ccccccccccd,184.4
407149999999999a,276.6
405abced916872b0,106.952
40714c0000000000,276.75
405ac0a3d70a3d70,107.00999999999999
4057151eb851eb85,92.33
4067151eb851eb85,184.66
40714fd70a3d70a4,276.99
405ac694467381d7,107.10279999999999
4071580000000000,277.5
405ad33333333333,107.3
4057300000000000,92.75
4071640000000000,278.25
405ae5c28f5c28f5,107.58999999999999
405739999999999a,92.9
406739999999999a,185.8
40716b3333333334,278.70000000000005
405af0e560418937,107.764
40573f5c28f5c28f,92.99
40673f5c28f5c28f,185.98
40716f851eb851eb,278.96999999999997
405af793dd97f62a,107.86839999999998
4071700000000000,279.0
405af851eb851eb8,107.88
4057433333333333,93.05
4067433333333333,186.1
4071726666666666,279.15
405afc083126e978,107.93799999999999
4057466666666666,93.1
4067466666666666,186.2
407174cccccccccc,279.29999999999995
405affbe76c8b438,107.99599999999998
4071773333333334,279.45000000000005
405b0374bc6a7efa,108.054
40574ccccccccccd,93.2
40674ccccccccccd,186.4
407179999999999a,279.6
405b072b020c49ba,108.112
4057500000000000,93.25
4067500000000000,186.5
40717c0000000000,279.75
405b0ae147ae147a,108.16999999999999
4057551eb851eb85,93.33
4067551eb851eb85,186.66
40717fd70a3d70a4,279.99
405b10d1b71758e1,108.26279999999998
405b1d70a3d70a3d,108.46
4071940000000000,281.25
405b2fffffffffff,108.74999999999999
405779999999999a,93.9
406779999999999a,187.8
40719b3333333334,281.70000000000005
405b3b22d0e56041,108.92399999999999
40677f5c28f5c28f,187.98
40719f851eb851eb,281.96999999999997
405b41d14e3bcd35,109.02839999999999
405b428f5c28f5c2,109.03999999999999
4057833333333333,94.05
4071a26666666666,282.15
405b4645a1cac082,109.09799999999998
4067866666666666,188.2
4071a4cccccccccc,282.29999999999995
405b49fbe76c8b43,109.15599999999999
405789999999999a,94.15
406789999999999a,188.3
4071a73333333334,282.45000000000005
405b4db22d0e5604,109.214
40678ccccccccccd,188.4
4071a9999999999a,282.6
405b516872b020c4,109.27199999999999
4067900000000000,188.5
4071ac0000000000,282.75
405b551eb851eb85,109.33
4057951eb851eb85,94.33
4067951eb851eb85,188.66
4071afd70a3d70a4,282.99
405b5b0f27bb2fec,109.4228
4071b80000000000,283.5
405b67ae147ae147,109.61999999999999
4057b00000000000,94.75
4067b00000000000,189.5
4071c40000000000,284.25
405b7a3d70a3d70a,109.91
4057b9999999999a,94.9
4067b9999999999a,189.8
4071cb3333333334,284.70000000000005
405b85604189374c,110.084
4057bf5c28f5c28f,94.99
4067bf5c28f5c28f,189.98
4071cf851eb851eb,284.96999999999997
405b8c0ebedfa43f,110.18839999999999
405b8ccccccccccc,110.19999999999999
4057c33333333333,95.05
4067c33333333333,190.1
4071d26666666666,285.15
405b9083126e978d,110.258
4057c66666666666,95.1
4067c66666666666,190.2
4071d4cccccccccc,285.29999999999995
405b94395810624d,110.31599999999999
4057c9999999999a,95.15
4067c9999999999a,190.3
4071d73333333334,285.45000000000005
405b97ef9db22d0e,110.374
405b9ba5e353f7cf,110.432
4071dc0000000000,285.75
405b9f5c28f5c28f,110.49
4057d51eb851eb85,95.33
4067d51eb851eb85,190.66
4071dfd70a3d70a4,285.99
405ba54c985f06f6,110.58279999999999
4067e00000000000,191.0
4071e80000000000,286.5
405bb1eb851eb851,110.77999999999999
4057f00000000000,95.75
4067f00000000000,191.5
4071f40000000000,287.25
405bc47ae147ae14,111.07
4057f9999999999a,95.9
4067f9999999999a,191.8
4071fb3333333334,287.70000000000005
405bcf9db22d0e56,111.244
4067ff5c28f5c28f,191.98
4071ff851eb851eb,287.96999999999997
405bd64c2f837b49,111.34839999999998
405bd70a3d70a3d6,111.35999999999999
4058033333333333,96.05
4068033333333333,192.1
4072026666666666,288.15
405bdac083126e97,111.41799999999999
4068066666666666,192.2
407204cccccccccc,288.29999999999995
405bde76c8b43957,111.47599999999998
405809999999999a,96.15
406809999999999a,192.3
4072073333333334,288.45000000000005
405be22d0e560418,111.53399999999999
407209999999999a,288.6
405be5e353f7ced9,111.592
4058100000000000,96.25
40720c0000000000,288.75
405be99999999999,111.64999999999999
4058151eb851eb85,96.33
4068151eb851eb85,192.66
40720fd70a3d70a4,288.99
405bef8a0902de00,111.74279999999999
4068200000000000,193.0
4072180000000000,289.5
405bfc28f5c28f5c,111.94
4072240000000000,290.25
405c0eb851eb851e,112.22999999999999
405c19db22d0e560,112.404
40683f5c28f5c28f,193.98
40722f851eb851eb,290.96999999999997
405c2089a0275253,112.50839999999998
4068400000000000,194.0
4072300000000000,291.0
405c2147ae147ae1,112.52
4058433333333333,97.05
4068433333333333,194.1
4072326666666666,291.15
405c24fdf3b645a1,112.57799999999999
4058466666666666,97.1
4068466666666666,194.2
407234cccccccccc,291.29999999999995
405c28b439581061,112.63599999999998
405849999999999a,97.15
406849999999999a,194.3
4072373333333334,291.45000000000005
405c2c6a7ef9db23,112.694
405c3020c49ba5e3,112.752
4058500000000000,97.25
4068500000000000,194.5
40723c0000000000,291.75
405c33d70a3d70a3,112.80999999999999
4058551eb851eb85,97.33
4068551eb851eb85,194.66
40723fd70a3d70a4,291.99
405c39c779a6b50a,112.90279999999998
4072480000000000,292.5
405c466666666666,113.1
4058700000000000,97.75
4068700000000000,195.5
4072540000000000,293.25
405c58f5c28f5c28,113.38999999999999
405879999999999a,97.9
406879999999999a,195.8
40725b3333333334,293.70000000000005
405c64189374bc6a,113.564
40587f5c28f5c28f,97.99
40687f5c28f5c28f,195.98
40725f851eb851eb,293.96999999999997
405c6ac710cb295e,113.66839999999999
405c6b851eb851eb,113.67999999999999
4058833333333333,98.05
4068833333333333,196.1
4072626666666666,294.15
405c6f3b645a1cab,113.73799999999999
4068866666666666,196.2
407264cccccccccc,294.29999999999995
405c72f1a9fbe76c,113.79599999999999
405889999999999a,98.15
406889999999999a,196.3
4072673333333334,294.45000000000005
405c76a7ef9db22d,113.854
40688ccccccccccd,196.4
407269999999999a,294.6
405c7a5e353f7ced,113.91199999999999
40726c0000000000,294.75
4058951eb851eb85,98.33
4068951eb851eb85,196.66
40726fd70a3d70a4,294.99
405c8404ea4a8c15,114.0628
4068a00000000000,197.0
4072780000000000,295.5
405c90a3d70a3d70,114.25999999999999
4058b00000000000,98.75
4068b00000000000,197.5
4072840000000000,296.25
405ca33333333333,114.55
40728b3333333334,296.70000000000005
405cae5604189375,114.724
4058bf5c28f5c28f,98.99
4068bf5c28f5c28f,197.98
40728f851eb851eb,296.96999999999997
405cb504816f0068,114.82839999999999
405cb5c28f5c28f5,114.83999999999999
4058c33333333333,99.05
4068c33333333333,198.1
4072926666666666,297.15
405cb978d4fdf3b5,114.89799999999998
4058c66666666666,99.1
4068c66666666666,198.2
407294cccccccccc,297.29999999999995
405cbd2f1a9fbe76,114.95599999999999
4058c9999999999a,99.15
4068c9999999999a,198.3
4072973333333334,297.45000000000005
405cc0e560418937,115.014
4068cccccccccccd,198.4
407299999999999a,297.6
405cc49ba5e353f7,115.07199999999999
4058d00000000000,99.25
4068d00000000000,198.5
40729c0000000000,297.75
405cc851eb851eb8,115.13
4058d51eb851eb85,99.33
4068d51eb851eb85,198.66
40729fd70a3d70a4,297.99
405cce425aee631f,115.22279999999999
4068e00000000000,199.0
4072a80000000000,298.5
405cdae147ae147a,115.41999999999999
4072b40000000000,299.25
405ced70a3d70a3d,115.71
4072bb3333333334,299.70000000000005
405cf89374bc6a7f,115.884
4068ff5c28f5c28f,199.98
4072bf851eb851eb,299.96999999999997
405cff41f212d772,115.98839999999998
405cffffffffffff,115.99999999999999
4069033333333333,200.1
4072c26666666666,300.15
405d03b645a1cac0,116.05799999999999
4069066666666666,200.2
4072c4cccccccccc,300.29999999999995
405d076c8b439580,116.11599999999999
405909999999999a,100.15
406909999999999a,200.3
4072c73333333334,300.45000000000005
405d0b22d0e56041,116.17399999999999
40690ccccccccccd,200.4
4072c9999999999a,300.6
405d0ed916872b02,116.232
4059100000000000,100.25
4069100000000000,200.5
4072cc0000000000,300.75
405d128f5c28f5c2,116.28999999999999
4059151eb851eb85,100.33
4069151eb851eb85,200.66
4072cfd70a3d70a4,300.99
405d187fcb923a29,116.38279999999999
4072d80000000000,301.5
405d251eb851eb85,116.58
4059300000000000,100.75
4069300000000000,201.5
4072e40000000000,302.25
405d37ae147ae147,116.86999999999999
405939999999999a,100.9
406939999999999a,201.8
4072eb3333333334,302.70000000000005
405d42d0e5604189,117.044
40593f5c28f5c28f,100.99
40693f5c28f5c28f,201.98
4072ef851eb851eb,302.96999999999997
405d497f62b6ae7c,117.14839999999998
4069400000000000,202.0
4072f00000000000,303.0
405d4a3d70a3d70a,117.16
4059433333333333,101.05
4072f26666666666,303.15
405d4df3b645a1ca,117.21799999999999
4059466666666666,101.1
4069466666666666,202.2
4072f4cccccccccc,303.29999999999995
405d51a9fbe76c8a,117.27599999999998
405949999999999a,101.15
406949999999999a,202.3
4072f73333333334,303.45000000000005
405d55604189374c,117.334
4072f9999999999a,303.6
405d5916872b020c,117.392
4072fc0000000000,303.75
4059551eb851eb85,101.33
4069551eb851eb85,202.66
4072ffd70a3d70a4,303.99
405d62bd3c361133,117.54279999999999
4073080000000000,304.5
405d6f5c28f5c28f,117.74
4059700000000000,101.75
4073140000000000,305.25
405d81eb851eb851,118.02999999999999
405979999999999a,101.9
406979999999999a,203.8
40731b3333333334,305.70000000000005
405d8d0e56041893,118.204
40597f5c28f5c28f,101.99
40697f5c28f5c28f,203.98
40731f851eb851eb,305.96999999999997
405d93bcd35a8587,118.30839999999999
405d947ae147ae14,118.32
4059833333333333,102.05
4069833333333333,204.1
4073226666666666,306.15
405d983126e978d4,118.37799999999999
4069866666666666,204.2
407324cccccccccc,306.29999999999995
405d9be76c8b4394,118.43599999999998
405989999999999a,102.15
406989999999999a,204.3
4073273333333334,306.45000000000005
405d9f9db22d0e56,118.494
40698ccccccccccd,204.4
407329999999999a,306.6
405da353f7ced916,118.55199999999999
4059900000000000,102.25
4069900000000000,204.5
40732c0000000000,306.75
405da70a3d70a3d6,118.60999999999999
4059951eb851eb85,102.33
4069951eb851eb85,204.66
40732fd70a3d70a4,306.99
405dacfaacd9e83e,118.7028
4073380000000000,307.5
405db99999999999,118.89999999999999
4073440000000000,308.25
405dcc28f5c28f5c,119.19
40734b3333333334,308.70000000000005
405dd74bc6a7ef9e,119.364
4069bf5c28f5c28f,205.98
40734f851eb851eb,308.96999999999997
405dddfa43fe5c91,119.46839999999999
4069c00000000000,206.0
4073500000000000,309.0
405ddeb851eb851e,119.47999999999999
4059c33333333333,103.05
4069c33333333333,206.1
4073526666666666,309.15
405de26e978d4fde,119.53799999999998
4059c66666666666,103.1
4069c66666666666,206.2
407354cccccccccc,309.29999999999995
405de624dd2f1a9f,119.59599999999999
4059c9999999999a,103.15
4069c9999999999a,206.3
4073573333333334,309.45000000000005
405de9db22d0e560,119.654
4059cccccccccccd,103.2
4069cccccccccccd,206.4
407359999999999a,309.6
405ded916872b020,119.71199999999999
4059d00000000000,103.25
40735c0000000000,309.75
405df147ae147ae1,119.77
4059d51eb851eb85,103.33
4069d51eb851eb85,206.66
40735fd70a3d70a4,309.99
405df7381d7dbf48,119.8628
4073680000000000,310.5
405e03d70a3d70a3,120.05999999999999
4059f00000000000,103.75
4069f00000000000,207.5
4073740000000000,311.25
405e166666666666,120.35
4059f9999999999a,103.9
4069f9999999999a,207.8
40737b3333333334,311.70000000000005
405e2189374bc6a8,120.524
4059ff5c28f5c28f,103.99
4069ff5c28f5c28f,207.98
40737f851eb851eb,311.96999999999997
405e2837b4a2339b,120.62839999999998
405e28f5c28f5c28,120.63999999999999
405a033333333333,104.05
406a033333333333,208.1
4073826666666666,312.15
405e2cac083126e9,120.698
406a066666666666,208.2
407384cccccccccc,312.29999999999995
405e30624dd2f1a9,120.75599999999999
405a09999999999a,104.15
406a09999999999a,208.3
4073873333333334,312.45000000000005
405e34189374bc6a,120.814
406a0ccccccccccd,208.4
407389999999999a,312.6
405e37ced916872b,120.872
40738c0000000000,312.75
405e3b851eb851eb,120.92999999999999
405a151eb851eb85,104.33
406a151eb851eb85,208.66
40738fd70a3d70a4,312.99
405e41758e219652,121.02279999999999
405e4e147ae147ad,121.21999999999998
405a300000000000,104.75
406a300000000000,209.5
4073a40000000000,314.25
405e60a3d70a3d70,121.50999999999999
405a39999999999a,104.9
406a39999999999a,209.8
4073ab3333333334,314.70000000000005
405e6bc6a7ef9db2,121.684
405a3f5c28f5c28f,104.99
406a3f5c28f5c28f,209.98
4073af851eb851eb,314.96999999999997
405e727525460aa5,121.78839999999998
4073b00000000000,315.0
405a433333333333,105.05
406a433333333333,210.1
4073b26666666666,315.15
405e76e978d4fdf3,121.85799999999999
405a466666666666,105.1
406a466666666666,210.2
4073b4cccccccccc,315.29999999999995
405e7a9fbe76c8b3,121.91599999999998
405a49999999999a,105.15
406a49999999999a,210.3
4073b73333333334,315.45000000000005
405e7e5604189375,121.974
405a4ccccccccccd,105.2
406a4ccccccccccd,210.4
4073b9999999999a,315.6
405e820c49ba5e35,122.032
405a500000000000,105.25
406a500000000000,210.5
4073bc0000000000,315.75
405e85c28f5c28f5,122.08999999999999
405a551eb851eb85,105.33
406a551eb851eb85,210.66
4073bfd70a3d70a4,315.99
405e8bb2fec56d5c,122.18279999999999
406a600000000000,211.0
4073c80000000000,316.5
405e9851eb851eb8,122.38
4073d40000000000,317.25
405eaae147ae147a,122.66999999999999
405a79999999999a,105.9
406a79999999999a,211.8
4073db3333333334,317.70000000000005
405eb604189374bc,122.844
406a7f5c28f5c28f,211.98
4073df851eb851eb,317.96999999999997
405ebcb295e9e1b0,122.94839999999999
405ebd70a3d70a3d,122.96
405a833333333333,106.05
406a833333333333,212.1
4073e26666666666,318.15
405ec126e978d4fd,123.01799999999999
406a866666666666,212.2
4073e4cccccccccc,318.29999999999995
405ec4dd2f1a9fbd,123.07599999999998
405a89999999999a,106.15
406a89999999999a,212.3
4073e73333333334,318.45000000000005
405ec89374bc6a7f,123.134
405ecc49ba5e353f,123.192
405a900000000000,106.25
406a900000000000,212.5
4073ec0000000000,318.75
405ecfffffffffff,123.24999999999999
405a951eb851eb85,106.33
406a951eb851eb85,212.66
4073efd70a3d70a4,318.99
405ed5f06f694466,123.34279999999998
4073f80000000000,319.5
405ee28f5c28f5c2,123.53999999999999
405ab00000000000,106.75
406ab00000000000,213.5
4074040000000000,320.25
405ef51eb851eb85,123.83
405ab9999999999a,106.9
406ab9999999999a,213.8
40740b3333333334,320.70000000000005
405f004189374bc7,124.004
405abf5c28f5c28f,106.99
406abf5c28f5c28f,213.98
40740f851eb851eb,320.96999999999997
405f06f0068db8ba,124.10839999999999
406ac00000000000,214.0
4074100000000000,321.0
405f07ae147ae147,124.11999999999999
405ac33333333333,107.05
406ac33333333333,214.1
4074126666666666,321.15
405f0b645a1cac07,124.17799999999998
405ac66666666666,107.1
406ac66666666666,214.2
407414cccccccccc,321.29999999999995
405f0f1a9fbe76c8,124.23599999999999
405ac9999999999a,107.15
406ac9999999999a,214.3
4074173333333334,321.45000000000005
405f12d0e5604189,124.294
405acccccccccccd,107.2
406acccccccccccd,214.4
407419999999999a,321.6
405f16872b020c49,124.35199999999999
40741c0000000000,321.75
405f1a3d70a3d70a,124.41
405ad51eb851eb85,107.33
406ad51eb851eb85,214.66
40741fd70a3d70a4,321.99
405f202de00d1b71,124.5028
4074280000000000,322.5
405af00000000000,107.75
406af00000000000,215.5
4074340000000000,323.25
405f3f5c28f5c28f,124.99
405af9999999999a,107.9
406af9999999999a,215.8
40743b3333333334,323.70000000000005
405f4a7ef9db22d1,125.164
405aff5c28f5c28f,107.99
406aff5c28f5c28f,215.98
40743f851eb851eb,323.96999999999997
405f512d77318fc4,125.26839999999999
405f51eb851eb851,125.27999999999999
405b033333333333,108.05
406b033333333333,216.1
4074426666666666,324.15
405f55a1cac08312,125.338
406b066666666666,216.2
407444cccccccccc,324.29999999999995
405f595810624dd2,125.39599999999999
405b09999999999a,108.15
406b09999999999a,216.3
4074473333333334,324.45000000000005
405f5d0e56041893,125.454
406b0ccccccccccd,216.4
407449999999999a,324.6
405f60c49ba5e354,125.512
405b100000000000,108.25
406b100000000000,216.5
40744c0000000000,324.75
405f647ae147ae14,125.57
405b151eb851eb85,108.33
406b151eb851eb85,216.66
40744fd70a3d70a4,324.99
405f6a6b50b0f27b,125.66279999999999
406b200000000000,217.0
4074580000000000,325.5
405f770a3d70a3d6,125.85999999999999
4074640000000000,326.25
406b39999999999a,217.8
40746b3333333334,326.70000000000005
405f94bc6a7ef9db,126.324
406b3f5c28f5c28f,217.98
40746f851eb851eb,326.96999999999997
405f9b6ae7d566ce,126.42839999999998
406b400000000000,218.0
4074700000000000,327.0
405f9c28f5c28f5c,126.44
405b433333333333,109.05
406b433333333333,218.1
4074726666666666,327.15
405f9fdf3b645a1c,126.49799999999999
405b466666666666,109.1
406b466666666666,218.2
407474cccccccccc,327.29999999999995
405fa395810624dc,126.55599999999998
405b49999999999a,109.15
4074773333333334,327.45000000000005
405fa74bc6a7ef9e,126.614
407479999999999a,327.6
405fab020c49ba5e,126.672
405b500000000000,109.25
406b500000000000,218.5
40747c0000000000,327.75
405faeb851eb851e,126.72999999999999
406b551eb851eb85,218.66
40747fd70a3d70a4,327.99
405fb4a8c154c985,126.82279999999999
4074880000000000,328.5
405fc147ae147ae1,127.02
405b700000000000,109.75
406b700000000000,219.5
4074940000000000,329.25
405fd3d70a3d70a3,127.30999999999999
405b79999999999a,109.9
406b79999999999a,219.8
40749b3333333334,329.70000000000005
405fdef9db22d0e5,127.484
405b7f5c28f5c28f,109.99
406b7f5c28f5c28f,219.98
40749f851eb851eb,329.96999999999997
405fe5a858793dd8,127.58839999999998
405fe66666666666,127.6
405b833333333333,110.05
406b833333333333,220.1
4074a26666666666,330.15
405fea1cac083126,127.65799999999999
406b866666666666,220.2
4074a4cccccccccc,330.29999999999995
405fedd2f1a9fbe6,127.71599999999998
405b89999999999a,110.15
406b89999999999a,220.3
4074a73333333334,330.45000000000005
405ff189374bc6a8,127.774
405ff53f7ced9168,127.832
4074ac0000000000,330.75
405ff8f5c28f5c28,127.88999999999999
405b951eb851eb85,110.33
406b951eb851eb85,220.66
4074afd70a3d70a4,330.99
405ffee631f8a08f,127.98279999999998
406ba00000000000,221.0
4074b80000000000,331.5
406005c28f5c28f5,128.17999999999998
405bb00000000000,110.75
406bb00000000000,221.5
4074c40000000000,332.25
40600f0a3d70a3d7,128.47
405bb9999999999a,110.9
406bb9999999999a,221.8
4074cb3333333334,332.70000000000005
4060149ba5e353f8,128.644
405bbf5c28f5c28f,110.99
406bbf5c28f5c28f,221.98
4074cf851eb851eb,332.96999999999997
406017f2e48e8a71,128.74839999999998
4074d00000000000,333.0
40601851eb851eb8,128.76
405bc33333333333,111.05
406bc33333333333,222.1
4074d26666666666,333.15
40601a2d0e560418,128.81799999999998
405bc66666666666,111.1
406bc66666666666,222.2
4074d4cccccccccc,333.29999999999995
40601c083126e978,128.87599999999998
405bc9999999999a,111.15
4074d73333333334,333.45000000000005
40601de353f7ced9,128.934
405bcccccccccccd,111.2
406bcccccccccccd,222.4
4074d9999999999a,333.6
40601fbe76c8b439,128.992
405bd00000000000,111.25
406bd00000000000,222.5
4074dc0000000000,333.75
4060219999999999,129.04999999999998
405bd51eb851eb85,111.33
406bd51eb851eb85,222.66
4074dfd70a3d70a4,333.99
40602491d14e3bcd,129.1428
406be00000000000,223.0
4074e80000000000,334.5
40602ae147ae147b,129.34
4074f40000000000,335.25
40603428f5c28f5c,129.63
405bf9999999999a,111.9
406bf9999999999a,223.8
4074fb3333333334,335.70000000000005
406039ba5e353f7d,129.804
406bff5c28f5c28f,223.98
4074ff851eb851eb,335.96999999999997
40603d119ce075f6,129.90839999999997
40603d70a3d70a3d,129.92
405c033333333333,112.05
406c033333333333,224.1
4075026666666666,336.15
40603f4bc6a7ef9d,129.97799999999998
406c066666666666,224.2
407504cccccccccc,336.29999999999995
40604126e978d4fd,130.03599999999997
405c09999999999a,112.15
406c09999999999a,224.3
4075073333333334,336.45000000000005
406043020c49ba5e,130.094
407509999999999a,336.6
406044dd2f1a9fbe,130.152
405c100000000000,112.25
406c100000000000,224.5
40750c0000000000,336.75
406046b851eb851e,130.20999999999998
405c151eb851eb85,112.33
406c151eb851eb85,224.66
40750fd70a3d70a4,336.99
406049b089a02752,130.3028
4075180000000000,337.5
405c300000000000,112.75
4075240000000000,338.25
40605947ae147ae1,130.79
405c39999999999a,112.9
406c39999999999a,225.8
40752b3333333334,338.70000000000005
40605ed916872b02,130.964
405c3f5c28f5c28f,112.99
406c3f5c28f5c28f,225.98
40752f851eb851eb,338.96999999999997
406062305532617c,131.0684
406c400000000000,226.0
4075300000000000,339.0
4060628f5c28f5c2,131.07999999999998
405c433333333333,113.05
406c433333333333,226.1
4075326666666666,339.15
4060646a7ef9db22,131.13799999999998
406c466666666666,226.2
407534cccccccccc,339.29999999999995
40606645a1cac083,131.196
405c49999999999a,113.15
406c49999999999a,226.3
4075373333333334,339.45000000000005
40606820c49ba5e3,131.254
405c4ccccccccccd,113.2
406c4ccccccccccd,226.4
407539999999999a,339.6
406069fbe76c8b43,131.31199999999998
40753c0000000000,339.75
40606bd70a3d70a4,131.37
405c551eb851eb85,113.33
406c551eb851eb85,226.66
40753fd70a3d70a4,339.99
40606ecf41f212d7,131.4628
406c600000000000,227.0
4075480000000000,340.5
4060751eb851eb85,131.66
405c700000000000,113.75
406c700000000000,227.5
4075540000000000,341.25
40607e6666666666,131.95
405c79999999999a,113.9
406c79999999999a,227.8
40755b3333333334,341.70000000000005
406083f7ced91687,132.124
405c7f5c28f5c28f,113.99
406c7f5c28f5c28f,227.98
40755f851eb851eb,341.96999999999997
4060874f0d844d01,132.2284
406087ae147ae147,132.23999999999998
405c833333333333,114.05
406c833333333333,228.1
4075626666666666,342.15
40608989374bc6a7,132.29799999999997
406c866666666666,228.2
407564cccccccccc,342.29999999999995
40608b645a1cac08,132.356
405c89999999999a,114.15
406c89999999999a,228.3
4075673333333334,342.45000000000005
40608d3f7ced9168,132.414
406c8ccccccccccd,228.4
407569999999999a,342.6
40608f1a9fbe76c8,132.47199999999998
405c900000000000,114.25
406c900000000000,228.5
40756c0000000000,342.75
406090f5c28f5c29,132.53
405c951eb851eb85,114.33
406c951eb851eb85,228.66
40756fd70a3d70a4,342.99
406093edfa43fe5c,132.62279999999998
406ca00000000000,229.0
4075780000000000,343.5
40609a3d70a3d70a,132.82
4075840000000000,344.25
4060a3851eb851eb,133.10999999999999
405cb9999999999a,114.9
406cb9999999999a,229.8
40758b3333333334,344.70000000000005
4060a916872b020c,133.284
406cbf5c28f5c28f,229.98
40758f851eb851eb,344.96999999999997
4060ac6dc5d63886,133.3884
4075900000000000,345.0
4060accccccccccc,133.39999999999998
405cc33333333333,115.05
406cc33333333333,230.1
4075926666666666,345.15
4060aea7ef9db22d,133.458
405cc66666666666,115.1
406cc66666666666,230.2
407594cccccccccc,345.29999999999995
4060b083126e978d,133.516
405cc9999999999a,115.15
4075973333333334,345.45000000000005
4060b25e353f7ced,133.57399999999998
406ccccccccccccd,230.4
407599999999999a,345.6
4060b4395810624e,133.632
405cd00000000000,115.25
406cd00000000000,230.5
40759c0000000000,345.75
4060b6147ae147ae,133.69
405cd51eb851eb85,115.33
406cd51eb851eb85,230.66
40759fd70a3d70a4,345.99
4060b90cb295e9e1,133.78279999999998
4075a80000000000,346.5
405cf00000000000,115.75
406cf00000000000,231.5
4075b40000000000,347.25
4060c8a3d70a3d70,134.26999999999998
405cf9999999999a,115.9
406cf9999999999a,231.8
4075bb3333333334,347.70000000000005
4060ce353f7ced91,134.444
405cff5c28f5c28f,115.99
406cff5c28f5c28f,231.98
4075bf851eb851eb,347.96999999999997
4060d18c7e28240b,134.5484
4060d1eb851eb852,134.56
405d033333333333,116.05
406d033333333333,232.1
4075c26666666666,348.15
4060d3c6a7ef9db2,134.618
4075c4cccccccccc,348.29999999999995
4060d5a1cac08312,134.676
405d09999999999a,116.15
406d09999999999a,232.3
4075c73333333334,348.45000000000005
4060d77ced916873,134.734
406d0ccccccccccd,232.4
4075c9999999999a,348.6
4060d95810624dd3,134.792
4075cc0000000000,348.75
4060db3333333333,134.85
405d151eb851eb85,116.33
406d151eb851eb85,232.66
4075cfd70a3d70a4,348.99
4060de2b6ae7d566,134.94279999999998
406d200000000000,233.0
4075d80000000000,349.5
4060e47ae147ae14,135.14
405d300000000000,116.75
406d300000000000,233.5
4075e40000000000,350.25
4060edc28f5c28f5,135.42999999999998
405d39999999999a,116.9
406d39999999999a,233.8
4075eb3333333334,350.70000000000005
4060f353f7ced916,135.60399999999998
405d3f5c28f5c28f,116.99
406d3f5c28f5c28f,233.98
4075ef851eb851eb,350.96999999999997
4060f6ab367a0f90,135.70839999999998
4075f00000000000,351.0
4060f70a3d70a3d7,135.72
405d433333333333,117.05
406d433333333333,234.1
4075f26666666666,351.15
4060f8e560418937,135.778
405d466666666666,117.1
406d466666666666,234.2
4075f4cccccccccc,351.29999999999995
4060fac083126e97,135.83599999999998
405d49999999999a,117.15
406d49999999999a,234.3
4075f73333333334,351.45000000000005
4060fc9ba5e353f8,135.894
405d4ccccccccccd,117.2
406d4ccccccccccd,234.4
4075f9999999999a,351.6
4060fe76c8b43958,135.952
405d500000000000,117.25
406d500000000000,234.5
4075fc0000000000,351.75
40610051eb851eb8,136.01
405d551eb851eb85,117.33
406d551eb851eb85,234.66
4075ffd70a3d70a4,351.99
4061034a2339c0ec,136.1028
4076080000000000,352.5
4061099999999999,136.29999999999998
4076140000000000,353.25
406112e147ae147b,136.59
405d79999999999a,117.9
406d79999999999a,235.8
40761b3333333334,353.70000000000005
40611872b020c49c,136.764
406d7f5c28f5c28f,235.98
40761f851eb851eb,353.96999999999997
40611bc9eecbfb15,136.86839999999998
40611c28f5c28f5c,136.88
405d833333333333,118.05
406d833333333333,236.1
4076226666666666,354.15
40611e04189374bc,136.938
406d866666666666,236.2
407624cccccccccc,354.29999999999995
40611fdf3b645a1c,136.99599999999998
405d89999999999a,118.15
406d89999999999a,236.3
4076273333333334,354.45000000000005
406121ba5e353f7d,137.054
406d8ccccccccccd,236.4
407629999999999a,354.6
40612395810624dd,137.112
405d900000000000,118.25
40762c0000000000,354.75
40612570a3d70a3d,137.17
405d951eb851eb85,118.33
406d951eb851eb85,236.66
40762fd70a3d70a4,354.99
40612868db8bac71,137.2628
4076380000000000,355.5
40612eb851eb851e,137.45999999999998
405db00000000000,118.75
406db00000000000,237.5
4076440000000000,356.25
4061380000000000,137.75
405db9999999999a,118.9
406db9999999999a,237.8
40764b3333333334,356.70000000000005
40613d916872b021,137.924
405dbf5c28f5c28f,118.99
406dbf5c28f5c28f,237.98
40764f851eb851eb,356.96999999999997
406140e8a71de69a,138.02839999999998
406dc00000000000,238.0
4076500000000000,357.0
40614147ae147ae1,138.04
405dc33333333333,119.05
406dc33333333333,238.1
4076526666666666,357.15
40614322d0e56041,138.09799999999998
405dc66666666666,119.1
406dc66666666666,238.2
407654cccccccccc,357.29999999999995
406144fdf3b645a1,138.15599999999998
405dc9999999999a,119.15
406dc9999999999a,238.3
4076573333333334,357.45000000000005
406146d916872b02,138.214
405dcccccccccccd,119.2
406dcccccccccccd,238.4
407659999999999a,357.6
406148b439581062,138.272
40765c0000000000,357.75
40614a8f5c28f5c2,138.32999999999998
405dd51eb851eb85,119.33
406dd51eb851eb85,238.66
40765fd70a3d70a4,357.99
40614d8793dd97f6,138.4228
406de00000000000,239.0
4076680000000000,358.5
406153d70a3d70a4,138.62
405df00000000000,119.75
406df00000000000,239.5
4076740000000000,359.25
40615d1eb851eb85,138.91
405df9999999999a,119.9
406df9999999999a,239.8
40767b3333333334,359.70000000000005
406162b020c49ba6,139.084
405dff5c28f5c28f,119.99
406dff5c28f5c28f,239.98
40767f851eb851eb,359.96999999999997
406166075f6fd21f,139.18839999999997
4061666666666666,139.2
405e033333333333,120.05
406e033333333333,240.1
4076826666666666,360.15
4061684189374bc6,139.25799999999998
406e066666666666,240.2
407684cccccccccc,360.29999999999995
40616a1cac083126,139.31599999999997
405e09999999999a,120.15
406e09999999999a,240.3
4076873333333334,360.45000000000005
40616bf7ced91687,139.374
406e0ccccccccccd,240.4
407689999999999a,360.6
40616dd2f1a9fbe7,139.432
405e100000000000,120.25
406e100000000000,240.5
40768c0000000000,360.75
40616fae147ae147,139.48999999999998
405e151eb851eb85,120.33
406e151eb851eb85,240.66
40768fd70a3d70a4,360.99
406172a64c2f837b,139.5828
406e200000000000,241.0
4076980000000000,361.5
406178f5c28f5c29,139.78
4076a40000000000,362.25
4061823d70a3d70a,140.07
406e39999999999a,241.8
4076ab3333333334,362.70000000000005
406187ced916872b,140.244
406e3f5c28f5c28f,241.98
4076af851eb851eb,362.96999999999997
40618b2617c1bda5,140.3484
4076b00000000000,363.0
40618b851eb851eb,140.35999999999999
405e433333333333,121.05
406e433333333333,242.1
4076b26666666666,363.15
40618d604189374b,140.41799999999998
405e466666666666,121.1
406e466666666666,242.2
4076b4cccccccccc,363.29999999999995
40618f3b645a1cab,140.47599999999997
405e49999999999a,121.15
406e49999999999a,242.3
4076b73333333334,363.45000000000005
40619116872b020c,140.534
405e4ccccccccccd,121.2
406e4ccccccccccd,242.4
4076b9999999999a,363.6
406192f1a9fbe76c,140.59199999999998
405e500000000000,121.25
406e500000000000,242.5
4076bc0000000000,363.75
406194cccccccccc,140.64999999999998
405e551eb851eb85,121.33
406e551eb851eb85,242.66
4076bfd70a3d70a4,363.99
406197c504816f00,140.7428
4076c80000000000,364.5
40619e147ae147ae,140.94
405e700000000000,121.75
406e700000000000,243.5
4076d40000000000,365.25
4061a75c28f5c28f,141.23
405e79999999999a,121.9
406e79999999999a,243.8
4076db3333333334,365.70000000000005
4061aced916872b0,141.404
405e7f5c28f5c28f,121.99
406e7f5c28f5c28f,243.98
4076df851eb851eb,365.96999999999997
4061b044d013a92a,141.5084
406e800000000000,244.0
4076e00000000000,366.0
4061b0a3d70a3d70,141.51999999999998
405e833333333333,122.05
406e833333333333,244.1
4076e26666666666,366.15
4061b27ef9db22d0,141.57799999999997
406e866666666666,244.2
4076e4cccccccccc,366.29999999999995
4061b45a1cac0831,141.636
405e89999999999a,122.15
406e89999999999a,244.3
4076e73333333334,366.45000000000005
4061b6353f7ced91,141.694
4076e9999999999a,366.6
4061b810624dd2f1,141.75199999999998
4076ec0000000000,366.75
4061b9eb851eb852,141.81
405e951eb851eb85,122.33
406e951eb851eb85,244.66
4076efd70a3d70a4,366.99
4061bce3bcd35a85,141.90279999999998
4076f80000000000,367.5
405eb00000000000,122.75
406eb00000000000,245.5
4077040000000000,368.25
4061cc7ae147ae14,142.39
405eb9999999999a,122.9
406eb9999999999a,245.8
40770b3333333334,368.70000000000005
4061d20c49ba5e35,142.564
405ebf5c28f5c28f,122.99
406ebf5c28f5c28f,245.98
40770f851eb851eb,368.96999999999997
4061d563886594af,142.6684
4077100000000000,369.0
4061d5c28f5c28f5,142.67999999999998
405ec33333333333,123.05
406ec33333333333,246.1
4077126666666666,369.15
4061d79db22d0e56,142.738
405ec66666666666,123.1
406ec66666666666,246.2
407714cccccccccc,369.29999999999995
4061d978d4fdf3b6,142.796
405ec9999999999a,123.15
406ec9999999999a,246.3
4077173333333334,369.45000000000005
4061db53f7ced916,142.85399999999998
405ecccccccccccd,123.2
406ecccccccccccd,246.4
407719999999999a,369.6
4061dd2f1a9fbe77,142.912
405ed00000000000,123.25
406ed00000000000,246.5
40771c0000000000,369.75
4061df0a3d70a3d7,142.97
405ed51eb851eb85,123.33
406ed51eb851eb85,246.66
40771fd70a3d70a4,369.99
4061e2027525460a,143.06279999999998
406ee00000000000,247.0
4077280000000000,370.5
4061e851eb851eb8,143.26
4077340000000000,371.25
4061f19999999999,143.54999999999998
40773b3333333334,371.70000000000005
4061f72b020c49ba,143.724
406eff5c28f5c28f,247.98
40773f851eb851eb,371.96999999999997
4061fa8240b78034,143.8284
406f000000000000,248.0
4077400000000000,372.0
4061fae147ae147b,143.84
405f033333333333,124.05
406f033333333333,248.1
4077426666666666,372.15
4061fcbc6a7ef9db,143.898
406f066666666666,248.2
407744cccccccccc,372.29999999999995
4061fe978d4fdf3b,143.956
405f09999999999a,124.15
406f09999999999a,248.3
4077473333333334,372.45000000000005
40620072b020c49c,144.014
407749999999999a,372.6
4062024dd2f1a9fc,144.072
405f100000000000,124.25
406f100000000000,248.5
40774c0000000000,372.75
40620428f5c28f5c,144.13
405f151eb851eb85,124.33
406f151eb851eb85,248.66
40774fd70a3d70a4,372.99
406207212d77318f,144.22279999999998
4077580000000000,373.5
40620d70a3d70a3d,144.42
405f300000000000,124.75
406f300000000000,249.5
4077640000000000,374.25
406216b851eb851e,144.70999999999998
405f39999999999a,124.9
406f39999999999a,249.8
40776b3333333334,374.70000000000005
40621c49ba5e353f,144.884
406f3f5c28f5c28f,249.98
40776f851eb851eb,374.96999999999997
40621fa0f9096bb9,144.98839999999998
4077700000000000,375.0
405f433333333333,125.05
406f433333333333,250.1
4077726666666666,375.15
406221db22d0e560,145.058
405f466666666666,125.1
406f466666666666,250.2
407774cccccccccc,375.29999999999995
406223b645a1cac0,145.11599999999999
405f49999999999a,125.15
406f49999999999a,250.3
4077773333333334,375.45000000000005
406225916872b021,145.174
405f4ccccccccccd,125.2
406f4ccccccccccd,250.4
407779999999999a,375.6
4062276c8b439581,145.232
40777c0000000000,375.75
40622947ae147ae1,145.29
405f551eb851eb85,125.33
406f551eb851eb85,250.66
40777fd70a3d70a4,375.99
40622c3fe5c91d14,145.38279999999997
406f600000000000,251.0
4077880000000000,376.5
4062328f5c28f5c2,145.57999999999998
405f700000000000,125.75
406f700000000000,251.5
4077940000000000,377.25
40623bd70a3d70a3,145.86999999999998
405f79999999999a,125.9
406f79999999999a,251.8
40779b3333333334,377.70000000000005
4062416872b020c4,146.04399999999998
405f7f5c28f5c28f,125.99
406f7f5c28f5c28f,251.98
40779f851eb851eb,377.96999999999997
406244bfb15b573e,146.14839999999998
4077a00000000000,378.0
4062451eb851eb85,146.16
405f833333333333,126.05
406f833333333333,252.1
4077a26666666666,378.15
406246f9db22d0e5,146.218
406f866666666666,252.2
4077a4cccccccccc,378.29999999999995
406248d4fdf3b645,146.27599999999998
405f89999999999a,126.15
406f89999999999a,252.3
4077a73333333334,378.45000000000005
40624ab020c49ba6,146.334
406f8ccccccccccd,252.4
4077a9999999999a,378.6
40624c8b43958106,146.392
405f900000000000,126.25
406f900000000000,252.5
4077ac0000000000,378.75
40624e6666666666,146.45
405f951eb851eb85,126.33
406f951eb851eb85,252.66
4077afd70a3d70a4,378.99
4062515e9e1b089a,146.5428
4077b80000000000,379.5
406257ae147ae147,146.73999999999998
4077c40000000000,380.25
406260f5c28f5c29,147.03
4077cb3333333334,380.70000000000005
406266872b020c4a,147.204
406fbf5c28f5c28f,253.98
4077cf851eb851eb,380.96999999999997
406269de69ad42c3,147.30839999999998
406fc00000000000,254.0
4077d00000000000,381.0
40626a3d70a3d70a,147.32
405fc33333333333,127.05
406fc33333333333,254.1
4077d26666666666,381.15
40626c189374bc6a,147.378
405fc66666666666,127.1
406fc66666666666,254.2
4077d4cccccccccc,381.29999999999995
40626df3b645a1ca,147.43599999999998
405fc9999999999a,127.15
406fc9999999999a,254.3
4077d73333333334,381.45000000000005
40626fced916872b,147.494
405fcccccccccccd,127.2
406fcccccccccccd,254.4
4077d9999999999a,381.6
406271a9fbe76c8b,147.552
405fd00000000000,127.25
406fd00000000000,254.5
4077dc0000000000,381.75
406273851eb851eb,147.60999999999999
405fd51eb851eb85,127.33
406fd51eb851eb85,254.66
4077dfd70a3d70a4,381.99
4062767d566cf41f,147.7028
4077e80000000000,382.5
40627ccccccccccc,147.89999999999998
405ff00000000000,127.75
406ff00000000000,255.5
4077f40000000000,383.25
406286147ae147ae,148.19
405ff9999999999a,127.9
406ff9999999999a,255.8
4077fb3333333334,383.70000000000005
40628ba5e353f7cf,148.364
405fff5c28f5c28f,127.99
406fff5c28f5c28f,255.98
4077ff851eb851eb,383.96999999999997
40628efd21ff2e48,148.46839999999997
4070000000000000,256.0
4078000000000000,384.0
40628f5c28f5c28f,148.48
406001999999999a,128.05
407001999999999a,256.1
4078026666666667,384.15000000000003
406291374bc6a7f0,148.538
4070033333333333,256.2
407804cccccccccc,384.29999999999995
406293126e978d4f,148.59599999999998
406004cccccccccd,128.15
407004cccccccccd,256.3
4078073333333334,384.45000000000005
406294ed916872b0,148.654
4070066666666666,256.4
4078099999999999,384.59999999999997
406296c8b4395810,148.712
40780c0000000000,384.75
406298a3d70a3d70,148.76999999999998
40600a8f5c28f5c3,128.33
40700a8f5c28f5c3,256.66
40780fd70a3d70a4,384.99
40629b9c0ebedfa4,148.8628
4070100000000000,257.0
4078180000000000,385.5
4062a1eb851eb852,149.06
4060180000000000,128.75
4070180000000000,257.5
4078240000000000,386.25
4062ab3333333333,149.35
40601ccccccccccd,128.9
40701ccccccccccd,257.8
40782b3333333334,386.70000000000005
4062b0c49ba5e354,149.524
40601fae147ae148,128.99
40701fae147ae148,257.98
40782f851eb851ec,386.97
4062b41bda5119ce,149.6284
4078300000000000,387.0
4062b47ae147ae14,149.64
406021999999999a,129.05
407021999999999a,258.1
4078326666666667,387.15000000000003
4062b65604189375,149.698
4060233333333333,129.1
4070233333333333,258.2
407834cccccccccc,387.29999999999995
4062b83126e978d4,149.75599999999997
406024cccccccccd,129.15
407024cccccccccd,258.3
4078373333333334,387.45000000000005
4062ba0c49ba5e35,149.814
4060266666666666,129.2
4070266666666666,258.4
4078399999999999,387.59999999999997
4062bbe76c8b4395,149.87199999999999
4060280000000000,129.25
40783c0000000000,387.75
4062bdc28f5c28f5,149.92999999999998
40602a8f5c28f5c3,129.33
40702a8f5c28f5c3,258.66
40783fd70a3d70a4,387.99
4062c0bac710cb2a,150.02280000000002
4070300000000000,259.0
4078480000000000,388.5
4062c70a3d70a3d7,150.22
4078540000000000,389.25
4062d051eb851eb8,150.51
40603ccccccccccd,129.9
40703ccccccccccd,259.8
40785b3333333334,389.70000000000005
4062d5e353f7ced9,150.684
40703fae147ae148,259.98
40785f851eb851ec,389.97
4062d93a92a30553,150.7884
4078600000000000,390.0
4062d99999999999,150.79999999999998
406041999999999a,130.05
4078626666666667,390.15000000000003
4062db74bc6a7efa,150.858
4070433333333333,260.2
407864cccccccccc,390.29999999999995
4062dd4fdf3b645a,150.916
406044cccccccccd,130.15
407044cccccccccd,260.3
4078673333333334,390.45000000000005
4062df2b020c49ba,150.974
4070466666666666,260.4
4078699999999999,390.59999999999997
4062e10624dd2f1a,151.03199999999998
4060480000000000,130.25
4070480000000000,260.5
40786c0000000000,390.75
4062e2e147ae147b,151.09
40604a8f5c28f5c3,130.33
40704a8f5c28f5c3,260.66
40786fd70a3d70a4,390.99
4062e5d97f62b6af,151.18280000000001
4078780000000000,391.5
4062ec28f5c28f5c,151.38
4060580000000000,130.75
4070580000000000,261.5
4078840000000000,392.25
4062f570a3d70a3d,151.67
40605ccccccccccd,130.9
40705ccccccccccd,261.8
40788b3333333334,392.70000000000005
4062fb020c49ba5e,151.844
40605fae147ae148,130.99
40705fae147ae148,261.98
40788f851eb851ec,392.97
4062fe594af4f0d8,151.9484
4070600000000000,262.0
4078900000000000,393.0
4062feb851eb851e,151.95999999999998
406061999999999a,131.05
407061999999999a,262.1
4078926666666667,393.15000000000003
4063009374bc6a7f,152.018
407894cccccccccc,393.29999999999995
4063026e978d4fdf,152.076
406064cccccccccd,131.15
407064cccccccccd,262.3
4078973333333334,393.45000000000005
40630449ba5e353f,152.134
4060666666666666,131.2
4070666666666666,262.4
4078999999999999,393.59999999999997
40630624dd2f1a9f,152.19199999999998
40789c0000000000,393.75
40606a8f5c28f5c3,131.33
40706a8f5c28f5c3,262.66
40789fd70a3d70a4,393.99
40630af837b4a234,152.3428
4070700000000000,263.0
4078a80000000000,394.5
40631147ae147ae1,152.54
4060780000000000,131.75
4070780000000000,263.5
4078b40000000000,395.25
40631a8f5c28f5c2,152.82999999999998
40607ccccccccccd,131.9
40707ccccccccccd,263.8
4078bb3333333334,395.70000000000005
40632020c49ba5e3,153.004
40607fae147ae148,131.99
40707fae147ae148,263.98
4078bf851eb851ec,395.97
406323780346dc5d,153.1084
4078c00000000000,396.0
406323d70a3d70a3,153.11999999999998
406081999999999a,132.05
407081999999999a,264.1
4078c26666666667,396.15000000000003
406325b22d0e5604,153.178
4070833333333333,264.2
4078c4cccccccccc,396.29999999999995
4063278d4fdf3b64,153.236
406084cccccccccd,132.15
407084cccccccccd,264.3
4078c73333333334,396.45000000000005
4063296872b020c4,153.29399999999998
4070866666666666,264.4
4078c99999999999,396.59999999999997
40632b4395810624,153.35199999999998
4060880000000000,132.25
4070880000000000,264.5
4078cc0000000000,396.75
40632d1eb851eb85,153.41
40608a8f5c28f5c3,132.33
40708a8f5c28f5c3,264.66
4078cfd70a3d70a4,396.99
40633016f0068db9,153.5028
4078d80000000000,397.5
4063366666666666,153.7
4078e40000000000,398.25
40633fae147ae147,153.98999999999998
40609ccccccccccd,132.9
40709ccccccccccd,265.8
4078eb3333333334,398.70000000000005
4063453f7ced9168,154.164
40709fae147ae148,265.98
4078ef851eb851ec,398.97
40634896bb98c7e3,154.2684
4070a00000000000,266.0
4078f00000000000,399.0
406348f5c28f5c29,154.28
4060a1999999999a,133.05
4070a1999999999a,266.1
4078f26666666667,399.15000000000003
40634ad0e5604189,154.338
4060a33333333333,133.1
4070a33333333333,266.2
4078f4cccccccccc,399.29999999999995
40634cac083126e9,154.396
4060a4cccccccccd,133.15
4070a4cccccccccd,266.3
4078f73333333334,399.45000000000005
40634e872b020c4a,154.454
4060a66666666666,133.2
4070a66666666666,266.4
4078f99999999999,399.59999999999997
406350624dd2f1a9,154.51199999999997
4060a80000000000,133.25
4070a80000000000,266.5
4078fc0000000000,399.75
4063523d70a3d70a,154.57
4060aa8f5c28f5c3,133.33
4070aa8f5c28f5c3,266.66
4078ffd70a3d70a4,399.99
40635535a858793e,154.6628
4079080000000000,400.5
40635b851eb851eb,154.85999999999999
4060b80000000000,133.75
4070b80000000000,267.5
4079140000000000,401.25
406364cccccccccc,155.14999999999998
4060bccccccccccd,133.9
4070bccccccccccd,267.8
40791b3333333334,401.70000000000005
40636a5e353f7ced,155.32399999999998
4060bfae147ae148,133.99
4070bfae147ae148,267.98
40791f851eb851ec,401.97
40636db573eab368,155.4284
4070c00000000000,268.0
4079200000000000,402.0
40636e147ae147ae,155.44
4060c1999999999a,134.05
4070c1999999999a,268.1
4079226666666667,402.15000000000003
40636fef9db22d0e,155.498
4070c33333333333,268.2
407924cccccccccc,402.29999999999995
406371cac083126e,155.55599999999998
4060c4cccccccccd,134.15
4070c4cccccccccd,268.3
4079273333333334,402.45000000000005
406373a5e353f7cf,155.614
4070c66666666666,268.4
4079299999999999,402.59999999999997
406375810624dd2e,155.67199999999997
40792c0000000000,402.75
4063775c28f5c28f,155.73
4060ca8f5c28f5c3,134.33
4070ca8f5c28f5c3,268.66
40792fd70a3d70a4,402.99
40637a5460aa64c3,155.8228
4070d00000000000,269.0
4079380000000000,403.5
406380a3d70a3d70,156.01999999999998
4060d80000000000,134.75
4079440000000000,404.25
406389eb851eb852,156.31
4060dccccccccccd,134.9
4070dccccccccccd,269.8
40794b3333333334,404.70000000000005
40638f7ced916873,156.484
4060dfae147ae148,134.99
4070dfae147ae148,269.98
40794f851eb851ec,404.97
406392d42c3c9eed,156.5884
4079500000000000,405.0
4063933333333333,156.6
4060e1999999999a,135.05
4070e1999999999a,270.1
4079526666666667,405.15000000000003
4063950e56041894,156.65800000000002
4060e33333333333,135.1
4070e33333333333,270.2
407954cccccccccc,405.29999999999995
406396e978d4fdf3,156.71599999999998
4060e4cccccccccd,135.15
4079573333333334,405.45000000000005
406398c49ba5e354,156.774
4060e66666666666,135.2
4070e66666666666,270.4
4079599999999999,405.59999999999997
40639a9fbe76c8b3,156.83199999999997
4060e80000000000,135.25
4070e80000000000,270.5
40795c0000000000,405.75
40639c7ae147ae14,156.89
4060ea8f5c28f5c3,135.33
4070ea8f5c28f5c3,270.66
40795fd70a3d70a4,405.99
40639f7318fc5048,156.9828
4070f00000000000,271.0
4079680000000000,406.5
4063a5c28f5c28f5,157.17999999999998
4079740000000000,407.25
4063af0a3d70a3d7,157.47
4060fccccccccccd,135.9
4070fccccccccccd,271.8
40797b3333333334,407.70000000000005
4063b49ba5e353f8,157.644
4070ffae147ae148,271.98
40797f851eb851ec,407.97
4063b7f2e48e8a72,157.7484
4071000000000000,272.0
4079800000000000,408.0
4063b851eb851eb8,157.76
406101999999999a,136.05
407101999999999a,272.1
4079826666666667,408.15000000000003
4063ba2d0e560419,157.818
4071033333333333,272.2
407984cccccccccc,408.29999999999995
4063bc083126e978,157.87599999999998
406104cccccccccd,136.15
407104cccccccccd,272.3
4079873333333334,408.45000000000005
4063bde353f7ced9,157.934
4071066666666666,272.4
4079899999999999,408.59999999999997
4063bfbe76c8b438,157.99199999999996
4061080000000000,136.25
4071080000000000,272.5
40798c0000000000,408.75
4063c19999999999,158.04999999999998
40610a8f5c28f5c3,136.33
40710a8f5c28f5c3,272.66
40798fd70a3d70a4,408.99
4063c491d14e3bcd,158.1428
4079980000000000,409.5
4063cae147ae147a,158.33999999999997
4061180000000000,136.75
4071180000000000,273.5
4079a40000000000,410.25
4063d428f5c28f5c,158.63
40711ccccccccccd,273.8
4079ab3333333334,410.70000000000005
4063d9ba5e353f7d,158.804
40611fae147ae148,136.99
40711fae147ae148,273.98
4079af851eb851ec,410.97
4063dd119ce075f7,158.9084
4071200000000000,274.0
4079b00000000000,411.0
4063dd70a3d70a3d,158.92
406121999999999a,137.05
407121999999999a,274.1
4079b26666666667,411.15000000000003
4063df4bc6a7ef9e,158.978
4061233333333333,137.1
4071233333333333,274.2
4079b4cccccccccc,411.29999999999995
4063e126e978d4fd,159.03599999999997
406124cccccccccd,137.15
407124cccccccccd,274.3
4079b73333333334,411.45000000000005
4063e3020c49ba5e,159.094
4061266666666666,137.2
4071266666666666,274.4
4079b99999999999,411.59999999999997
4063e4dd2f1a9fbe,159.152
4079bc0000000000,411.75
4063e6b851eb851e,159.20999999999998
40612a8f5c28f5c3,137.33
40712a8f5c28f5c3,274.66
4079bfd70a3d70a4,411.99
4063e9b089a02752,159.3028
4079c80000000000,412.5
4071380000000000,275.5
4079d40000000000,413.25
4063f947ae147ae1,159.79
40613ccccccccccd,137.9
40713ccccccccccd,275.8
4079db3333333334,413.70000000000005
4063fed916872b02,159.964
40613fae147ae148,137.99
40713fae147ae148,275.98
4079df851eb851ec,413.97
406402305532617c,160.0684
4079e00000000000,414.0
4064028f5c28f5c2,160.07999999999998
406141999999999a,138.05
407141999999999a,276.1
4079e26666666667,414.15000000000003
4064046a7ef9db23,160.138
4071433333333333,276.2
4079e4cccccccccc,414.29999999999995
40640645a1cac082,160.19599999999997
406144cccccccccd,138.15
407144cccccccccd,276.3
4079e73333333334,414.45000000000005
40640820c49ba5e3,160.254
4071466666666666,276.4
4079e99999999999,414.59999999999997
406409fbe76c8b43,160.31199999999998
4061480000000000,138.25
4071480000000000,276.5
4079ec0000000000,414.75
40640bd70a3d70a3,160.36999999999998
40614a8f5c28f5c3,138.33
40714a8f5c28f5c3,276.66
4079efd70a3d70a4,414.99
40640ecf41f212d8,160.46280000000002
4071500000000000,277.0
4079f80000000000,415.5
407a040000000000,416.25
40641e6666666666,160.95
40615ccccccccccd,138.9
40715ccccccccccd,277.8
407a0b3333333334,416.70000000000005
406423f7ced91687,161.124
40715fae147ae148,277.98
407a0f851eb851ec,416.97
4064274f0d844d01,161.2284
4071600000000000,278.0
407a100000000000,417.0
406427ae147ae147,161.23999999999998
406161999999999a,139.05
407161999999999a,278.1
407a126666666667,417.15000000000003
40642989374bc6a8,161.298
4061633333333333,139.1
4071633333333333,278.2
407a14cccccccccc,417.29999999999995
40642b645a1cac08,161.356
406164cccccccccd,139.15
407164cccccccccd,278.3
407a173333333334,417.45000000000005
40642d3f7ced9168,161.414
4071666666666666,278.4
407a199999999999,417.59999999999997
40642f1a9fbe76c8,161.47199999999998
4061680000000000,139.25
4071680000000000,278.5
407a1c0000000000,417.75
406430f5c28f5c29,161.53
40616a8f5c28f5c3,139.33
40716a8f5c28f5c3,278.66
407a1fd70a3d70a4,417.99
406433edfa43fe5d,161.6228
407a280000000000,418.5
40643a3d70a3d70a,161.82
4061780000000000,139.75
4071780000000000,279.5
407a340000000000,419.25
406443851eb851eb,162.10999999999999
40617ccccccccccd,139.9
40717ccccccccccd,279.8
407a3b3333333334,419.70000000000005
40644916872b020c,162.284
40617fae147ae148,139.99
40717fae147ae148,279.98
407a3f851eb851ec,419.97
40644c6dc5d63886,162.3884
407a400000000000,420.0
40644ccccccccccc,162.39999999999998
406181999999999a,140.05
407181999999999a,280.1
407a426666666667,420.15000000000003
40644ea7ef9db22d,162.458
4071833333333333,280.2
407a44cccccccccc,420.29999999999995
40645083126e978d,162.516
406184cccccccccd,140.15
407184cccccccccd,280.3
407a473333333334,420.45000000000005
4064525e353f7ced,162.57399999999998
4071866666666666,280.4
407a499999999999,420.59999999999997
406454395810624d,162.63199999999998
407a4c0000000000,420.75
406456147ae147ae,162.69
40618a8f5c28f5c3,140.33
40718a8f5c28f5c3,280.66
407a4fd70a3d70a4,420.99
4064590cb295e9e2,162.7828
4071900000000000,281.0
407a580000000000,421.5
40645f5c28f5c28f,162.98
4061980000000000,140.75
4071980000000000,281.5
407a640000000000,422.25
406468a3d70a3d70,163.26999999999998
40619ccccccccccd,140.9
40719ccccccccccd,281.8
407a6b3333333334,422.70000000000005
40646e353f7ced91,163.444
40619fae147ae148,140.99
40719fae147ae148,281.98
407a6f851eb851ec,422.97
4064718c7e28240b,163.5484
407a700000000000,423.0
406471eb851eb852,163.56
4061a1999999999a,141.05
4071a1999999999a,282.1
407a726666666667,423.15000000000003
406473c6a7ef9db2,163.618
4061a33333333333,141.1
4071a33333333333,282.2
407a74cccccccccc,423.29999999999995
406475a1cac08312,163.676
4061a4cccccccccd,141.15
4071a4cccccccccd,282.3
407a773333333334,423.45000000000005
4064777ced916873,163.734
4061a66666666666,141.2
4071a66666666666,282.4
407a799999999999,423.59999999999997
4064795810624dd2,163.79199999999997
4061a80000000000,141.25
4071a80000000000,282.5
407a7c0000000000,423.75
40647b3333333333,163.85
4061aa8f5c28f5c3,141.33
4071aa8f5c28f5c3,282.66
407a7fd70a3d70a4,423.99
40647e2b6ae7d567,163.9428
4071b00000000000,283.0
407a880000000000,424.5
4064847ae147ae14,164.14
407a940000000000,425.25
40648dc28f5c28f5,164.42999999999998
4071bccccccccccd,283.8
407a9b3333333334,425.70000000000005
40649353f7ced916,164.60399999999998
4071bfae147ae148,283.98
407a9f851eb851ec,425.97
406496ab367a0f91,164.7084
4071c00000000000,284.0
407aa00000000000,426.0
4064970a3d70a3d7,164.72
4061c1999999999a,142.05
4071c1999999999a,284.1
407aa26666666667,426.15000000000003
406498e560418937,164.778
4071c33333333333,284.2
407aa4cccccccccc,426.29999999999995
40649ac083126e97,164.83599999999998
4061c4cccccccccd,142.15
4071c4cccccccccd,284.3
407aa73333333334,426.45000000000005
40649c9ba5e353f8,164.894
4071c66666666666,284.4
407aa99999999999,426.59999999999997
40649e76c8b43957,164.95199999999997
4061c80000000000,142.25
4071c80000000000,284.5
407aac0000000000,426.75
4064a051eb851eb8,165.01
4061ca8f5c28f5c3,142.33
4071ca8f5c28f5c3,284.66
407aafd70a3d70a4,426.99
4064a34a2339c0ec,165.1028
407ab80000000000,427.5
4064a99999999999,165.29999999999998
4061d80000000000,142.75
4071d80000000000,285.5
407ac40000000000,428.25
4064b2e147ae147a,165.58999999999997
4061dccccccccccd,142.9
4071dccccccccccd,285.8
407acb3333333334,428.70000000000005
4064b872b020c49b,165.76399999999998
4061dfae147ae148,142.99
4071dfae147ae148,285.98
407acf851eb851ec,428.97
4064bbc9eecbfb16,165.8684
407ad00000000000,429.0
4064bc28f5c28f5c,165.88
4061e1999999999a,143.05
4071e1999999999a,286.1
407ad26666666667,429.15000000000003
4064be04189374bc,165.938
4061e33333333333,143.1
4071e33333333333,286.2
407ad4cccccccccc,429.29999999999995
4064bfdf3b645a1c,165.99599999999998
4061e4cccccccccd,143.15
4071e4cccccccccd,286.3
407ad73333333334,429.45000000000005
4064c1ba5e353f7d,166.054
4061e66666666666,143.2
4071e66666666666,286.4
407ad99999999999,429.59999999999997
4064c395810624dc,166.11199999999997
407adc0000000000,429.75
4064c570a3d70a3d,166.17
4061ea8f5c28f5c3,143.33
4071ea8f5c28f5c3,286.66
407adfd70a3d70a4,429.99
4064c868db8bac71,166.2628
4071f00000000000,287.0
407ae80000000000,430.5
4064ceb851eb851e,166.45999999999998
4061f80000000000,143.75
4071f80000000000,287.5
407af40000000000,431.25
4064d80000000000,166.75
4061fccccccccccd,143.9
4071fccccccccccd,287.8
407afb3333333334,431.70000000000005
4064dd916872b021,166.924
4061ffae147ae148,143.99
4071ffae147ae148,287.98
407aff851eb851ec,431.97
4064e0e8a71de69b,167.0284
407b000000000000,432.0
4064e147ae147ae1,167.04
406201999999999a,144.05
407201999999999a,288.1
407b026666666667,432.15000000000003
4064e322d0e56042,167.098
4072033333333333,288.2
407b04cccccccccc,432.29999999999995
4064e4fdf3b645a1,167.15599999999998
406204cccccccccd,144.15
407204cccccccccd,288.3
407b073333333334,432.45000000000005
4064e6d916872b02,167.214
4072066666666666,288.4
407b099999999999,432.59999999999997
4064e8b439581061,167.27199999999996
4062080000000000,144.25
4072080000000000,288.5
407b0c0000000000,432.75
4064ea8f5c28f5c2,167.32999999999998
40620a8f5c28f5c3,144.33
40720a8f5c28f5c3,288.66
407b0fd70a3d70a4,432.99
4064ed8793dd97f6,167.4228
4072100000000000,289.0
407b180000000000,433.5
4064f3d70a3d70a3,167.61999999999998
407b240000000000,434.25
4064fd1eb851eb85,167.91
40621ccccccccccd,144.9
40721ccccccccccd,289.8
407b2b3333333334,434.70000000000005
406502b020c49ba6,168.084
40721fae147ae148,289.98
407b2f851eb851ec,434.97
406506075f6fd220,168.1884
407b300000000000,435.0
406221999999999a,145.05
407221999999999a,290.1
407b326666666667,435.15000000000003
4065084189374bc7,168.258
4062233333333333,145.1
4072233333333333,290.2
407b34cccccccccc,435.29999999999995
40650a1cac083126,168.31599999999997
406224cccccccccd,145.15
407224cccccccccd,290.3
407b373333333334,435.45000000000005
40650bf7ced91687,168.374
4062266666666666,145.2
4072266666666666,290.4
407b399999999999,435.59999999999997
40650dd2f1a9fbe7,168.432
4062280000000000,145.25
4072280000000000,290.5
407b3c0000000000,435.75
40650fae147ae147,168.48999999999998
40622a8f5c28f5c3,145.33
40722a8f5c28f5c3,290.66
407b3fd70a3d70a4,435.99
406512a64c2f837b,168.5828
407b480000000000,436.5
406518f5c28f5c29,168.78
4062380000000000,145.75
407b540000000000,437.25
4065223d70a3d70a,169.07
40623ccccccccccd,145.9
40723ccccccccccd,291.8
407b5b3333333334,437.70000000000005
406527ced916872b,169.244
40623fae147ae148,145.99
40723fae147ae148,291.98
407b5f851eb851ec,437.97
40652b2617c1bda5,169.3484
4072400000000000,292.0
407b600000000000,438.0
40652b851eb851eb,169.35999999999999
406241999999999a,146.05
407241999999999a,292.1
407b626666666667,438.15000000000003
40652d604189374c,169.418
4072433333333333,292.2
407b64cccccccccc,438.29999999999995
40652f3b645a1cab,169.47599999999997
406244cccccccccd,146.15
407244cccccccccd,292.3
407b673333333334,438.45000000000005
40653116872b020c,169.534
4072466666666666,292.4
407b699999999999,438.59999999999997
406532f1a9fbe76c,169.59199999999998
407b6c0000000000,438.75
406534cccccccccc,169.64999999999998
40624a8f5c28f5c3,146.33
40724a8f5c28f5c3,292.66
407b6fd70a3d70a4,438.99
406537c504816f01,169.74280000000002
4072500000000000,293.0
407b780000000000,439.5
40653e147ae147ae,169.94
4062580000000000,146.75
4072580000000000,293.5
407b840000000000,440.25
4065475c28f5c28f,170.23
40625ccccccccccd,146.9
40725ccccccccccd,293.8
407b8b3333333334,440.70000000000005
40654ced916872b0,170.404
40625fae147ae148,146.99
40725fae147ae148,293.98
407b8f851eb851ec,440.97
40655044d013a92a,170.5084
407b900000000000,441.0
406550a3d70a3d70,170.51999999999998
406261999999999a,147.05
407261999999999a,294.1
407b926666666667,441.15000000000003
4065527ef9db22d1,170.578
4062633333333333,147.1
4072633333333333,294.2
407b94cccccccccc,441.29999999999995
4065545a1cac0831,170.636
406264cccccccccd,147.15
407264cccccccccd,294.3
407b973333333334,441.45000000000005
406556353f7ced91,170.694
4062666666666666,147.2
4072666666666666,294.4
407b999999999999,441.59999999999997
40655810624dd2f1,170.75199999999998
4062680000000000,147.25
4072680000000000,294.5
407b9c0000000000,441.75
406559eb851eb852,170.81
40626a8f5c28f5c3,147.33
40726a8f5c28f5c3,294.66
407b9fd70a3d70a4,441.99
40655ce3bcd35a86,170.9028
407ba80000000000,442.5
4065633333333333,171.1
407bb40000000000,443.25
40656c7ae147ae14,171.39
407bbb3333333334,443.70000000000005
4065720c49ba5e35,171.564
40727fae147ae148,295.98
407bbf851eb851ec,443.97
40657563886594af,171.6684
4072800000000000,296.0
407bc00000000000,444.0
406575c28f5c28f5,171.67999999999998
406281999999999a,148.05
407281999999999a,296.1
407bc26666666667,444.15000000000003
4065779db22d0e56,171.738
4072833333333333,296.2
407bc4cccccccccc,444.29999999999995
40657978d4fdf3b6,171.796
406284cccccccccd,148.15
407284cccccccccd,296.3
407bc73333333334,444.45000000000005
40657b53f7ced916,171.85399999999998
4072866666666666,296.4
407bc99999999999,444.59999999999997
40657d2f1a9fbe76,171.91199999999998
4062880000000000,148.25
4072880000000000,296.5
407bcc0000000000,444.75
40657f0a3d70a3d7,171.97
40628a8f5c28f5c3,148.33
40728a8f5c28f5c3,296.66
407bcfd70a3d70a4,444.99
406582027525460b,172.0628
407bd80000000000,445.5
40658851eb851eb8,172.26
4062980000000000,148.75
4072980000000000,297.5
407be40000000000,446.25
4065919999999999,172.54999999999998
40629ccccccccccd,148.9
40729ccccccccccd,297.8
407beb3333333334,446.70000000000005
4065972b020c49ba,172.724
40629fae147ae148,148.99
40729fae147ae148,297.98
407bef851eb851ec,446.97
40659a8240b78034,172.8284
4072a00000000000,298.0
407bf00000000000,447.0
40659ae147ae147a,172.83999999999997
4062a1999999999a,149.05
4072a1999999999a,298.1
407bf26666666667,447.15000000000003
40659cbc6a7ef9db,172.898
4062a33333333333,149.1
4072a33333333333,298.2
407bf4cccccccccc,447.29999999999995
40659e978d4fdf3b,172.956
4062a4cccccccccd,149.15
4072a4cccccccccd,298.3
407bf73333333334,447.45000000000005
4065a072b020c49b,173.01399999999998
4062a66666666666,149.2
4072a66666666666,298.4
407bf99999999999,447.59999999999997
4065a24dd2f1a9fb,173.07199999999997
407bfc0000000000,447.75
4065a428f5c28f5c,173.13
4062aa8f5c28f5c3,149.33
4072aa8f5c28f5c3,298.66
407bffd70a3d70a4,447.99
4065a7212d773190,173.2228
4072b00000000000,299.0
407c080000000000,448.5
4065ad70a3d70a3d,173.42
4062b80000000000,149.75
4072b80000000000,299.5
407c140000000000,449.25
4065b6b851eb851e,173.70999999999998
4062bccccccccccd,149.9
4072bccccccccccd,299.8
407c1b3333333334,449.70000000000005
4065bc49ba5e353f,173.884
4062bfae147ae148,149.99
4072bfae147ae148,299.98
407c1f851eb851ec,449.97
4065bfa0f9096bb9,173.98839999999998
407c200000000000,450.0
4062c1999999999a,150.05
4072c1999999999a,300.1
407c226666666667,450.15000000000003
4065c1db22d0e560,174.058
4072c33333333333,300.2
407c24cccccccccc,450.29999999999995
4065c3b645a1cac0,174.11599999999999
4062c4cccccccccd,150.15
4072c4cccccccccd,300.3
407c273333333334,450.45000000000005
4065c5916872b021,174.174
4072c66666666666,300.4
407c299999999999,450.59999999999997
4065c76c8b439580,174.23199999999997
4062c80000000000,150.25
4072c80000000000,300.5
407c2c0000000000,450.75
4065c947ae147ae1,174.29
4062ca8f5c28f5c3,150.33
4072ca8f5c28f5c3,300.66
407c2fd70a3d70a4,450.99
4065cc3fe5c91d15,174.3828
4072d00000000000,301.0
407c380000000000,451.5
4065d28f5c28f5c2,174.57999999999998
407c440000000000,452.25
4065dbd70a3d70a3,174.86999999999998
4062dccccccccccd,150.9
4072dccccccccccd,301.8
407c4b3333333334,452.70000000000005
4065e16872b020c4,175.04399999999998
4072dfae147ae148,301.98
407c4f851eb851ec,452.97
4065e4bfb15b573f,175.1484
401bf0a3d70a3d70,6.984999999999999
40216b851eb851ec,8.71
401dfae147ae147a,7.494999999999999
401b851eb851eb84,6.879999999999999
40189eb851eb851f,6.155
400ee147ae147ae1,3.86
401075c28f5c28f6,4.115
4020051eb851eb85,8.01
400ce147ae147ae2,3.6100000000000003
4010c28f5c28f5c3,4.19
4020d70a3d70a3d7,8.42
40109eb851eb851f,4.155
401bd1eb851eb852,6.955
401c70a3d70a3d70,7.109999999999999
3ffa7ae147ae147b,1.655
400b28f5c28f5c2a,3.3950000000000005
401bc7ae147ae148,6.945
4020c51eb851eb85,8.385
4012962fc962fc97,4.646666666666667
4013258bf258bf26,4.786666666666667
4015b4e81b4e81b5,5.426666666666667
40123d70a3d70a3d,4.56
4017bbbbbbbbbbbc,5.933333333333334
400e444444444445,3.7833333333333337
40200369d0369d03,8.006666666666666
400deb851eb851ec,3.74
40154e81b4e81b4f,5.326666666666667
400f1eb851eb851f,3.89
40173d70a3d70a3d,5.81
3ffd2c5f92c5f92c,1.8233333333333333
40121eb851eb851f,4.53
40169d0369d0369d,5.653333333333333
4018f258bf258bf3,6.236666666666667
4016333333333333,5.55
40030a3d70a3d70b,2.3800000000000003
40130a3d70a3d70b,4.760000000000001
400e800000000000,3.8125
4006a3d70a3d70a3,2.8299999999999996
400fae147ae147ae,3.96
3ff83d70a3d70a3e,1.5150000000000001
4015b33333333333,5.425
4013fd70a3d70a3d,4.9975
401de8f5c28f5c2a,7.477500000000001
4012a8f5c28f5c29,4.665
401135c28f5c28f6,4.3025
40138a3d70a3d70a,4.885
4013e147ae147ae1,4.97
401a63d70a3d70a4,6.5975
4017c28f5c28f5c2,5.9399999999999995
4014c51eb851eb85,5.1925
4014970a3d70a3d8,5.147500000000001
401091eb851eb852,4.1425
400c70a3d70a3d70,3.5549999999999997
40000f5c28f5c290,2.0075000000000003
4010ee147ae147ae,4.2325
4013b33333333333,4.925
401bf9db22d0e560,6.994
40123f7ced916873,4.562
401bb22d0e560418,6.9239999999999995
40194395810624dd,6.316
40136872b020c49c,4.852
4014eb851eb851eb,5.2299999999999995
4010872b020c49ba,4.132
401416872b020c4a,5.022
401747ae147ae148,5.82
40159374bc6a7efa,5.394
40163126e978d4fe,5.548
4013fdf3b645a1cb,4.998
4010d4fdf3b645a2,4.208
40027ef9db22d0e6,2.3120000000000003
401d70a3d70a3d70,7.359999999999999
4011fbe76c8b4395,4.4959999999999996
4014d916872b020d,5.212000000000001
4016d4fdf3b645a2,5.708
40194bc6a7ef9db2,6.324
401753f7ced91686,5.831999999999999
4010f0a3d70a3d71,4.235
400d06d3a06d3a08,3.628333333333334
4015f0a3d70a3d71,5.485
40134ccccccccccd,4.825
4017d3a06d3a06d3,5.956666666666666
4016fe4b17e4b17f,5.748333333333334
40130f5c28f5c28f,4.765
4014e9d0369d0369,5.228333333333333
40127ae147ae147b,4.62
4017b4e81b4e81b5,5.926666666666667
4010d3a06d3a06d3,4.206666666666666
40042fc962fc962f,2.523333333333333
4008258bf258bf25,3.018333333333333
4016911111111110,5.641666666666666
401817e4b17e4b18,6.023333333333333
400906d3a06d3a07,3.1283333333333334
40100369d0369d03,4.003333333333333
4013111111111111,4.766666666666667
4007a740da740da7,2.9566666666666666
40170a3d70a3d70b,5.760000000000001
401608c6f2d593c0,5.508571428571429
400acfb9c8695361,3.351428571428571
4016f8af8af8af8b,5.742857142857143
401c277f44c118de,7.038571428571428
401b36202ecfb9c8,6.8028571428571425
40147ae147ae147d,5.120000000000002
40170bb3ee721a55,5.761428571428572
40192ecfb9c86952,6.2957142857142845
401c5f15f15f15f1,7.0928571428571425
4015c869536202ed,5.445714285714286
40033ee721a54d88,2.4057142857142857
4013231bcb564eff,4.784285714285715
401c118de5ab277f,7.017142857142857
401ac9dfd1304638,6.6971428571428575
400f64efe898231a,3.9242857142857135
401f3d70a3d70a3e,7.8100000000000005
4014ecfb9c869536,5.231428571428571
400dab277f44c119,3.7085714285714286
40145ab277f44c11,5.088571428571428
401818de5ab277f3,6.024285714285713
4014533333333333,5.08125
4014370a3d70a3d6,5.053749999999999
4016bd70a3d70a3d,5.685
401563d70a3d70a3,5.347499999999999
4012f33333333333,4.7375
400ff851eb851eb8,3.99625
40159eb851eb851e,5.404999999999999
4012bfffffffffff,4.687499999999999
4010d70a3d70a3d8,4.210000000000001
400f8f5c28f5c28e,3.9449999999999994
401030a3d70a3d70,4.047499999999999
400ad70a3d70a3d7,3.355
401103d70a3d70a4,4.25375
4014e28f5c28f5c3,5.22125
40106e147ae147af,4.107500000000001
400da3d70a3d70a3,3.7049999999999996
400ab0a3d70a3d70,3.3362499999999997
40119851eb851eb8,4.39875
40173c28f5c28f5c,5.80875
4012579be02468ad,4.585555555555556
4011147ae147ae14,4.27
4003c28f5c28f5c4,2.4700000000000006
401306d3a06d3a07,4.756666666666667
4010b4e81b4e81b5,4.176666666666667
4011b60b60b60b60,4.427777777777777
40129abcdf012345,4.651111111111111
40136f8091a2b3c5,4.858888888888889
401460b60b60b60c,5.094444444444445
401702468acf1358,5.752222222222223
401207f6e5d4c3b2,4.507777777777777
40188e38e38e38e4,6.138888888888889
401050c83fb72ea6,4.078888888888889
4016789abcdf0123,5.6177777777777775
4017d159e26af37c,5.954444444444444
4012eb851eb851ec,4.73
40115c28f5c28f5c,4.34
40147654320fedcc,5.115555555555556
4015fedcba987654,5.498888888888889
40121fdb97530ecb,4.5311111111111115
400e99999999999a,3.825
4013c6a7ef9db22e,4.944000000000001
401995810624dd2e,6.395999999999999
401621cac083126f,5.533
4018de353f7ced92,6.2170000000000005
40114ccccccccccd,4.325
400c2d0e56041893,3.522
401c54fdf3b645a0,7.082999999999998
4013916872b020c4,4.8919999999999995
4016ed916872b020,5.731999999999999
4018189374bc6a80,6.024000000000001
4018a0c49ba5e353,6.156999999999999
401922d0e560418a,6.284000000000001
40137ef9db22d0e5,4.874
400c2d0e56041895,3.5220000000000007
4017af1a9fbe76c8,5.920999999999999
40158f5c28f5c28e,5.389999999999999
400f083126e978d6,3.8790000000000004
4014ec8b43958106,5.231
40127639b7639b76,4.615454545454545
4017b851eb851eb9,5.930000000000001
401ab3aa5b3aa5b4,6.675454545454546
40114b6754b6754b,4.323636363636363
40130595e0595e07,4.755454545454547
4017f79f2f79f2f9,5.991818181818183
4011e5ef3e5ef3e5,4.474545454545454
40130b2bc0b2bc0b,4.760909090909091
401988d7f88d7f89,6.383636363636364
401535fe235fe236,5.302727272727273
4016dac37dac37dc,5.713636363636365
40112094f2094f21,4.281818181818182
4011e7cbde7cbde9,4.476363636363637
4014639b7639b764,5.097272727272728
400c860d0860d086,3.5654545454545454
40197904a7904a79,6.368181818181818
4017807728077280,5.875454545454545
400f1aff11aff11a,3.8881818181818177
4014586fb586fb59,5.086363636363637
4011218342183422,4.282727272727273
401241b4e81b4e82,4.564166666666667
401bc369d0369d01,6.940833333333331
401390369d0369d1,4.890833333333334
401aeb851eb851ec,6.73
401429d0369d036a,5.0408333333333335
40127851eb851eb8,4.6175
40127a06d3a06d3a,4.619166666666667
401574e81b4e81b5,5.364166666666667
4014aeeeeeeeeeee,5.1708333333333325
400e0f5c28f5c290,3.7575000000000003
401a4962fc962fc9,6.571666666666666
4012e22222222221,4.720833333333332
4017400000000000,5.8125
4011e81b4e81b4e8,4.476666666666667
4011d70a3d70a3d7,4.46
4016562fc962fc95,5.584166666666666
40153c962fc962fc,5.309166666666666
4018fae147ae147b,6.245
401641b4e81b4e81,5.564166666666666
4016ede211544877,5.732307692307692
4011755dbc422a8a,4.3646153846153855
40138e9282c1c5b7,4.88923076923077
40194ad4ad4ad4ae,6.323076923076924
4016bdd576f108a9,5.685384615384614
4018422a890ef756,6.064615384615385
401603f03f03f03f,5.503846153846154
4019d186b204b9e6,6.454615384615385
401a276276276276,6.538461538461538
40143659cc032699,5.053076923076923
400db2ce601934c7,3.7123076923076925
4011f68c359025cf,4.490769230769231
40151934c67f9b2e,5.274615384615386
401388455121deea,4.883076923076922
4017d4ad4ad4ad4b,5.957692307692308
4010b788455121df,4.179230769230769
401232698cff3659,4.5492307692307685
4012204b9e537ed1,4.531538461538461
4018e794dfb461ab,6.226153846153845
4015457c57c57c57,5.317857142857142
4012bcb564efe899,4.684285714285715
401703a83a83a83b,5.753571428571429
4013b0463796ac9e,4.922142857142857
4016a02ecfb9c869,5.656428571428571
400830463796ac9e,3.0235714285714286
4013c1d41d41d41e,4.939285714285715
401444c118de5ab2,5.067142857142857
401663796ac9dfd1,5.597142857142857
4019ab277f44c11a,6.417142857142858
401577f44c118de5,5.3671428571428565
40123796ac9dfd13,4.554285714285714
4013b101767dce43,4.922857142857143
40144405d9f7390e,5.066428571428572
4017507507507509,5.82857142857143
40170c6f2d593bf9,5.762142857142856
40173d70a3d70a3e,5.8100000000000005
400e075075075077,3.7535714285714294
4012fb9c86953620,4.7457142857142856
40131bcb564efe89,4.777142857142857
401842e6bdc80575,6.065333333333332
40123ece2a53490c,4.561333333333334
40179c54a6921734,5.902666666666665
401427983c131d5b,5.038666666666667
40135cd7b900aec3,4.8406666666666665
40118ead65b7a329,4.389333333333334
40145f92c5f92c5f,5.093333333333333
401613cc1e098ead,5.519333333333333
40130da740da740e,4.763333333333334
400e147ae147ae14,3.76
4018e098ead65b7b,6.219333333333334
40140cf87d9c54a7,5.012666666666667
40153a06d3a06d3b,5.3066666666666675
4014e402bb0cf87e,5.222666666666667
4016a485cd7b900b,5.660666666666667
4009fd44f3078264,3.248666666666667
40126ff513cc1e0a,4.609333333333334
4011ec33e1f67153,4.480666666666667
401120c49ba5e354,4.282
4013ac083126e979,4.918
40178c28f5c28f5d,5.886875000000001
40126c28f5c28f5d,4.605625000000001
4015ad70a3d70a3d,5.419375
4013d5c28f5c28f7,4.958750000000001
401331eb851eb851,4.798749999999999
4016c9999999999a,5.696875
40138b851eb851eb,4.8862499999999995
40123851eb851eb8,4.555
4010747ae147ae14,4.11375
4013b0a3d70a3d70,4.922499999999999
400f733333333333,3.93125
40156b851eb851ec,5.355
40149851eb851eb8,5.14875
4010e8f5c28f5c29,4.2275
40135ccccccccccc,4.840624999999999
40117f5c28f5c28f,4.374375
40136e147ae147ae,4.8575
40133e147ae147ad,4.810624999999999
4016933333333333,5.64375
4013c00000000000,4.9375
4012c92f95fc62c9,4.696470588235294
4018e4e4e4e4e4e6,6.223529411764707
4017cc3298ff65cb,5.949411764705881
4012821bb54ee882,4.627058823529412
4013060606060606,4.7558823529411764
4012359c0268cf36,4.552352941176471
400e1a80e74db41b,3.7629411764705885
4013b1177de44ab1,4.922941176470588
401857f18b24be58,6.0858823529411765
4015cfcfcfcfcfd0,5.452941176470588
401262c92f95fc62,4.596470588235293
4014f48e27c15af6,5.238823529411766
40155f2bf8c5925f,5.342941176470588
4018760fa942dc78,6.1152941176470605
4013bc895622efbc,4.934117647058823
4012bb54ee8821bb,4.682941176470588
4015e6b3804d19e8,5.47529411764706
40131bb54ee8821c,4.777058823529412
4014f225588bbef2,5.236470588235294
4013a16e3b07d4a2,4.90764705882353
4012a8641fdb9754,4.664444444444445
4014150c83fb72ea,5.020555555555555
401711a2b3c4d5e7,5.767222222222222
4012950c83fb72eb,4.645555555555556
4012222222222222,4.533333333333333
4012b60b60b60b61,4.677777777777778
4013b7c048d159e3,4.929444444444445
4011afc962fc962f,4.421666666666666
401555e6f8091a2b,5.333888888888889
400f3579be02468b,3.901111111111111
4015f530eca86420,5.489444444444445
4014e4b17e4b17e4,5.223333333333333
4014f89abcdf0124,5.242777777777778
40153456789abcdf,5.301111111111111
4015dc28f5c28f5c,5.465
401378091a2b3c4d,4.867222222222222
401476e5d4c3b2a1,5.116111111111111
401341fdb97530ed,4.814444444444445
401461d950c83fb6,5.0955555555555545
40150123456789ac,5.251111111111111
401648c20563b48b,5.571052631578946
40107d9321f424a6,4.122631578947368
401517b6b40227e2,5.273157894736842
401252757d9321f3,4.580526315789473
401374f39aad8a82,4.864210526315789
4016b3782f6d6803,5.675263157894736
4014ef4ae9e7355b,5.233684210526316
4015dd81e2e59771,5.466315789473684
4016c28f5c28f5c3,5.69
4008c990fa125301,3.0984210526315796
400d6078b965dc6f,3.672105263157895
401118caa4eafb25,4.274210526315788
4013dad0089f8747,4.963684210526316
401397fbb03c5cb4,4.89842105263158
4014c42d458632a9,5.191578947368421
401768044fc3a34c,5.85157894736842
401553896e7bf538,5.3315789473684205
4015ec0f172cbb8d,5.480526315789473
4014eec0f172cbb9,5.233157894736842
4012541366f05edc,4.582105263157896
4011b1a9fbe76c8c,4.423500000000001
4013276c8b439580,4.788499999999999
401031a9fbe76c8b,4.0485
4015676c8b439582,5.351000000000001
4010e3d70a3d70a3,4.222499999999999
4018c6a7ef9db22c,6.193999999999999
401389374bc6a7f0,4.884
400a76c8b4395810,3.308
40141c28f5c28f5d,5.027500000000001
4015cb4395810625,5.4485
401628f5c28f5c2a,5.540000000000001
4015ee147ae147ae,5.4825
401473b645a1cac0,5.1129999999999995
4011c8b439581062,4.446
4014fd70a3d70a3e,5.2475000000000005
4014fa5e353f7cee,5.2445
40123df3b645a1cb,4.5605
4017e5604189374b,5.973999999999999
40159cac083126e9,5.403
4014d3f7ced91687,5.207
4013b2f4c8e627fc,4.924761904761905
4012dd610943c770,4.7161904761904765
400c3a83a83a83ab,3.52857142857143
401ba8b7584250f2,6.914761904761905
40124d880bb3ee72,4.575714285714286
40155bac212878ed,5.339523809523809
40145e991cc4ff82,5.092380952380951
400ae04e04e04e06,3.35952380952381
40124e81b4e81b4e,4.576666666666666
40131f3526859b8c,4.78047619047619
4011e914f7b5e1c5,4.477619047619048
4011d787120aba45,4.46047619047619
4011ded787120abb,4.467619047619048
401530c30c30c30c,5.2976190476190474
4011258bf258bf25,4.286666666666666
40135ca5ca5ca5c9,4.840476190476189
40140b3719d803e8,5.010952380952382
401728f5c28f5c28,5.789999999999999
40143f63f63f63f6,5.061904761904762
4011405d9f7390d3,4.312857142857143
40176235fe235fe3,5.845909090909092
4016a6a1fa6a1fa7,5.662727272727273
401366dd8e6dd8e6,4.850454545454545
4016043068430684,5.504090909090909
4016455a4c55a4c6,5.567727272727273
4011ae8ba2e8ba2d,4.420454545454544
400da87e9a87e9a9,3.7072727272727275
4016bb1cdbb1cdb9,5.682727272727271
400ba96cea96cea9,3.4577272727272725
401252d9d52d9d53,4.580909090909091
40130c1a10c1a10b,4.761818181818181
40147cbde7cbde7c,5.121818181818181
40127dac37dac37d,4.622727272727272
4011f02caf02caf0,4.484545454545454
4012d86fb586fb59,4.711363636363637
4011d52d9d52d9d5,4.458181818181818
40153ed61bed61bf,5.3113636363636365
401387e9a87e9a88,4.882727272727273
401116cea96cea97,4.272272727272727
401299227192271a,4.649545454545455
4016c1ab68a0473d,5.6891304347826095
401737a6f4de9bd3,5.804347826086956
40118038fce22ba1,4.375217391304347
40123d70a3d70a3e,4.5600000000000005
400f76df7fc7031c,3.9330434782608688
400feff8e063ba8b,3.992173913043478
4011eb851eb851ec,4.48
4013c8590b21642d,4.945652173913044
4016aef86e69f636,5.670869565217393
40149cb76df7fc70,5.153043478260869
4011811cf06ada27,4.376086956521738
401268a0473c1ab6,4.602173913043478
401378356d1408e8,4.8673913043478265
40162c8590b21643,5.543478260869565
4014c3e54975fb8b,5.191304347826086
401571f9c457433c,5.3613043478260884
40102fa36510791a,4.046521739130435
40147f5509597d1c,5.124347826086957
4015e5bb6fbfe383,5.474347826086958
401737a6f4de9bd5,5.804347826086958
401609d0369d0369,5.509583333333333
4010ed3a06d3a06e,4.231666666666667
4012ca3d70a3d709,4.697499999999999
40145c962fc962fd,5.090416666666667
400c028f5c28f5c4,3.5012500000000006
4016288888888889,5.539583333333334
4015006d3a06d3a0,5.250416666666666
40100aaaaaaaaaab,4.010416666666667
4014caaaaaaaaaa9,5.197916666666665
4014c5f92c5f92c7,5.193333333333334
401388f5c28f5c2a,4.883750000000001
4010b77777777777,4.179166666666666
40169c28f5c28f5d,5.652500000000001
40138e81b4e81b4d,4.889166666666665
4012e962fc962fc9,4.727916666666666
40104f5c28f5c28f,4.0775
401401b4e81b4e81,5.001666666666666
4012488888888889,4.570833333333334
4017dddddddddddf,5.966666666666668
4015a5f92c5f92c5,5.4120833333333325
401686c226809d49,5.6316
4011d495182a9930,4.457599999999999
4012f06f69446738,4.7348
4012f972474538ef,4.7436
40104fdf3b645a1d,4.078
401352bd3c361133,4.830799999999999
40165f6fd21ff2e5,5.5932
4016b0f27bb2fec5,5.6728
40147c1bda5119ce,5.1212
4014858793dd97f6,5.1304
40125c91d14e3bcd,4.5904
4016fe5c91d14e3b,5.748399999999999
4016a7ef9db22d0e,5.664
40185119ce075f71,6.079200000000001
401295e9e1b089a0,4.6464
401313404ea4a8c2,4.768800000000001
40135e353f7ced92,4.8420000000000005
4016b2fec56d5cfb,5.6748
4010d1b71758e21a,4.2048000000000005
401229c779a6b50b,4.5408
4016d576f108aa27,5.708461538461541
4011ff3659cc0327,4.49923076923077
4011b52b52b52b52,4.426923076923076
4018a8f5c28f5c2b,6.165000000000002
4014baaede211544,5.182307692307692
4016a505838b6beb,5.661153846153847
4012b0716d7d3e3a,4.672307692307692
40121d2505838b6c,4.5284615384615385
40161b2ce601934c,5.526538461538461
4016e0e2dafa7c74,5.719615384615384
4016f7baaede2116,5.741923076923078
4014a0b0716d7d3f,5.156923076923078
401342f42f42f42f,4.815384615384615
401214dfb461ac81,4.520384615384615
401452b52b52b52c,5.080769230769231
40119e537ed186b1,4.404615384615384
4013319fe6cb3982,4.79846153846154
4010038b6be9f1d1,4.003461538461537
4016217a17a17a17,5.532692307692307
4010fb461ac812e8,4.245384615384616
4014dad524c9c413,5.213703703703703
40143d0f8cb48704,5.0596296296296295
4015dc598153d0f9,5.465185185185185
40141722833944a5,5.022592592592592
4011a8c536fe1a8e,4.414814814814816
40141e573ac901e6,5.02962962962963
40138d76b5493272,4.888148148148149
40112adb363bec48,4.2918518518518525
4010944a55b66c78,4.144814814814815
40139d0369d0369b,4.9033333333333315
4013672894ab6cd8,4.85074074074074
4015b0bc1cd2de3f,5.422592592592593
40126054f43e32d2,4.594074074074074
4016aff9ee8dd7cc,5.6718518518518515
4012111111111111,4.516666666666667
40139abcdf012347,4.9011111111111125
400c8277166054f3,3.563703703703703
40198641fdb9752f,6.381111111111109
40132833944a55b7,4.78925925925926
40129f49f49f49f5,4.655555555555556
400e231bcb564efd,3.7671428571428565
401344c118de5ab2,4.817142857142857
4015c98231bcb565,5.446785714285714
40121f15f15f15f2,4.530357142857143
40106be2be2be2be,4.105357142857143
40148a3d70a3d70a,5.135
4016283a83a83a85,5.5392857142857155
401302ecfb9c8695,4.752857142857143
4015390d2a6c405f,5.305714285714287
4010f277f44c118e,4.236785714285714
40137e2be2be2be2,4.873214285714285
401365ab277f44c2,4.849285714285715
40162e721a54d881,5.545357142857143
4015c7ae147ae148,5.445
4012b44c118de5ab,4.676071428571428
40178c118de5ab27,5.886785714285714
4016fcb564efe898,5.746785714285714
4013a08c6f2d593d,4.906785714285715
4015721a54d880bb,5.361428571428571
40141767dce434aa,5.022857142857143
4014043cbbd9dd67,5.004137931034484
4010f076a48bd437,4.2348275862068965
401469398e4cf9fe,5.102758620689654
4012c5bce90c5bcd,4.693103448275861
40138e4cf9ff4b36,4.888965517241379
40146a48bd437158,5.103793103448275
40145fb0e7a2c7dc,5.09344827586207
4016720d6afd873e,5.611379310344828
401314207c4adba1,4.769655172413793
40165955cddbfbc6,5.587241379310347
40125d9289b5d929,4.591379310344828
4016a86e2b14207d,5.66448275862069
40178b79d218b79c,5.886206896551723
401290c5bce90c5c,4.641379310344828
4018e63933e7fd2d,6.224827586206897
401425c835abf61c,5.036896551724137
4012a15e4753af7f,4.657586206896553
4011dd6557376fef,4.466206896551724
401577b3bacaae6f,5.366896551724138
4016f12b6e85791d,5.73551724137931
4014c395810624dd,5.191
4011a22222222223,4.408333333333334
401583126e978d50,5.378
4013ac5f92c5f92b,4.918333333333332
40148da740da740f,5.1383333333333345
4013596de8ca11bf,4.837333333333333
4014ce2a53490b9b,5.201333333333333
4014dd2f1a9fbe77,5.216
4011bb645a1cac07,4.432999999999999
4011a3d70a3d70a3,4.409999999999999
40118369d0369d04,4.378333333333334
401190624dd2f1ab,4.391000000000001
4014b22d0e560419,5.174
4010878263ab596e,4.132333333333333
401625e353f7ceda,5.537000000000001
40125867c3ece2a4,4.586333333333332
40176353f7ced916,5.8469999999999995
40148b4395810623,5.135999999999998
40151a485cd7b900,5.275666666666666
4040aaaaaaaaaaab,33.333333333333336
4050aaaaaaaaaaab,66.66666666666667
4054d55555555555,83.33333333333333
402c924924924925,14.285714285714286
403c924924924925,28.571428571428573
40456db6db6db6db,42.857142857142854
404c924924924925,57.142857142857146
4051db6db6db6db7,71.42857142857143
40556db6db6db6db,85.71428571428571
402638e38e38e38e,11.11111111111111
403638e38e38e38e,22.22222222222222
404638e38e38e38e,44.44444444444444
404bc71c71c71c72,55.55555555555556
405371c71c71c71c,77.77777777777777
405638e38e38e38e,88.88888888888889
40222e8ba2e8ba2f,9.090909090909092
40322e8ba2e8ba2f,18.181818181818183
403b45d1745d1746,27.272727272727273
40422e8ba2e8ba2f,36.36363636363637
4046ba2e8ba2e8ba,45.45454545454545
404b45d1745d1746,54.54545454545455
404fd1745d1745d1,63.63636363636363
40522e8ba2e8ba2f,72.72727272727273
4054745d1745d174,81.81818181818181
4056ba2e8ba2e8ba,90.9090909090909
4044d55555555555,41.666666666666664
404d2aaaaaaaaaab,58.333333333333336
4056eaaaaaaaaaab,91.66666666666667
401ec4ec4ec4ec4f,7.6923076923076925
402ec4ec4ec4ec4f,15.384615384615385
403713b13b13b13b,23.076923076923077
403ec4ec4ec4ec4f,30.76923076923077
40433b13b13b13b1,38.46153846153846
404713b13b13b13b,46.15384615384615
404aec4ec4ec4ec5,53.84615384615385
404ec4ec4ec4ec4f,61.53846153846154
40514ec4ec4ec4ec,69.23076923076923
40533b13b13b13b1,76.92307692307692
4055276276276276,84.61538461538461
405713b13b13b13b,92.3076923076923
40356db6db6db6db,21.428571428571427
4041db6db6db6db7,35.714285714285715
4050124924924925,64.28571428571429
4053a49249249249,78.57142857142857
405736db6db6db6e,92.85714285714286
403aaaaaaaaaaaab,26.666666666666668
4047555555555555,46.666666666666664
404aaaaaaaaaaaab,53.333333333333336
4052555555555555,73.33333333333333
4055aaaaaaaaaaab,86.66666666666667
4057555555555555,93.33333333333333
4017878787878788,5.882352941176471
4027878787878788,11.764705882352942
4031a5a5a5a5a5a6,17.647058823529413
4037878787878788,23.529411764705884
403d696969696969,29.41176470588235
4041a5a5a5a5a5a6,35.294117647058826
4044969696969697,41.1764705882353
4047878787878788,47.05882352941177
404a787878787878,52.94117647058823
404d696969696969,58.8235294117647
40502d2d2d2d2d2d,64.70588235294117
4051a5a5a5a5a5a6,70.58823529411765
40531e1e1e1e1e1e,76.47058823529412
4054969696969697,82.3529411764706
40560f0f0f0f0f0f,88.23529411764706
4057878787878788,94.11764705882354
403bc71c71c71c72,27.77777777777778
404371c71c71c71c,38.888888888888886
404e8e38e38e38e4,61.111111111111114
40520e38e38e38e4,72.22222222222223
40579c71c71c71c7,94.44444444444444
40150d79435e50d8,5.2631578947368425
40250d79435e50d8,10.526315789473685
402f9435e50d7943,15.789473684210526
40350d79435e50d8,21.05263157894737
403a50d79435e50d,26.31578947368421
403f9435e50d7943,31.57894736842105
40426bca1af286bd,36.8421052631579
40450d79435e50d8,42.10526315789474
4047af286bca1af3,47.36842105263158
404a50d79435e50d,52.63157894736842
404cf286bca1af28,57.89473684210526
404f9435e50d7943,63.1578947368421
40511af286bca1af,68.42105263157895
40526bca1af286bd,73.6842105263158
4053bca1af286bca,78.94736842105263
40550d79435e50d8,84.21052631578948
40565e50d79435e5,89.47368421052632
4057af286bca1af3,94.73684210526316
40230c30c30c30c3,9.523809523809524
40330c30c30c30c3,19.047619047619047
40430c30c30c30c3,38.095238095238095
4047cf3cf3cf3cf4,47.61904761904762
40530c30c30c30c3,76.19047619047619
4057cf3cf3cf3cf4,95.23809523809524
4021642c8590b216,8.695652173913043
4031642c8590b216,17.391304347826086
403a1642c8590b21,26.08695652173913
4041642c8590b216,34.78260869565217
4045bd37a6f4de9c,43.47826086956522
404a1642c8590b21,52.17391304347826
404e6f4de9bd37a7,60.869565217391305
4051642c8590b216,69.56521739130434
405390b21642c859,78.26086956521739
4055bd37a6f4de9c,86.95652173913044
4057e9bd37a6f4df,95.65217391304348
401da12f684bda13,7.407407407407407
402da12f684bda13,14.814814814814815
403da12f684bda13,29.62962962962963
404284bda12f684c,37.03703703703704
4049ed097b425ed1,51.851851851851855
404da12f684bda13,59.25925925925926
405284bda12f684c,74.07407407407408
40545ed097b425ed,81.48148148148148
405812f684bda12f,96.29629629629629
401b9611a7b9611a,6.896551724137931
402b9611a7b9611a,13.793103448275861
4034b08d3dcb08d4,20.689655172413794
403b9611a7b9611a,27.586206896551722
40413dcb08d3dcb1,34.48275862068966
4044b08d3dcb08d4,41.37931034482759
4048234f72c234f7,48.275862068965516
404b9611a7b9611a,55.172413793103445
404f08d3dcb08d3e,62.06896551724138
40513dcb08d3dcb1,68.96551724137932
4052f72c234f72c2,75.86206896551724
4054b08d3dcb08d4,82.75862068965517
405669ee58469ee6,89.65517241379311
4058234f72c234f7,96.55172413793103
40235ad6b5ad6b5b,9.67741935483871
40335ad6b5ad6b5b,19.35483870967742
403d084210842108,29.032258064516128
40435ad6b5ad6b5b,38.70967741935484
4048318c6318c632,48.38709677419355
404d084210842108,58.064516129032256
4050ef7bdef7bdef,67.74193548387096
40535ad6b5ad6b5b,77.41935483870968
4055c6318c6318c6,87.09677419354838
4058318c6318c632,96.7741935483871
4022c00000000000,9.375
403c200000000000,28.125
4047700000000000,46.875
4050680000000000,65.625
4055180000000000,84.375
4021a5a5a5a5a5a6,8.823529411764707
403a787878787878,26.470588235294116
40460f0f0f0f0f0f,44.11764705882353
404ee1e1e1e1e1e2,61.76470588235294
4053da5a5a5a5a5a,79.41176470588235
405843c3c3c3c3c4,97.05882352941177
4031249249249249,17.142857142857142
4039b6db6db6db6e,25.714285714285715
4041249249249249,34.285714285714285
4049b6db6db6db6e,51.42857142857143
4051249249249249,68.57142857142857
4053492492492492,77.14285714285714
4057924924924925,94.28571428571429
40203759f2298376,8.108108108108109
40303759f2298376,16.216216216216218
40385306eb3e4530,24.324324324324323
40403759f2298376,32.432432432432435
404445306eb3e453,40.54054054054054
40485306eb3e4530,48.648648648648646
404c60dd67c8a60e,56.75675675675676
40503759f2298376,64.86486486486487
40523e45306eb3e4,72.97297297297297
405445306eb3e453,81.08108108108108
40564c1bacf914c2,89.1891891891892
40585306eb3e4530,97.29729729729729
401f9435e50d7943,7.894736842105263
4037af286bca1af3,23.68421052631579
4043bca1af286bca,39.473684210526315
404ba1af286bca1b,55.26315789473684
4051c35e50d79436,71.05263157894737
4055b5e50d79435e,86.84210526315789
4023831f3831f383,9.75609756097561
4033831f3831f383,19.51219512195122
403d44aed44aed45,29.26829268292683
4043831f3831f383,39.02439024390244
404863e7063e7064,48.78048780487805
404d44aed44aed45,58.53658536585366
405112bb512bb513,68.29268292682927
4053831f3831f383,78.04878048780488
4055f3831f3831f4,87.8048780487805
405863e7063e7064,97.5609756097561
40229aca6b29aca7,9.30232558139535
40329aca6b29aca7,18.6046511627907
403be82fa0be82fa,27.906976744186046
40429aca6b29aca7,37.2093023255814
4047417d05f417d0,46.51162790697674
404be82fa0be82fa,55.81395348837209
405047711dc47712,65.11627906976744
40529aca6b29aca7,74.4186046511628
4054ee23b88ee23c,83.72093023255815
4057417d05f417d0,93.02325581395348
4021c71c71c71c72,8.88888888888889
4031c71c71c71c72,17.77777777777778
4041c71c71c71c72,35.55555555555556
404f1c71c71c71c7,62.22222222222222
4051c71c71c71c72,71.11111111111111
405871c71c71c71c,97.77777777777777
40210572620ae4c4,8.51063829787234
40310572620ae4c4,17.02127659574468
4039882b93105726,25.53191489361702
40410572620ae4c4,34.04255319148936
404546cefa8d9df5,42.5531914893617
4049882b93105726,51.06382978723404
404dc9882b931057,59.57446808510638
40510572620ae4c4,68.08510638297872
40532620ae4c415d,76.59574468085107
405546cefa8d9df5,85.1063829787234
4057677d46cefa8e,93.61702127659575
40205397829cbc15,8.16326530612245
40305397829cbc15,16.3265306122449
40387d6343eb1a1f,24.489795918367346
40405397829cbc15,32.6530612244898
4044687d6343eb1a,40.816326530612244
40487d6343eb1a1f,48.97959183673469
40505397829cbc15,65.3061224489796
40525e0a72f05398,73.46938775510205
4054687d6343eb1a,81.63265306122449
405672f05397829d,89.79591836734694
40587d6343eb1a1f,97.95918367346938
40239b9b9b9b9b9c,9.803921568627452
40339b9b9b9b9b9c,19.607843137254903
40439b9b9b9b9b9c,39.21568627450981
4048828282828283,49.01960784313726
4051282828282828,68.62745098039215
40539b9b9b9b9b9c,78.43137254901961
4058828282828283,98.03921568627452
40233b13b13b13b1,9.615384615384615
40333b13b13b13b1,19.23076923076923
403cd89d89d89d8a,28.846153846153847
404809d89d89d89e,48.07692307692308
404cd89d89d89d8a,57.69230769230769
4050d3b13b13b13b,67.3076923076923
4055a27627627627,86.53846153846153
405809d89d89d89e,96.15384615384616
4022de304d4873ed,9.433962264150944
4032de304d4873ed,18.867924528301888
403c4d4873ecade3,28.30188679245283
4042de304d4873ed,37.735849056603776
404795bc609a90e8,47.16981132075472
404c4d4873ecade3,56.60377358490566
4050826a439f656f,66.0377358490566
4052de304d4873ed,75.47169811320755
405539f656f1826a,84.90566037735849
405795bc609a90e8,94.33962264150944
402284bda12f684c,9.25925925925926
403284bda12f684c,18.51851851851852
404725ed097b425f,46.2962962962963
40503425ed097b42,64.81481481481481
405725ed097b425f,92.5925925925926
4021db6db6db6db7,8.928571428571429
4031db6db6db6db7,17.857142857142858
403ac92492492492,26.785714285714285
4046524924924925,44.642857142857146
404ac92492492492,53.57142857142857
405416db6db6db6e,80.35714285714286
4056524924924925,89.28571428571429
40588db6db6db6db,98.21428571428571
40218b3a62ce98b4,8.771929824561404
40318b3a62ce98b4,17.54385964912281
40418b3a62ce98b4,35.08771929824562
4045ee08fb823ee1,43.85964912280702
404eb3a62ce98b3a,61.40350877192982
40518b3a62ce98b4,70.17543859649123
4055ee08fb823ee1,87.71929824561404
40581f7047dc11f7,96.49122807017544
40213dcb08d3dcb1,8.620689655172415
40313dcb08d3dcb1,17.24137931034483
4039dcb08d3dcb09,25.862068965517242
40458d3dcb08d3dd,43.10344827586207
4049dcb08d3dcb09,51.724137931034484
404e2c234f72c235,60.3448275862069
4053658469ee5847,77.58620689655173
40558d3dcb08d3dd,86.20689655172414
4057b4f72c234f73,94.82758620689656
4020f2fba9386823,8.474576271186441
4030f2fba9386823,16.949152542372882
40396c797dd49c34,25.423728813559322
4040f2fba9386823,33.898305084745765
40452fba9386822b,42.3728813559322
40496c797dd49c34,50.847457627118644
404da9386822b63d,59.32203389830509
4050f2fba9386823,67.79661016949153
4053115b1e5f7527,76.27118644067797
40552fba9386822b,84.7457627118644
40574e1a08ad8f30,93.22033898305085
4023ac10c9714fbd,9.836065573770492
4033ac10c9714fbd,19.672131147540984
403d82192e29f79b,29.508196721311474
4043ac10c9714fbd,39.34426229508197
40489714fbcda3ac,49.18032786885246
404d82192e29f79b,59.01639344262295
4051368eb04325c5,68.85245901639344
4053ac10c9714fbd,78.68852459016394
40562192e29f79b4,88.52459016393442
40589714fbcda3ac,98.36065573770492
4022762762762762,9.23076923076923
4032762762762762,18.46153846153846
403bb13b13b13b14,27.692307692307693
4042762762762762,36.92307692307692
404bb13b13b13b14,55.38461538461539
4050276276276276,64.61538461538461
4052762762762762,73.84615384615384
4054c4ec4ec4ec4f,83.07692307692308
4021e9131abf0b76,8.955223880597014
4031e9131abf0b76,17.91044776119403
403add9ca81e9132,26.865671641791046
4041e9131abf0b76,35.82089552238806
40466357e16ece54,44.776119402985074
404add9ca81e9132,53.73134328358209
404f57e16ece540f,62.6865671641791
4051e9131abf0b76,71.64179104477611
405426357e16ece5,80.59701492537313
40566357e16ece54,89.55223880597015
4058a07a44c6afc3,98.50746268656717
4023b7e327a976fc,9.859154929577464
4033b7e327a976fc,19.718309859154928
403d93d4bb7e327b,29.577464788732396
4043b7e327a976fc,39.436619718309856
4048a5dbf193d4bb,49.29577464788732
404d93d4bb7e327b,59.15492957746479
405140e6c2b4481d,69.01408450704226
4053b7e327a976fc,78.87323943661971
40562edf8c9ea5dc,88.73239436619718
4058a5dbf193d4bb,98.59154929577464
402371c71c71c71c,9.722222222222221
403371c71c71c71c,19.444444444444443
403d2aaaaaaaaaab,29.166666666666668
40484e38e38e38e4,48.611111111111114
4051038e38e38e39,68.05555555555556
40584e38e38e38e4,97.22222222222223
40232d96cb65b2d9,9.58904109589041
40332d96cb65b2d9,19.17808219178082
403cc46231188c46,28.767123287671232
40432d96cb65b2d9,38.35616438356164
4047f8fc7e3f1f90,47.945205479452056
404cc46231188c46,57.534246575342465
4050c7e3f1f8fc7e,67.12328767123287
40532d96cb65b2d9,76.71232876712328
40559349a4d26935,86.3013698630137
4057f8fc7e3f1f90,95.89041095890411
4022eb3e45306eb4,9.45945945945946
4032eb3e45306eb4,18.91891891891892
403c60dd67c8a60e,28.37837837837838
4042eb3e45306eb4,37.83783783783784
4047a60dd67c8a61,47.2972972972973
40508dd67c8a60dd,66.21621621621621
4052eb3e45306eb4,75.67567567567568
405548a60dd67c8a,85.13513513513513
4057a60dd67c8a61,94.5945945945946
4042aaaaaaaaaaab,37.333333333333336
4050555555555555,65.33333333333333
4052aaaaaaaaaaab,74.66666666666667
40226bca1af286bd,9.210526315789474
40326bca1af286bd,18.42105263157895
403ba1af286bca1b,27.63157894736842
404706bca1af286c,46.05263157894737
40501e50d79435e5,64.47368421052632
4054b9435e50d794,82.89473684210526
405706bca1af286c,92.10526315789474
4021f2df2df2df2e,8.974358974358974
4031f2df2df2df2e,17.94871794871795
403aec4ec4ec4ec5,26.923076923076923
4041f2df2df2df2e,35.8974358974359
40466f96f96f96f9,44.87179487179487
404f690690690690,62.82051282051282
4051f2df2df2df2e,71.7948717948718
4054313b13b13b14,80.76923076923077
40566f96f96f96f9,89.74358974358974
4058adf2df2df2df,98.71794871794872
4021b8b577e61371,8.860759493670885
4031b8b577e61371,17.72151898734177
403a951033d91d2a,26.582278481012658
4041b8b577e61371,35.44303797468354
404626e2d5df984e,44.30379746835443
404a951033d91d2a,53.164556962025316
404f033d91d2a206,62.0253164556962
4051b8b577e61371,70.88607594936708
4053efcc26e2d5e0,79.74683544303798
405626e2d5df984e,88.60759493670886
40585df984dc5abc,97.46835443037975
4023c0ca4587e6b7,9.876543209876543
4033c0ca4587e6b7,19.753086419753085
4043c0ca4587e6b7,39.50617283950617
4048b0fcd6e9e065,49.382716049382715
405148b0fcd6e9e0,69.1358024691358
4053c0ca4587e6b7,79.01234567901234
4058b0fcd6e9e065,98.76543209876543
402346f0940c565d,9.63855421686747
403346f0940c565d,19.27710843373494
403cea68de12818b,28.91566265060241
404346f0940c565d,38.55421686746988
404818acb90f6bf4,48.19277108433735
404cea68de12818b,57.83132530120482
4050de12818acb91,67.46987951807229
405346f0940c565d,77.10843373493977
4055afcea68de128,86.74698795180723
405818acb90f6bf4,96.3855421686747
4022d2d2d2d2d2d3,9.411764705882353
4032d2d2d2d2d2d3,18.823529411764707
403c3c3c3c3c3c3c,28.235294117647058
4042d2d2d2d2d2d3,37.64705882352941
404c3c3c3c3c3c3c,56.470588235294116
4050787878787878,65.88235294117646
4052d2d2d2d2d2d3,75.29411764705883
40552d2d2d2d2d2d,84.70588235294117
4022640bc52640bc,9.195402298850574
4032640bc52640bc,18.39080459770115
4042640bc52640bc,36.7816091954023
4046fd0eb66fd0eb,45.97701149425287
4050178a4c8178a5,64.36781609195403
4052640bc52640bc,73.5632183908046
4056fd0eb66fd0eb,91.95402298850574
4021fa3f47e8fd20,8.98876404494382
4031fa3f47e8fd20,17.97752808988764
403af75eebdd7baf,26.96629213483146
4041fa3f47e8fd20,35.95505617977528
404678cf19e33c68,44.943820224719104
404af75eebdd7baf,53.93258426966292
404f75eebdd7baf7,62.92134831460674
4051fa3f47e8fd20,71.91011235955057
4054398730e61cc4,80.89887640449439
405678cf19e33c68,89.88764044943821
4058b81702e05c0c,98.87640449438203
4023c7bc7bc7bc7c,9.89010989010989
4033c7bc7bc7bc7c,19.78021978021978
403dab9ab9ab9aba,29.67032967032967
4043c7bc7bc7bc7c,39.56043956043956
4048b9ab9ab9ab9b,49.45054945054945
404dab9ab9ab9aba,59.34065934065934
4053c7bc7bc7bc7c,79.12087912087912
405640b40b40b40b,89.01098901098901
4058b9ab9ab9ab9b,98.9010989010989
402390b21642c859,9.782608695652174
403390b21642c859,19.565217391304348
403d590b21642c86,29.347826086956523
404390b21642c859,39.130434782608695
404874de9bd37a6f,48.91304347826087
404d590b21642c86,58.69565217391305
40511e9bd37a6f4e,68.47826086956522
405602c8590b2164,88.04347826086956
405874de9bd37a6f,97.82608695652173
40232620ae4c415d,9.574468085106384
40332620ae4c415d,19.148936170212767
403cb9310572620b,28.72340425531915
40432620ae4c415d,38.297872340425535
4047efa8d9df51b4,47.87234042553192
404cb9310572620b,57.4468085106383
4050c15c9882b931,67.02127659574468
40558ae4c415c988,86.17021276595744
4057efa8d9df51b4,95.74468085106383
4022f286bca1af28,9.473684210526315
4032f286bca1af28,18.94736842105263
403c6bca1af286bd,28.42105263157895
4042f286bca1af28,37.89473684210526
404c6bca1af286bd,56.8421052631579
40509435e50d7943,66.3157894736842
4052f286bca1af28,75.78947368421052
405550d79435e50d,85.26315789473684
40228e83f5717c0b,9.278350515463918
40328e83f5717c0b,18.556701030927837
403bd5c5f02a3a10,27.835051546391753
40428e83f5717c0b,37.11340206185567
40473224f2cddb0d,46.391752577319586
404bd5c5f02a3a10,55.670103092783506
40503cb376c34c89,64.94845360824742
40528e83f5717c0b,74.22680412371135
4054e054741fab8c,83.50515463917526
40573224f2cddb0d,92.78350515463917
40225e0a72f05398,9.183673469387756
40325e0a72f05398,18.367346938775512
403b8d0fac687d63,27.551020408163264
40425e0a72f05398,36.734693877551024
4046f58d0fac687d,45.91836734693877
404b8d0fac687d63,55.10204081632653
4054a9cbc14e5e0a,82.65306122448979
4056f58d0fac687d,91.83673469387755
4007c28f5c28f5c2,2.9699999999999998
407b2fffffffffff,434.99999999999994
3fb9999999999800,0.09999999999999432
4046beb851eb851e,45.489999999999995
bfeccccccccccccd,-0.9
bfb999999999999a,-0.1
bfd5555555555555,-0.3333333333333333
bfc2492492492492,-0.14285714285714285
bfbc71c71c71c71c,-0.1111111111111111
bff3333333333333,-1.2
bfc999999999999a,-0.2
bff4cccccccccccd,-1.3
bfe6666666666666,-0.7
bff6666666666666,-1.4
bfe3333333333333,-0.6
bfd999999999999a,-0.4
bfd0000000000000,-0.25
bfd9999999999998,-0.3999999999999999
bfc5555555555555,-0.16666666666666666
bfd3333333333332,-0.29999999999999993
bfe6666666666667,-0.7000000000000001
bffccccccccccccd,-1.8
bfc9999999999998,-0.19999999999999996
bfc0000000000000,-0.125
bffe666666666666,-1.9
bfb9999999999998,-0.09999999999999998
8000000000000000,-0.0
3fb99999999999a0,0.10000000000000009
bfb745d1745d1746,-0.09090909090909091
3fc99999999999a0,0.20000000000000018
bfb5555555555555,-0.08333333333333333
bfb3b13b13b13b14,-0.07692307692307693
3fd999999999999c,0.40000000000000013
bff6666666666667,-1.4000000000000001
bfb2492492492492,-0.07142857142857142
bfb1111111111111,-0.06666666666666667
bfb0000000000000,-0.0625
bfae1e1e1e1e1e1e,-0.058823529411764705
c006666666666666,-2.8
bfac71c71c71c71c,-0.05555555555555555
bffe666666666667,-1.9000000000000001
bfaaf286bca1af28,-0.05263157894736842
bfa999999999999a,-0.05
c008cccccccccccd,-3.1
bfa8618618618618,-0.047619047619047616
bfa745d1745d1746,-0.045454545454545456
c00a666666666667,-3.3000000000000003
3ff4ccccccccccce,1.3000000000000003
bfa642c8590b2164,-0.043478260869565216
3ff6666666666668,1.4000000000000004
bfa5555555555555,-0.041666666666666664
bfa47ae147ae147b,-0.04
c00ccccccccccccd,-3.6
bfa3b13b13b13b14,-0.038461538461538464
bfa2f684bda12f68,-0.037037037037037035
c00e666666666667,-3.8000000000000003
bfa2492492492492,-0.03571428571428571
3ffe666666666668,1.9000000000000004
bfa1a7b9611a7b96,-0.034482758620689655
bfa1111111111111,-0.03333333333333333
c010666666666666,-4.1
bfa0842108421084,-0.03225806451612903
bfa0000000000000,-0.03125
bf9f07c1f07c1f08,-0.030303030303030304
bf9e1e1e1e1e1e1e,-0.029411764705882353
bf9d41d41d41d41d,-0.02857142857142857
c012666666666666,-4.6
bf9c71c71c71c71c,-0.027777777777777776
bf9bacf914c1bad0,-0.02702702702702703
bf9af286bca1af28,-0.02631578947368421
bf9a41a41a41a41a,-0.02564102564102564
bf9999999999999a,-0.025
c014666666666667,-5.1000000000000005
4008ccccccccccce,3.1000000000000005
bf98f9c18f9c18fa,-0.024390243902439025
c014cccccccccccd,-5.2
bf98618618618618,-0.023809523809523808
c015333333333333,-5.3
c011333333333333,-4.3
bf97d05f417d05f4,-0.023255813953488372
c01599999999999a,-5.4
bf9745d1745d1746,-0.022727272727272728
c016000000000000,-5.5
bf96c16c16c16c17,-0.022222222222222223
c016666666666667,-5.6000000000000005
bf9642c8590b2164,-0.021739130434782608
c016cccccccccccd,-5.7
bf95c9882b931057,-0.02127659574468085
c017333333333334,-5.800000000000001
400e666666666668,3.8000000000000007
bf95555555555555,-0.020833333333333332
c01799999999999a,-5.9
bf94e5e0a72f0539,-0.02040816326530612
c018000000000000,-6.0
bf947ae147ae147b,-0.02
c018666666666667,-6.1000000000000005
bf94141414141414,-0.0196078431372549
c018cccccccccccd,-6.2
bf93b13b13b13b14,-0.019230769230769232
c019333333333334,-6.300000000000001
c015333333333334,-5.300000000000001
bf93521cfb2b78c1,-0.018867924528301886
c01999999999999a,-6.4
bf92f684bda12f68,-0.018518518518518517
c01a000000000000,-6.5
bf929e4129e4129e,-0.01818181818181818
c01a666666666667,-6.6000000000000005
bf92492492492492,-0.017857142857142856
c01acccccccccccd,-6.7
bf91f7047dc11f70,-0.017543859649122806
c01b333333333334,-6.800000000000001
bf91a7b9611a7b96,-0.017241379310344827
c01b99999999999a,-6.9
bf915b1e5f75270d,-0.01694915254237288
c01c000000000000,-7.0
bf91111111111111,-0.016666666666666666
bfe5555555555555,-0.6666666666666666
bfd2492492492492,-0.2857142857142857
bfcc71c71c71c71c,-0.2222222222222222
bffb333333333333,-1.7
c003333333333333,-2.4
c007333333333333,-2.9
bfeccccccccccccc,-0.8999999999999999
bfc745d1745d1746,-0.18181818181818182
bfe9999999999998,-0.7999999999999998
bfc3b13b13b13b14,-0.15384615384615385
bfe3333333333332,-0.5999999999999999
bfc1111111111111,-0.13333333333333333
bfbe1e1e1e1e1e1e,-0.11764705882352941
c00e666666666666,-3.8
bfb9999999999990,-0.09999999999999987
bfbaf286bca1af28,-0.10526315789473684
bfb8618618618618,-0.09523809523809523
3fd3333333333338,0.30000000000000027
bfb642c8590b2164,-0.08695652173913043
3fd99999999999a0,0.40000000000000036
bfb47ae147ae147b,-0.08
bfb2f684bda12f68,-0.07407407407407407
3fe999999999999c,0.8000000000000003
3fecccccccccccd0,0.9000000000000004
bfb1a7b9611a7b96,-0.06896551724137931
c014666666666666,-5.1
bfb0842108421084,-0.06451612903225806
bfaf07c1f07c1f08,-0.06060606060606061
bfad41d41d41d41d,-0.05714285714285714
c016666666666666,-5.6
c01ccccccccccccd,-7.2
c01d99999999999a,-7.4
bfabacf914c1bad0,-0.05405405405405406
c01e666666666667,-7.6000000000000005
c01f333333333334,-7.800000000000001
bfaa41a41a41a41a,-0.05128205128205128
c020000000000000,-8.0
c020666666666667,-8.200000000000001
bfa8f9c18f9c18fa,-0.04878048780487805
c020cccccccccccd,-8.4
c019333333333333,-6.3
c021333333333333,-8.6
bfa7d05f417d05f4,-0.046511627906976744
c02199999999999a,-8.8
c022000000000000,-9.0
bfa6c16c16c16c17,-0.044444444444444446
4004ccccccccccce,2.6000000000000005
c022666666666667,-9.200000000000001
c022cccccccccccd,-9.4
bfa5c9882b931057,-0.0425531914893617
4006666666666668,2.8000000000000007
c023333333333334,-9.600000000000001
c02399999999999a,-9.8
bfa4e5e0a72f0539,-0.04081632653061224
c024000000000000,-10.0
c01c666666666667,-7.1000000000000005
c024666666666667,-10.200000000000001
bfa4141414141414,-0.0392156862745098
c024cccccccccccd,-10.4
c01d333333333334,-7.300000000000001
c025333333333334,-10.600000000000001
bfa3521cfb2b78c1,-0.03773584905660377
c02599999999999a,-10.8
c01e000000000000,-7.5
c026000000000000,-11.0
bfa29e4129e4129e,-0.03636363636363636
c026666666666667,-11.200000000000001
c01ecccccccccccd,-7.7
c026cccccccccccd,-11.4
bfa1f7047dc11f70,-0.03508771929824561
c027333333333334,-11.600000000000001
c01f99999999999a,-7.9
c02799999999999a,-11.8
bfa15b1e5f75270d,-0.03389830508474576
c028000000000000,-12.0
bfdb6db6db6db6db,-0.42857142857142855
c00b333333333333,-3.4
bfe8000000000000,-0.75
bfd8000000000000,-0.375
c00f333333333333,-3.9
bfd3333333333333,-0.3
bfd1745d1745d174,-0.2727272727272727
bffccccccccccccc,-1.7999999999999998
bfcd89d89d89d89e,-0.23076923076923078
bff9999999999999,-1.5999999999999999
bfcb6db6db6db6db,-0.21428571428571427
bfc8000000000000,-0.1875
bfc6969696969697,-0.17647058823529413
c013333333333333,-4.8
bff1999999999999,-1.0999999999999999
bfc435e50d79435e,-0.15789473684210525
bfc3333333333333,-0.15
bfc1745d1745d174,-0.13636363636363635
bfe6666666666664,-0.6999999999999997
bfc0b21642c8590b,-0.13043478260869565
bfe3333333333330,-0.5999999999999996
c01cccccccccccce,-7.200000000000001
bfbeb851eb851eb8,-0.12
bfbd89d89d89d89e,-0.11538461538461539
c020333333333334,-8.100000000000001
bfc9999999999990,-0.19999999999999973
bfbb6db6db6db6db,-0.10714285714285714
bfb9999999999980,-0.09999999999999964
c021666666666667,-8.700000000000001
bfba7b9611a7b961,-0.10344827586206896
c018666666666666,-6.1
c02299999999999a,-9.3
bfb8c6318c6318c6,-0.0967741935483871
bfb8000000000000,-0.09375
c023cccccccccccd,-9.9
bfb6969696969697,-0.08823529411764706
c025000000000000,-10.5
bfb5f15f15f15f16,-0.08571428571428572
c01a666666666666,-6.6
c026333333333334,-11.100000000000001
bfb4c1bacf914c1c,-0.08108108108108109
bfb435e50d79435e,-0.07894736842105263
c027666666666667,-11.700000000000001
bfb3333333333333,-0.075
3ff199999999999c,1.1000000000000005
c02899999999999a,-12.3
bfb2bb512bb512bb,-0.07317073170731707
c029333333333334,-12.600000000000001
c01d333333333333,-7.3
c029cccccccccccc,-12.899999999999999
bfb1dc47711dc477,-0.06976744186046512
c02a666666666667,-13.200000000000001
bfb1745d1745d174,-0.06818181818181818
c02b000000000000,-13.5
3ff999999999999c,1.6000000000000005
c02b99999999999a,-13.8
bfb0b21642c8590b,-0.06521739130434782
c02c333333333334,-14.100000000000001
bfb0572620ae4c41,-0.06382978723404255
3ffcccccccccccd0,1.8000000000000007
c02cccccccccccce,-14.400000000000002
c02d666666666667,-14.700000000000001
bfaf58d0fac687d6,-0.061224489795918366
c02e000000000000,-15.0
bfaeb851eb851eb8,-0.06
c02e99999999999a,-15.3
c020666666666666,-8.2
c02f333333333334,-15.600000000000001
bfad89d89d89d89e,-0.057692307692307696
c02099999999999a,-8.3
4002666666666668,2.3000000000000007
c02fccccccccccce,-15.900000000000002
bfacfb2b78c13522,-0.05660377358490566
c030333333333334,-16.200000000000003
c021000000000000,-8.5
c030800000000000,-16.5
bfabed61bed61bed,-0.05454545454545454
c021333333333334,-8.600000000000001
c030cccccccccccd,-16.8
bfab6db6db6db6db,-0.05357142857142857
c021666666666666,-8.7
c03119999999999a,-17.1
c031666666666667,-17.400000000000002
bfaa7b9611a7b961,-0.05172413793103448
c021cccccccccccd,-8.9
c031b33333333334,-17.700000000000003
bfaa08ad8f2fba94,-0.05084745762711865
c032000000000000,-18.0
bff5555555555555,-1.3333333333333333
bfe2492492492492,-0.5714285714285714
bfdc71c71c71c71c,-0.4444444444444444
bfd745d1745d1746,-0.36363636363636365
bfd3b13b13b13b14,-0.3076923076923077
c004cccccccccccc,-2.5999999999999996
bfd1111111111111,-0.26666666666666666
bfce1e1e1e1e1e1e,-0.23529411764705882
c017333333333333,-5.8
c000cccccccccccc,-2.0999999999999996
bfcaf286bca1af28,-0.21052631578947367
bfc8618618618618,-0.19047619047619047
bffb333333333332,-1.6999999999999997
bfc642c8590b2164,-0.17391304347826086
bff9999999999998,-1.5999999999999996
bfc47ae147ae147b,-0.16
bfc2f684bda12f68,-0.14814814814814814
bff3333333333332,-1.1999999999999997
bff1999999999998,-1.0999999999999996
bfc1a7b9611a7b96,-0.13793103448275862
c01c666666666666,-7.1
c028cccccccccccd,-12.4
bfc0842108421084,-0.12903225806451613
c02999999999999a,-12.8
bfbf07c1f07c1f08,-0.12121212121212122
c02b333333333334,-13.600000000000001
c02c000000000000,-14.0
bfbd41d41d41d41d,-0.11428571428571428
c01e666666666666,-7.6
c02ccccccccccccd,-14.4
c02d99999999999a,-14.8
bfbbacf914c1bad0,-0.10810810810810811
c02e666666666667,-15.200000000000001
bfba41a41a41a41a,-0.10256410256410256
c030000000000000,-16.0
3fb99999999999c0,0.10000000000000053
c030666666666667,-16.400000000000002
bfb8f9c18f9c18fa,-0.0975609756097561
c031333333333333,-17.2
bfb7d05f417d05f4,-0.09302325581395349
c03199999999999a,-17.6
bfb6c16c16c16c17,-0.08888888888888889
3fe3333333333338,0.6000000000000005
c032666666666667,-18.400000000000002
c032cccccccccccd,-18.8
bfb5c9882b931057,-0.0851063829787234
3fe99999999999a0,0.8000000000000007
c033333333333334,-19.200000000000003
c03399999999999a,-19.6
bfb4e5e0a72f0539,-0.08163265306122448
c034000000000000,-20.0
c022333333333334,-9.100000000000001
c034666666666667,-20.400000000000002
bfb4141414141414,-0.0784313725490196
c022666666666666,-9.2
c034cccccccccccd,-20.8
3ff4ccccccccccd0,1.3000000000000007
c035333333333334,-21.200000000000003
bfb3521cfb2b78c1,-0.07547169811320754
c03599999999999a,-21.6
c023000000000000,-9.5
c036000000000000,-22.0
bfb29e4129e4129e,-0.07272727272727272
c036666666666667,-22.400000000000002
c023666666666666,-9.7
c036cccccccccccd,-22.8
bfb1f7047dc11f70,-0.07017543859649122
c037333333333334,-23.200000000000003
c03799999999999a,-23.6
bfb15b1e5f75270d,-0.06779661016949153
c038000000000000,-24.0
bffaaaaaaaaaaaab,-1.6666666666666667
bfe6db6db6db6db7,-0.7142857142857143
bfe1c71c71c71c72,-0.5555555555555556
bff8000000000001,-1.5000000000000002
bff4000000000000,-1.25
c008000000000001,-3.0000000000000004
bfeaaaaaaaaaaaab,-0.8333333333333334
c00c000000000001,-3.5000000000000004
bfe4000000000000,-0.625
bfdd1745d1745d17,-0.45454545454545453
c018000000000001,-6.000000000000001
bfdaaaaaaaaaaaab,-0.4166666666666667
bfd89d89d89d89d9,-0.38461538461538464
c00ccccccccccccc,-3.5999999999999996
c01c000000000001,-7.000000000000001
bfd6db6db6db6db7,-0.35714285714285715
bfd4000000000000,-0.3125
bfd2d2d2d2d2d2d3,-0.29411764705882354
c01b333333333333,-6.8
bfd1c71c71c71c72,-0.2777777777777778
c008cccccccccccc,-3.0999999999999996
bfd0d79435e50d79,-0.2631578947368421
bfce79e79e79e79e,-0.23809523809523808
bfcd1745d1745d17,-0.22727272727272727
c005999999999999,-2.6999999999999997
c027000000000001,-11.500000000000002
bfcbd37a6f4de9bd,-0.21739130434782608
c028000000000001,-12.000000000000002
bfcaaaaaaaaaaaab,-0.20833333333333334
c029000000000000,-12.5
c02a000000000000,-13.0
bfc89d89d89d89d9,-0.19230769230769232
bfc7b425ed097b42,-0.18518518518518517
c001999999999999,-2.1999999999999997
c02c000000000001,-14.000000000000002
bfc6db6db6db6db7,-0.17857142857142858
c02d000000000001,-14.500000000000002
bfc611a7b9611a7c,-0.1724137931034483
c020333333333333,-8.1
c02f000000000000,-15.5
bfc4a5294a5294a5,-0.16129032258064516
bfc4000000000000,-0.15625
bfc364d9364d9365,-0.15151515151515152
c031000000000000,-17.0
bfc2d2d2d2d2d2d3,-0.14705882352941177
c031800000000000,-17.5
bfc1c71c71c71c72,-0.1388888888888889
c032800000000000,-18.5
bfc14c1bacf914c2,-0.13513513513513514
c033000000000000,-19.0
bfc0d79435e50d79,-0.13157894736842105
c033800000000000,-19.5
bfc0690690690690,-0.1282051282051282
bfecccccccccccc8,-0.8999999999999995
c034800000000001,-20.500000000000004
bfbf3831f3831f38,-0.12195121951219512
c035000000000000,-21.0
bfbe79e79e79e79e,-0.11904761904761904
c035800000000000,-21.5
bfbdc47711dc4771,-0.11627906976744186
bfbd1745d1745d17,-0.11363636363636363
c036800000000000,-22.5
bfd9999999999990,-0.39999999999999947
c037000000000001,-23.000000000000004
bfbbd37a6f4de9bd,-0.10869565217391304
c037800000000000,-23.5
bfbb3bea3677d46d,-0.10638297872340426
bfc9999999999980,-0.1999999999999993
c038000000000001,-24.000000000000004
bfbaaaaaaaaaaaab,-0.10416666666666667
c038800000000000,-24.5
bfba1f58d0fac688,-0.10204081632653061
c039000000000000,-25.0
c024333333333334,-10.100000000000001
c039800000000001,-25.500000000000004
bfb9191919191919,-0.09803921568627451
c024666666666666,-10.2
c03a000000000000,-26.0
bfb89d89d89d89d9,-0.09615384615384616
c02499999999999a,-10.3
3fd3333333333340,0.3000000000000007
c03a800000000001,-26.500000000000004
bfb826a439f656f2,-0.09433962264150944
c03b000000000000,-27.0
bfb7b425ed097b42,-0.09259259259259259
c03b800000000000,-27.5
c03c000000000001,-28.000000000000004
bfb6db6db6db6db7,-0.08928571428571429
c025666666666666,-10.7
c03c800000000000,-28.5
bfb674c59d31674c,-0.08771929824561403
c03d000000000001,-29.000000000000004
bfb611a7b9611a7c,-0.08620689655172414
c025cccccccccccd,-10.9
c03d800000000000,-29.5
bfb5b1e5f75270d0,-0.0847457627118644
c03e000000000000,-30.0
bfeb6db6db6db6db,-0.8571428571428571
bfe1745d1745d174,-0.5454545454545454
bfdd89d89d89d89e,-0.46153846153846156
bfd6969696969697,-0.35294117647058826
c01f333333333333,-7.8
bfd435e50d79435e,-0.3157894736842105
c00d999999999999,-3.6999999999999997
bfd0b21642c8590b,-0.2608695652173913
bfceb851eb851eb8,-0.24
c009999999999999,-3.1999999999999997
bfca7b9611a7b961,-0.20689655172413793
c022333333333333,-9.1
c03299999999999a,-18.6
bfc8c6318c6318c6,-0.1935483870967742
c033cccccccccccd,-19.8
bfc5f15f15f15f16,-0.17142857142857143
c023333333333333,-9.6
c036333333333334,-22.200000000000003
bfc4c1bacf914c1c,-0.16216216216216217
c037666666666667,-23.400000000000002
bffe666666666664,-1.8999999999999995
c03899999999999a,-24.6
bfc2bb512bb512bb,-0.14634146341463414
c039333333333334,-25.200000000000003
c039cccccccccccc,-25.799999999999997
bfc1dc47711dc477,-0.13953488372093023
c03a666666666667,-26.400000000000002
bff6666666666664,-1.3999999999999995
c03b99999999999a,-27.6
c03c333333333334,-28.200000000000003
bfc0572620ae4c41,-0.1276595744680851
bff3333333333330,-1.1999999999999993
c03cccccccccccce,-28.800000000000004
c03d666666666667,-29.400000000000002
bfbf58d0fac687d6,-0.12244897959183673
c03e99999999999a,-30.6
c026666666666666,-11.2
c03f333333333334,-31.200000000000003
c02699999999999a,-11.3
bfe6666666666660,-0.6999999999999993
c03fccccccccccce,-31.800000000000004
bfbcfb2b78c13522,-0.11320754716981132
c040333333333334,-32.400000000000006
c027000000000000,-11.5
c040800000000000,-33.0
bfbbed61bed61bed,-0.10909090909090909
c040cccccccccccd,-33.6
c027666666666666,-11.7
c04119999999999a,-34.2
c041666666666667,-34.800000000000004
c027cccccccccccd,-11.9
c041b33333333334,-35.400000000000006
bfba08ad8f2fba94,-0.1016949152542373
c042000000000000,-36.0
c002aaaaaaaaaaab,-2.3333333333333335
bfe8e38e38e38e39,-0.7777777777777778
bffc000000000000,-1.75
c010ccccccccccce,-4.200000000000001
bff2aaaaaaaaaaab,-1.1666666666666667
bfec000000000000,-0.875
c01eccccccccccce,-7.700000000000001
bfe45d1745d1745d,-0.6363636363636364
c020ccccccccccce,-8.400000000000002
bfe2aaaaaaaaaaab,-0.5833333333333334
bfe13b13b13b13b1,-0.5384615384615384
bfddddddddddddde,-0.4666666666666667
bfdc000000000000,-0.4375
c027ccccccccccce,-11.900000000000002
bfda5a5a5a5a5a5a,-0.4117647058823529
c029333333333333,-12.6
bfd8e38e38e38e39,-0.3888888888888889
c02a99999999999a,-13.3
bfd79435e50d7943,-0.3684210526315789
bfd6666666666666,-0.35
c02eccccccccccce,-15.400000000000002
bfd45d1745d1745d,-0.3181818181818182
c012cccccccccccc,-4.699999999999999
c03019999999999a,-16.1
bfd37a6f4de9bd38,-0.30434782608695654
c030ccccccccccce,-16.800000000000004
bfd2aaaaaaaaaaab,-0.2916666666666667
bfd1eb851eb851ec,-0.28
c032333333333333,-18.2
bfd13b13b13b13b1,-0.2692307692307692
c032e66666666667,-18.900000000000002
bfd097b425ed097b,-0.25925925925925924
c010cccccccccccc,-4.199999999999999
c0344cccccccccce,-20.300000000000004
bfcee58469ee5847,-0.2413793103448276
bfcdddddddddddde,-0.23333333333333334
c024333333333333,-10.1
c035b33333333333,-21.7
bfcce739ce739ce7,-0.22580645161290322
bfcc000000000000,-0.21875
c03719999999999a,-23.1
bfcb26c9b26c9b27,-0.21212121212121213
c037ccccccccccce,-23.800000000000004
bfca5a5a5a5a5a5a,-0.20588235294117646
c025333333333333,-10.6
c039333333333333,-25.2
bfc8e38e38e38e39,-0.19444444444444445
c039e66666666667,-25.900000000000002
bfc83759f2298376,-0.1891891891891892
c03a99999999999a,-26.6
bfc79435e50d7943,-0.18421052631578946
c03b4cccccccccce,-27.300000000000004
bfc6f96f96f96f97,-0.1794871794871795
c03c000000000000,-28.0
bfc6666666666666,-0.175
c007333333333332,-2.8999999999999995
c03cb33333333334,-28.700000000000003
bfc5da895da895db,-0.17073170731707318
c03e199999999999,-30.099999999999998
bfc4d653594d6536,-0.16279069767441862
c03eccccccccccce,-30.800000000000004
bfc45d1745d1745d,-0.1590909090909091
c03f800000000000,-31.5
bfc3e93e93e93e94,-0.15555555555555556
c003333333333332,-2.3999999999999995
c04019999999999a,-32.2
bfc37a6f4de9bd38,-0.15217391304347827
c040733333333333,-32.9
bfc310572620ae4c,-0.14893617021276595
c001999999999998,-2.1999999999999993
c040ccccccccccce,-33.60000000000001
bfc2aaaaaaaaaaab,-0.14583333333333334
c041266666666667,-34.300000000000004
c041800000000000,-35.0
bfc1eb851eb851ec,-0.14
c028333333333334,-12.100000000000001
c041d9999999999a,-35.7
bfc1919191919192,-0.13725490196078433
c028666666666666,-12.2
c042333333333333,-36.4
bfc13b13b13b13b1,-0.1346153846153846
bffb333333333330,-1.6999999999999993
c0428cccccccccce,-37.10000000000001
bfc0e7d95bc609a9,-0.1320754716981132
c042e66666666667,-37.800000000000004
bfc097b425ed097b,-0.12962962962962962
c043400000000000,-38.5
bfc04a7904a7904a,-0.12727272727272726
c04399999999999a,-39.2
c029666666666666,-12.7
c043f33333333333,-39.9
bfbf7047dc11f704,-0.12280701754385964
c0444cccccccccce,-40.60000000000001
bfbee58469ee5847,-0.1206896551724138
c029cccccccccccd,-12.9
c044a66666666667,-41.300000000000004
bfbe5f75270d0457,-0.11864406779661017
c045000000000000,-42.0
bfbdddddddddddde,-0.11666666666666667
c005555555555555,-2.6666666666666665
bff2492492492492,-1.1428571428571428
bfec71c71c71c71c,-0.8888888888888888
bfe745d1745d1746,-0.7272727272727273
bfe3b13b13b13b14,-0.6153846153846154
bfe1111111111111,-0.5333333333333333
bfde1e1e1e1e1e1e,-0.47058823529411764
bfdaf286bca1af28,-0.42105263157894735
bfd8618618618618,-0.38095238095238093
c016cccccccccccc,-5.699999999999999
bfd642c8590b2164,-0.34782608695652173
bfd47ae147ae147b,-0.32
bfd2f684bda12f68,-0.2962962962962963
c014cccccccccccc,-5.199999999999999
bfd1a7b9611a7b96,-0.27586206896551724
c026333333333333,-11.1
c038cccccccccccd,-24.8
bfd0842108421084,-0.25806451612903225
c03999999999999a,-25.6
bfcf07c1f07c1f08,-0.24242424242424243
c03b333333333334,-27.200000000000003
bfcd41d41d41d41d,-0.22857142857142856
c027333333333333,-11.6
c03ccccccccccccd,-28.8
c03d99999999999a,-29.6
bfcbacf914c1bad0,-0.21621621621621623
c03e666666666667,-30.400000000000002
bfca41a41a41a41a,-0.20512820512820512
c040000000000000,-32.0
c00f333333333332,-3.8999999999999995
c040666666666667,-32.800000000000004
bfc8f9c18f9c18fa,-0.1951219512195122
c041333333333333,-34.4
bfc7d05f417d05f4,-0.18604651162790697
c04199999999999a,-35.2
bfc6c16c16c16c17,-0.17777777777777778
c00b333333333332,-3.3999999999999995
c042666666666667,-36.800000000000004
c042cccccccccccd,-37.6
bfc5c9882b931057,-0.1702127659574468
c009999999999998,-3.1999999999999993
c043333333333334,-38.400000000000006
bfc4e5e0a72f0539,-0.16326530612244897
c044000000000000,-40.0
c02a333333333334,-13.100000000000001
c044666666666667,-40.800000000000004
bfc4141414141414,-0.1568627450980392
c02a666666666666,-13.2
c044cccccccccccd,-41.6
c005999999999998,-2.6999999999999993
c045333333333334,-42.400000000000006
bfc3521cfb2b78c1,-0.1509433962264151
c02acccccccccccd,-13.4
c04599999999999a,-43.2
c046000000000000,-44.0
bfc29e4129e4129e,-0.14545454545454545
c046666666666667,-44.800000000000004
c02b666666666666,-13.7
c046cccccccccccd,-45.6
bfc1f7047dc11f70,-0.14035087719298245
c047333333333334,-46.400000000000006
c02bcccccccccccd,-13.9
c04799999999999a,-47.2
bfc15b1e5f75270d,-0.13559322033898305
c048000000000000,-48.0
bff4924924924925,-1.2857142857142858
c002000000000000,-2.25
bff2000000000000,-1.125
bfea2e8ba2e8ba2f,-0.8181818181818182
bfe6276276276276,-0.6923076923076923
bfe4924924924925,-0.6428571428571429
bfe2000000000000,-0.5625
bfe0f0f0f0f0f0f1,-0.5294117647058824
c030333333333333,-16.2
bfde50d79435e50d,-0.47368421052631576
bfdccccccccccccd,-0.45
bfda2e8ba2e8ba2f,-0.4090909090909091
c01acccccccccccc,-6.699999999999999
c034b33333333334,-20.700000000000003
bfd90b21642c8591,-0.391304347826087
bfd70a3d70a3d70a,-0.36
bfd6276276276276,-0.34615384615384615
c0384ccccccccccd,-24.3
c018cccccccccccc,-6.199999999999999
bfd4924924924925,-0.32142857142857145
c03a19999999999a,-26.1
bfd3dcb08d3dcb09,-0.3103448275862069
c028333333333333,-12.1
c03be66666666667,-27.900000000000002
bfd294a5294a5295,-0.2903225806451613
bfd2000000000000,-0.28125
c03db33333333334,-29.700000000000003
bfd0f0f0f0f0f0f1,-0.2647058823529412
bfd0750750750750,-0.2571428571428571
c040333333333333,-32.4
c040a66666666667,-33.300000000000004
bfcf22983759f22a,-0.24324324324324326
bfce50d79435e50d,-0.23684210526315788
c0418ccccccccccd,-35.1
bfcccccccccccccd,-0.225
c013999999999999,-4.8999999999999995
c042733333333334,-36.900000000000006
bfcc18f9c18f9c19,-0.21951219512195122
c043599999999999,-38.699999999999996
bfcaca6b29aca6b3,-0.20930232558139536
c043cccccccccccd,-39.6
bfca2e8ba2e8ba2f,-0.20454545454545456
c044400000000000,-40.5
c011999999999999,-4.3999999999999995
c044b33333333334,-41.400000000000006
bfc90b21642c8591,-0.1956521739130435
c045266666666667,-42.300000000000004
bfc882b931057262,-0.19148936170212766
c0460ccccccccccd,-44.1
bfc7829cbc14e5e1,-0.1836734693877551
c046800000000000,-45.0
bfc70a3d70a3d70a,-0.18
c046f33333333334,-45.900000000000006
c02c666666666666,-14.2
c047666666666667,-46.800000000000004
bfc6276276276276,-0.17307692307692307
c02c99999999999a,-14.3
c00d999999999998,-3.6999999999999993
c047d9999999999a,-47.7
bfc5bc609a90e7d9,-0.16981132075471697
c0484ccccccccccd,-48.6
c02d000000000000,-14.5
c048c00000000000,-49.5
bfc4f2094f2094f2,-0.16363636363636364
c02d333333333334,-14.600000000000001
c049333333333334,-50.400000000000006
bfc4924924924925,-0.16071428571428573
c02d666666666666,-14.7
c049a66666666667,-51.300000000000004
c04a19999999999a,-52.2
bfc3dcb08d3dcb09,-0.15517241379310345
c02dcccccccccccd,-14.9
c04a8ccccccccccd,-53.1
bfc386822b63cbef,-0.15254237288135594
c04b000000000000,-54.0
c00aaaaaaaaaaaab,-3.3333333333333335
bff6db6db6db6db7,-1.4285714285714286
bff1c71c71c71c72,-1.1111111111111112
bfed1745d1745d17,-0.9090909090909091
bfe89d89d89d89d9,-0.7692307692307693
bfe2d2d2d2d2d2d3,-0.5882352941176471
bfe0d79435e50d79,-0.5263157894736842
bfde79e79e79e79e,-0.47619047619047616
c01ecccccccccccc,-7.699999999999999
bfdbd37a6f4de9bd,-0.43478260869565216
bfd7b425ed097b42,-0.37037037037037035
c01ccccccccccccc,-7.199999999999999
bfd611a7b9611a7c,-0.3448275862068966
c02a333333333333,-13.1
c03f000000000000,-31.0
bfd4a5294a5294a5,-0.3225806451612903
bfd364d9364d9365,-0.30303030303030304
c041000000000000,-34.0
c02b333333333333,-13.6
c042800000000000,-37.0
bfd14c1bacf914c2,-0.2702702702702703
c043000000000000,-38.0
c043800000000000,-39.0
bfd0690690690690,-0.2564102564102564
c017999999999999,-5.8999999999999995
c044800000000001,-41.00000000000001
bfcf3831f3831f38,-0.24390243902439024
c045800000000000,-43.0
bfcdc47711dc4771,-0.23255813953488372
c015999999999999,-5.3999999999999995
c047000000000001,-46.00000000000001
c047800000000000,-47.0
bfcb3bea3677d46d,-0.2127659574468085
c048000000000001,-48.00000000000001
c048800000000000,-49.0
bfca1f58d0fac688,-0.20408163265306123
c049000000000000,-50.0
c02e333333333334,-15.100000000000001
c049800000000001,-51.00000000000001
bfc9191919191919,-0.19607843137254902
c02e666666666666,-15.2
c04a000000000000,-52.0
c04a800000000001,-53.00000000000001
bfc826a439f656f2,-0.18867924528301888
c02ecccccccccccd,-15.4
c04b800000000000,-55.0
c04c000000000001,-56.00000000000001
c02f666666666666,-15.7
c04c800000000000,-57.0
bfc674c59d31674c,-0.17543859649122806
c02f99999999999a,-15.8
c04d000000000001,-58.00000000000001
c02fcccccccccccd,-15.9
c04d800000000000,-59.0
bfc5b1e5f75270d0,-0.1694915254237288
c04e000000000000,-60.0
c00d555555555555,-3.6666666666666665
bff9249249249249,-1.5714285714285714
bff38e38e38e38e4,-1.2222222222222223
c006000000000000,-2.75
c01a666666666668,-6.600000000000001
bffd555555555555,-1.8333333333333333
bff6000000000000,-1.375
c02a666666666668,-13.200000000000003
bfed555555555555,-0.9166666666666666
bfeb13b13b13b13b,-0.8461538461538461
bfe9249249249249,-0.7857142857142857
bfe7777777777777,-0.7333333333333333
bfe6000000000000,-0.6875
c032b33333333334,-18.700000000000003
bfe4b4b4b4b4b4b5,-0.6470588235294118
bfe38e38e38e38e4,-0.6111111111111112
c034e66666666667,-20.900000000000002
bfe286bca1af286c,-0.5789473684210527
bfe199999999999a,-0.55
bfe0c30c30c30c31,-0.5238095238095238
c038333333333334,-24.200000000000003
c0394cccccccccce,-25.300000000000004
bfde9bd37a6f4dea,-0.4782608695652174
c03a666666666668,-26.400000000000006
bfdd555555555555,-0.4583333333333333
bfdc28f5c28f5c29,-0.44
c03c99999999999a,-28.6
bfdb13b13b13b13b,-0.4230769230769231
bfda12f684bda12f,-0.4074074074074074
bfd9249249249249,-0.39285714285714285
c03fe66666666668,-31.900000000000006
bfd8469ee58469ee,-0.3793103448275862
bfd7777777777777,-0.36666666666666664
c02c333333333333,-14.1
c0410ccccccccccd,-34.1
bfd6b5ad6b5ad6b6,-0.3548387096774194
bfd6000000000000,-0.34375
c042266666666667,-36.300000000000004
c042b33333333334,-37.400000000000006
bfd4b4b4b4b4b4b5,-0.3235294117647059
bfd41d41d41d41d4,-0.3142857142857143
c02d333333333333,-14.6
bfd38e38e38e38e4,-0.3055555555555556
c04459999999999a,-40.7
bfd306eb3e45306f,-0.2972972972972973
c044e66666666667,-41.800000000000004
bfd286bca1af286c,-0.2894736842105263
c045733333333334,-42.900000000000006
bfd20d20d20d20d2,-0.28205128205128205
bfd199999999999a,-0.275
c01b999999999999,-6.8999999999999995
c0468cccccccccce,-45.10000000000001
bfd12bb512bb512c,-0.2682926829268293
c04719999999999a,-46.2
bfd0c30c30c30c31,-0.2619047619047619
c047a66666666666,-47.3
bfd05f417d05f418,-0.2558139534883721
c048333333333334,-48.400000000000006
bfcf49f49f49f49f,-0.24444444444444444
c019999999999999,-6.3999999999999995
c0494cccccccccce,-50.60000000000001
bfce9bd37a6f4dea,-0.2391304347826087
c049d9999999999a,-51.7
bfcdf51b3bea3678,-0.23404255319148937
c04a666666666668,-52.80000000000001
bfcd555555555555,-0.22916666666666666
c04af33333333334,-53.900000000000006
bfccbc14e5e0a72f,-0.22448979591836735
bfcc28f5c28f5c29,-0.22
c04c0cccccccccce,-56.10000000000001
bfcb9b9b9b9b9b9c,-0.21568627450980393
c04c99999999999a,-57.2
bfcb13b13b13b13b,-0.21153846153846154
c0304ccccccccccd,-16.3
c04d266666666668,-58.30000000000001
bfca90e7d95bc60a,-0.20754716981132076
c030666666666666,-16.4
c04db33333333334,-59.400000000000006
bfca12f684bda12f,-0.2037037037037037
c04e400000000000,-60.5
c03099999999999a,-16.6
c04eccccccccccce,-61.60000000000001
bfc9249249249249,-0.19642857142857142
c030b33333333333,-16.7
c04f59999999999a,-62.7
bfc8b3a62ce98b3a,-0.19298245614035087
c04fe66666666668,-63.80000000000001
bfc8469ee58469ee,-0.1896551724137931
c030e66666666666,-16.9
c05039999999999a,-64.9
bfc7dd49c34115b2,-0.1864406779661017
c050800000000000,-66.0
bfc7777777777777,-0.18333333333333332
bffb6db6db6db6db,-1.7142857142857142
bff1745d1745d174,-1.0909090909090908
bfed89d89d89d89e,-0.9230769230769231
bfe6969696969697,-0.7058823529411765
bfe435e50d79435e,-0.631578947368421
bfe0b21642c8590b,-0.5217391304347826
bfdeb851eb851eb8,-0.48
bfda7b9611a7b961,-0.41379310344827586
c02e333333333333,-15.1
c04299999999999a,-37.2
bfd8c6318c6318c6,-0.3870967741935484
bfd5f15f15f15f16,-0.34285714285714286
c02f333333333333,-15.6
c046333333333334,-44.400000000000006
bfd4c1bacf914c1c,-0.32432432432432434
c01f999999999999,-7.8999999999999995
c04899999999999a,-49.2
bfd2bb512bb512bb,-0.2926829268292683
c049cccccccccccc,-51.599999999999994
bfd1dc47711dc477,-0.27906976744186046
c04a666666666667,-52.800000000000004
c01d999999999999,-7.3999999999999995
c04b99999999999a,-55.2
c04c333333333334,-56.400000000000006
bfd0572620ae4c41,-0.2553191489361702
c04cccccccccccce,-57.60000000000001
c04d666666666667,-58.800000000000004
bfcf58d0fac687d6,-0.24489795918367346
c04e99999999999a,-61.2
c04f333333333334,-62.400000000000006
c0314ccccccccccd,-17.3
c04fccccccccccce,-63.60000000000001
bfccfb2b78c13522,-0.22641509433962265
c031666666666666,-17.4
c050333333333334,-64.80000000000001
bfcbed61bed61bed,-0.21818181818181817
c050cccccccccccd,-67.2
c031b33333333333,-17.7
c05119999999999a,-68.4
c031cccccccccccd,-17.8
c051666666666667,-69.60000000000001
c031e66666666666,-17.9
c051b33333333334,-70.80000000000001
bfca08ad8f2fba94,-0.2033898305084746
c052000000000000,-72.0
c011555555555555,-4.333333333333333
bffdb6db6db6db6e,-1.8571428571428572
bff71c71c71c71c7,-1.4444444444444444
c00a000000000000,-3.25
c001555555555555,-2.1666666666666665
bffa000000000000,-1.625
bff2e8ba2e8ba2e9,-1.1818181818181819
bff1555555555555,-1.0833333333333333
c030e66666666667,-16.900000000000002
c032333333333334,-18.200000000000003
bfedb6db6db6db6e,-0.9285714285714286
bfebbbbbbbbbbbbc,-0.8666666666666667
bfea000000000000,-0.8125
c03619999999999a,-22.1
bfe8787878787878,-0.7647058823529411
bfe71c71c71c71c7,-0.7222222222222222
c038b33333333334,-24.700000000000003
bfe5e50d79435e51,-0.6842105263157895
bfe4cccccccccccd,-0.65
c03b4ccccccccccd,-27.3
bfe3cf3cf3cf3cf4,-0.6190476190476191
bfe2e8ba2e8ba2e9,-0.5909090909090909
c03de66666666667,-29.900000000000002
bfe21642c8590b21,-0.5652173913043478
bfe1555555555555,-0.5416666666666666
c040400000000000,-32.5
bfe0a3d70a3d70a4,-0.52
c040e66666666667,-33.800000000000004
bfded097b425ed09,-0.48148148148148145
c042333333333334,-36.400000000000006
bfddb6db6db6db6e,-0.4642857142857143
c042d9999999999a,-37.7
bfdcb08d3dcb08d4,-0.4482758620689655
bfdbbbbbbbbbbbbc,-0.43333333333333335
c044266666666667,-40.300000000000004
bfdad6b5ad6b5ad7,-0.41935483870967744
bfda000000000000,-0.40625
bfd9364d9364d936,-0.3939393939393939
c04619999999999a,-44.2
bfd8787878787878,-0.38235294117647056
c046c00000000000,-45.5
bfd7c57c57c57c58,-0.37142857142857144
bfd71c71c71c71c7,-0.3611111111111111
c0480ccccccccccd,-48.1
bfd67c8a60dd67c9,-0.35135135135135137
c048b33333333334,-49.400000000000006
bfd5e50d79435e51,-0.34210526315789475
c04959999999999a,-50.7
bfd4cccccccccccd,-0.325
c021cccccccccccc,-8.899999999999999
c04aa66666666667,-53.300000000000004
bfd44aed44aed44b,-0.3170731707317073
c04b4ccccccccccd,-54.6
bfd3cf3cf3cf3cf4,-0.30952380952380953
c04bf33333333333,-55.9
bfd3594d653594d6,-0.3023255813953488
bfd2e8ba2e8ba2e9,-0.29545454545454547
c04d400000000000,-58.5
bfd27d27d27d27d2,-0.28888888888888886
c020cccccccccccc,-8.399999999999999
c04de66666666667,-59.800000000000004
bfd21642c8590b21,-0.2826086956521739
c04e8ccccccccccd,-61.1
bfd1b3bea3677d47,-0.2765957446808511
bfd1555555555555,-0.2708333333333333
c04fd9999999999a,-63.7
bfd0fac687d6343f,-0.2653061224489796
c050400000000000,-65.0
bfd0a3d70a3d70a4,-0.26
c03219999999999a,-18.1
c050933333333334,-66.30000000000001
bfd0505050505050,-0.2549019607843137
c050e66666666667,-67.60000000000001
c0324ccccccccccd,-18.3
c05139999999999a,-68.9
bfcf656f1826a43a,-0.24528301886792453
c032666666666666,-18.4
c0518ccccccccccd,-70.2
bfced097b425ed09,-0.24074074074074073
c051e00000000000,-71.5
bfce4129e4129e41,-0.23636363636363636
c052333333333334,-72.80000000000001
bfcdb6db6db6db6e,-0.23214285714285715
c032b33333333333,-18.7
c052866666666667,-74.10000000000001
bfcd31674c59d316,-0.22807017543859648
c052d9999999999a,-75.4
bfccb08d3dcb08d4,-0.22413793103448276
c032e66666666666,-18.9
c0532ccccccccccd,-76.7
bfcc34115b1e5f75,-0.22033898305084745
c053800000000000,-78.0
bfcbbbbbbbbbbbbc,-0.21666666666666667
c012aaaaaaaaaaab,-4.666666666666667
bff8e38e38e38e39,-1.5555555555555556
bff45d1745d1745d,-1.2727272727272727
bff13b13b13b13b1,-1.0769230769230769
bfedddddddddddde,-0.9333333333333333
bfea5a5a5a5a5a5a,-0.8235294117647058
bfe79435e50d7943,-0.7368421052631579
bfe37a6f4de9bd38,-0.6086956521739131
bfe1eb851eb851ec,-0.56
bfe097b425ed097b,-0.5185185185185185
bfdee58469ee5847,-0.4827586206896552
c045b33333333333,-43.4
bfdce739ce739ce7,-0.45161290322580644
bfdb26c9b26c9b27,-0.42424242424242425
c047ccccccccccce,-47.60000000000001
c049333333333333,-50.4
c049e66666666667,-51.800000000000004
bfd83759f2298376,-0.3783783783783784
c04a99999999999a,-53.2
c04b4cccccccccce,-54.60000000000001
bfd6f96f96f96f97,-0.358974358974359
c04c000000000000,-56.0
c023cccccccccccc,-9.899999999999999
c04cb33333333334,-57.400000000000006
bfd5da895da895db,-0.34146341463414637
c04e199999999999,-60.199999999999996
bfd4d653594d6536,-0.32558139534883723
c04f800000000000,-63.0
bfd3e93e93e93e94,-0.3111111111111111
c022cccccccccccc,-9.399999999999999
c05019999999999a,-64.4
c050733333333333,-65.8
bfd310572620ae4c,-0.2978723404255319
c050ccccccccccce,-67.20000000000002
c051266666666667,-68.60000000000001
c051800000000000,-70.0
c03319999999999a,-19.1
c051d9999999999a,-71.4
bfd1919191919192,-0.27450980392156865
c033333333333333,-19.2
c052333333333333,-72.8
c0334ccccccccccd,-19.3
c0528cccccccccce,-74.20000000000002
bfd0e7d95bc609a9,-0.2641509433962264
c033666666666666,-19.4
c052e66666666667,-75.60000000000001
c053400000000000,-77.0
bfd04a7904a7904a,-0.2545454545454545
c05399999999999a,-78.4
c033b33333333333,-19.7
c053f33333333333,-79.8
bfcf7047dc11f704,-0.24561403508771928
c0544cccccccccce,-81.20000000000002
c033e66666666666,-19.9
c054a66666666667,-82.60000000000001
bfce5f75270d0457,-0.23728813559322035
c055000000000000,-84.0
c001249249249249,-2.142857142857143
c012000000000001,-4.500000000000001
c00e000000000000,-3.75
c022000000000001,-9.000000000000002
c025000000000001,-10.500000000000002
bffe000000000000,-1.875
bff5d1745d1745d1,-1.3636363636363635
c032000000000001,-18.000000000000004
bff2762762762762,-1.1538461538461537
c035000000000001,-21.000000000000004
bff1249249249249,-1.0714285714285714
bfee000000000000,-0.9375
bfec3c3c3c3c3c3c,-0.8823529411764706
c03c800000000001,-28.500000000000004
bfe9435e50d79436,-0.7894736842105263
bfe5d1745d1745d1,-0.6818181818181818
c041400000000001,-34.50000000000001
bfe4de9bd37a6f4e,-0.6521739130434783
c042000000000001,-36.00000000000001
c042c00000000000,-37.5
bfe2762762762762,-0.5769230769230769
c045000000000001,-42.00000000000001
bfe1249249249249,-0.5357142857142857
c045c00000000001,-43.50000000000001
bfe08d3dcb08d3dd,-0.5172413793103449
c047400000000000,-46.5
bfdef7bdef7bdef8,-0.4838709677419355
bfde000000000000,-0.46875
c048c00000000001,-49.50000000000001
bfdc3c3c3c3c3c3c,-0.4411764705882353
c04a400000000000,-52.5
c04bc00000000000,-55.5
bfd9f22983759f23,-0.40540540540540543
c04c800000000001,-57.00000000000001
bfd9435e50d79436,-0.39473684210526316
c04d400000000001,-58.50000000000001
c025cccccccccccc,-10.899999999999999
c04ec00000000001,-61.50000000000001
bfd76a2576a2576a,-0.36585365853658536
c050200000000000,-64.5
bfd653594d653595,-0.3488372093023256
bfd5d1745d1745d1,-0.3409090909090909
c050e00000000000,-67.5
c024cccccccccccc,-10.399999999999999
c051400000000001,-69.00000000000001
bfd4de9bd37a6f4e,-0.32608695652173914
c051a00000000000,-70.5
bfd46cefa8d9df52,-0.3191489361702128
c052000000000001,-72.00000000000001
c052600000000000,-73.5
bfd397829cbc14e6,-0.30612244897959184
c052c00000000000,-75.0
c03419999999999a,-20.1
c053200000000001,-76.50000000000001
c034333333333333,-20.2
bfd2762762762762,-0.28846153846153844
c0344ccccccccccd,-20.3
c053e00000000001,-79.50000000000001
bfd21cfb2b78c135,-0.2830188679245283
c034666666666666,-20.4
c054400000000000,-81.0
c034800000000000,-20.5
c054a00000000000,-82.5
c03499999999999a,-20.6
c055000000000001,-84.00000000000001
bfd1249249249249,-0.26785714285714285
c034b33333333333,-20.7
c055600000000000,-85.5
c055c00000000001,-87.00000000000001
bfd08d3dcb08d3dd,-0.25862068965517243
c034e66666666666,-20.9
c056200000000000,-88.5
bfd0456c797dd49c,-0.2542372881355932
c056800000000000,-90.0
c015555555555555,-5.333333333333333
c002492492492492,-2.2857142857142856
bffc71c71c71c71c,-1.7777777777777777
bff745d1745d1746,-1.4545454545454546
bff3b13b13b13b14,-1.2307692307692308
bff1111111111111,-1.0666666666666667
bfee1e1e1e1e1e1e,-0.9411764705882353
bfeaf286bca1af28,-0.8421052631578947
bfe8618618618618,-0.7619047619047619
bfe642c8590b2164,-0.6956521739130435
bfe47ae147ae147b,-0.64
bfe2f684bda12f68,-0.5925925925925926
bfe1a7b9611a7b96,-0.5517241379310345
c048cccccccccccd,-49.6
bfe0842108421084,-0.5161290322580645
c04999999999999a,-51.2
bfdf07c1f07c1f08,-0.48484848484848486
c04b333333333334,-54.400000000000006
bfdd41d41d41d41d,-0.45714285714285713
c04ccccccccccccd,-57.6
c04d99999999999a,-59.2
bfdbacf914c1bad0,-0.43243243243243246
c04e666666666667,-60.800000000000004
bfda41a41a41a41a,-0.41025641025641024
c050000000000000,-64.0
c027cccccccccccc,-11.899999999999999
c050666666666667,-65.60000000000001
bfd8f9c18f9c18fa,-0.3902439024390244
c051333333333333,-68.8
bfd7d05f417d05f4,-0.37209302325581395
c05199999999999a,-70.4
bfd6c16c16c16c17,-0.35555555555555557
c026cccccccccccc,-11.399999999999999
c052666666666667,-73.60000000000001
c052cccccccccccd,-75.2
bfd5c9882b931057,-0.3404255319148936
c053333333333334,-76.80000000000001
bfd4e5e0a72f0539,-0.32653061224489793
c054000000000000,-80.0
c03519999999999a,-21.1
c054666666666667,-81.60000000000001
bfd4141414141414,-0.3137254901960784
c035333333333333,-21.2
c054cccccccccccd,-83.2
c0354ccccccccccd,-21.3
c055333333333334,-84.80000000000001
bfd3521cfb2b78c1,-0.3018867924528302
c035666666666666,-21.4
c05599999999999a,-86.4
c056000000000000,-88.0
bfd29e4129e4129e,-0.2909090909090909
c056666666666667,-89.60000000000001
c056cccccccccccd,-91.2
bfd1f7047dc11f70,-0.2807017543859649
c035cccccccccccd,-21.8
c057333333333334,-92.80000000000001
c035e66666666666,-21.9
c05799999999999a,-94.4
bfd15b1e5f75270d,-0.2711864406779661
c058000000000000,-96.0
c016aaaaaaaaaaab,-5.666666666666667
c0036db6db6db6db,-2.4285714285714284
bffe38e38e38e38e,-1.8888888888888888
c011000000000000,-4.25
c006aaaaaaaaaaab,-2.8333333333333335
c001000000000000,-2.125
bff8ba2e8ba2e8ba,-1.5454545454545454
bff6aaaaaaaaaaab,-1.4166666666666667
bff4ec4ec4ec4ec5,-1.3076923076923077
c037cccccccccccd,-23.8
bff36db6db6db6db,-1.2142857142857142
c039800000000000,-25.5
bff2222222222222,-1.1333333333333333
bff1000000000000,-1.0625
c03ce66666666667,-28.900000000000002
bfee38e38e38e38e,-0.9444444444444444
c040266666666667,-32.300000000000004
bfeca1af286bca1b,-0.8947368421052632
bfeb333333333333,-0.85
bfe9e79e79e79e7a,-0.8095238095238095
bfe8ba2e8ba2e8ba,-0.7727272727272727
c0438ccccccccccd,-39.1
bfe7a6f4de9bd37a,-0.7391304347826086
bfe6aaaaaaaaaaab,-0.7083333333333334
c045400000000000,-42.5
bfe5c28f5c28f5c3,-0.68
bfe4ec4ec4ec4ec5,-0.6538461538461539
bfe425ed097b425f,-0.6296296296296297
c047cccccccccccd,-47.6
bfe36db6db6db6db,-0.6071428571428571
c048a66666666667,-49.300000000000004
bfe2c234f72c234f,-0.5862068965517241
c049800000000000,-51.0
bfe2222222222222,-0.5666666666666667
c04a59999999999a,-52.7
bfe18c6318c6318c,-0.5483870967741935
bfe1000000000000,-0.53125
c04c0ccccccccccd,-56.1
bfe07c1f07c1f07c,-0.5151515151515151
c04ce66666666667,-57.800000000000004
c04dc00000000000,-59.5
bfdf15f15f15f15f,-0.4857142857142857
bfde38e38e38e38e,-0.4722222222222222
c04f733333333334,-62.900000000000006
bfdd67c8a60dd67d,-0.4594594594594595
c050266666666667,-64.60000000000001
bfdca1af286bca1b,-0.4473684210526316
bfdbe5be5be5be5c,-0.4358974358974359
c051000000000000,-68.0
bfdb333333333333,-0.425
c0516ccccccccccd,-69.7
bfda895da895da89,-0.4146341463414634
bfd9e79e79e79e7a,-0.40476190476190477
c052466666666666,-73.1
bfd94d653594d653,-0.3953488372093023
c052b33333333334,-74.80000000000001
bfd8ba2e8ba2e8ba,-0.38636363636363635
c053200000000000,-76.5
bfd82d82d82d82d8,-0.37777777777777777
c028cccccccccccc,-12.399999999999999
c0538ccccccccccd,-78.2
bfd7a6f4de9bd37a,-0.3695652173913043
c053f9999999999a,-79.9
bfd72620ae4c415d,-0.3617021276595745
bfd6aaaaaaaaaaab,-0.3541666666666667
c054d33333333334,-83.30000000000001
bfd6343eb1a1f58d,-0.3469387755102041
c055400000000000,-85.0
bfd5c28f5c28f5c3,-0.34
c055accccccccccd,-86.7
c036333333333333,-22.2
c05619999999999a,-88.4
bfd4ec4ec4ec4ec5,-0.3269230769230769
c0364ccccccccccd,-22.3
c056866666666667,-90.10000000000001
bfd4873ecade304d,-0.32075471698113206
c036666666666666,-22.4
c056f33333333334,-91.80000000000001
bfd425ed097b425f,-0.3148148148148148
c057600000000000,-93.5
bfd3c8253c8253c8,-0.3090909090909091
c03699999999999a,-22.6
c057cccccccccccd,-95.2
bfd36db6db6db6db,-0.30357142857142855
c036b33333333333,-22.7
c05839999999999a,-96.9
bfd31674c59d3167,-0.2982456140350877
c058a66666666667,-98.60000000000001
bfd2c234f72c234f,-0.29310344827586204
c036e66666666666,-22.9
c059133333333334,-100.30000000000001
bfd270d0456c797e,-0.288135593220339
c037000000000000,-23.0
c059800000000000,-102.0
bfd2222222222222,-0.2833333333333333
c004924924924925,-2.5714285714285716
bffa2e8ba2e8ba2f,-1.6363636363636365
bff6276276276276,-1.3846153846153846
bff0f0f0f0f0f0f1,-1.0588235294117647
bfee50d79435e50d,-0.9473684210526315
bfe90b21642c8591,-0.782608695652174
bfe70a3d70a3d70a,-0.72
bfe3dcb08d3dcb09,-0.6206896551724138
c04be66666666667,-55.800000000000004
bfe294a5294a5295,-0.5806451612903226
bfe0750750750750,-0.5142857142857142
c050333333333333,-64.8
c050a66666666667,-66.60000000000001
bfdf22983759f22a,-0.4864864864864865
c02bcccccccccccc,-13.899999999999999
c052733333333334,-73.80000000000001
bfdc18f9c18f9c19,-0.43902439024390244
c053599999999999,-77.39999999999999
bfdaca6b29aca6b3,-0.4186046511627907
c053cccccccccccd,-79.2
c02acccccccccccc,-13.399999999999999
c054b33333333334,-82.80000000000001
c055266666666667,-84.60000000000001
bfd882b931057262,-0.3829787234042553
c0560ccccccccccd,-88.2
bfd7829cbc14e5e1,-0.3673469387755102
c037333333333333,-23.2
c057666666666667,-93.60000000000001
c0374ccccccccccd,-23.3
c057d9999999999a,-95.4
bfd5bc609a90e7d9,-0.33962264150943394
c037666666666666,-23.4
c0584ccccccccccd,-97.2
c058c00000000000,-99.0
bfd4f2094f2094f2,-0.32727272727272727
c059333333333334,-100.80000000000001
c037b33333333333,-23.7
c059a66666666667,-102.60000000000001
c05a19999999999a,-104.4
c037e66666666666,-23.9
c05a8ccccccccccd,-106.2
bfd386822b63cbef,-0.3050847457627119
c05b000000000000,-108.0
c019555555555555,-6.333333333333333
c005b6db6db6db6e,-2.7142857142857144
c000e38e38e38e39,-2.111111111111111
c016ccccccccccce,-5.700000000000001
c013000000000000,-4.75
c026ccccccccccce,-11.400000000000002
c009555555555555,-3.1666666666666665
c003000000000000,-2.375
bffba2e8ba2e8ba3,-1.7272727272727273
c036ccccccccccce,-22.800000000000004
bff9555555555555,-1.5833333333333333
c038b33333333333,-24.7
bff7627627627627,-1.4615384615384615
bff5b6db6db6db6e,-1.3571428571428572
bff4444444444444,-1.2666666666666666
bff3000000000000,-1.1875
bff1e1e1e1e1e1e2,-1.1176470588235294
bff0e38e38e38e39,-1.0555555555555556
c0420ccccccccccd,-36.1
bfee666666666666,-0.95
bfecf3cf3cf3cf3d,-0.9047619047619048
bfeba2e8ba2e8ba3,-0.8636363636363636
c045d9999999999a,-43.7
bfea6f4de9bd37a7,-0.8260869565217391
c046ccccccccccce,-45.60000000000001
bfe9555555555555,-0.7916666666666666
c047c00000000000,-47.5
bfe851eb851eb852,-0.76
c048b33333333333,-49.4
bfe7627627627627,-0.7307692307692307
bfe684bda12f684c,-0.7037037037037037
bfe5b6db6db6db6e,-0.6785714285714286
c04b8cccccccccce,-55.10000000000001
bfe4f72c234f72c2,-0.6551724137931034
bfe4444444444444,-0.6333333333333333
c04d733333333333,-58.9
bfe39ce739ce739d,-0.6129032258064516
bfe3000000000000,-0.59375
bfe26c9b26c9b26d,-0.5757575757575758
bfe1e1e1e1e1e1e2,-0.5588235294117647
c050a00000000000,-66.5
bfe15f15f15f15f1,-0.5428571428571428
bfe0e38e38e38e39,-0.5277777777777778
c051933333333333,-70.3
bfe06eb3e45306eb,-0.5135135135135135
c0520ccccccccccd,-72.2
bfdf2df2df2df2df,-0.48717948717948717
c053000000000000,-76.0
bfde666666666666,-0.475
c02dcccccccccccc,-14.899999999999999
c05379999999999a,-77.9
bfdda895da895da9,-0.4634146341463415
bfdcf3cf3cf3cf3d,-0.4523809523809524
c0546ccccccccccd,-81.7
bfdc47711dc47712,-0.4418604651162791
c054e66666666667,-83.60000000000001
bfdba2e8ba2e8ba3,-0.4318181818181818
bfdb05b05b05b05b,-0.4222222222222222
c02ccccccccccccc,-14.399999999999999
c055d9999999999a,-87.4
bfda6f4de9bd37a7,-0.41304347826086957
c056533333333333,-89.3
bfd9df51b3bea367,-0.40425531914893614
c056ccccccccccce,-91.20000000000002
bfd9555555555555,-0.3958333333333333
c057466666666667,-93.10000000000001
bfd8d0fac687d634,-0.3877551020408163
c057c00000000000,-95.0
bfd851eb851eb852,-0.38
c03819999999999a,-24.1
bfd7d7d7d7d7d7d8,-0.37254901960784315
c038333333333333,-24.2
c058b33333333333,-98.8
bfd7627627627627,-0.36538461538461536
c0592cccccccccce,-100.70000000000002
bfd6f1826a439f65,-0.3584905660377358
c038666666666666,-24.4
bfd684bda12f684c,-0.35185185185185186
c05a200000000000,-104.5
bfd61bed61bed61c,-0.34545454545454546
c05a99999999999a,-106.4
bfd5b6db6db6db6e,-0.3392857142857143
c05b133333333333,-108.3
c05b8cccccccccce,-110.20000000000002
bfd4f72c234f72c2,-0.3275862068965517
c038e66666666666,-24.9
c05c066666666667,-112.10000000000001
bfd49c34115b1e5f,-0.3220338983050847
c05c800000000000,-114.0
bfd4444444444444,-0.31666666666666665
c01aaaaaaaaaaaab,-6.666666666666667
c006db6db6db6db7,-2.857142857142857
c001c71c71c71c72,-2.2222222222222223
bffd1745d1745d17,-1.8181818181818181
bff89d89d89d89d9,-1.5384615384615385
bff2d2d2d2d2d2d3,-1.1764705882352942
bff0d79435e50d79,-1.0526315789473684
bfee79e79e79e79e,-0.9523809523809523
bfebd37a6f4de9bd,-0.8695652173913043
bfe7b425ed097b42,-0.7407407407407407
bfe611a7b9611a7c,-0.6896551724137931
c04f000000000000,-62.0
bfe4a5294a5294a5,-0.6451612903225806
bfe364d9364d9365,-0.6060606060606061
c052800000000000,-74.0
bfe14c1bacf914c2,-0.5405405405405406
bfe0690690690690,-0.5128205128205128
c02fcccccccccccc,-15.899999999999999
c054800000000001,-82.00000000000001
bfdf3831f3831f38,-0.4878048780487805
c055800000000000,-86.0
bfddc47711dc4771,-0.46511627906976744
c02ecccccccccccc,-15.399999999999999
c057000000000001,-92.00000000000001
c057800000000000,-94.0
bfdb3bea3677d46d,-0.425531914893617
c058000000000001,-96.00000000000001
c058800000000000,-98.0
bfda1f58d0fac688,-0.40816326530612246
c059000000000000,-100.0
c03919999999999a,-25.1
c059800000000001,-102.00000000000001
bfd9191919191919,-0.39215686274509803
c05a000000000000,-104.0
c0394ccccccccccd,-25.3
c05a800000000001,-106.00000000000001
bfd826a439f656f2,-0.37735849056603776
c039666666666666,-25.4
c05b800000000000,-110.0
c05c000000000001,-112.00000000000001
c039b33333333333,-25.7
bfd674c59d31674c,-0.3508771929824561
c039cccccccccccd,-25.8
c05d000000000001,-116.00000000000001
c039e66666666666,-25.9
c05d800000000000,-118.0
bfd5b1e5f75270d0,-0.3389830508474576
c05e000000000000,-120.0
c015000000000000,-5.25
c005000000000000,-2.625
bffe8ba2e8ba2e8c,-1.9090909090909092
bff9d89d89d89d8a,-1.6153846153846154
bff5000000000000,-1.3125
bff3c3c3c3c3c3c4,-1.2352941176470589
c043f33333333334,-39.900000000000006
bff1af286bca1af3,-1.105263157894737
bff0cccccccccccd,-1.05
bfee8ba2e8ba2e8c,-0.9545454545454546
c048266666666667,-48.300000000000004
bfed37a6f4de9bd3,-0.9130434782608695
bfeae147ae147ae1,-0.84
bfe9d89d89d89d8a,-0.8076923076923077
c04c59999999999a,-56.7
c04e733333333334,-60.900000000000006
bfe72c234f72c235,-0.7241379310344828
c050466666666667,-65.10000000000001
bfe5ad6b5ad6b5ad,-0.6774193548387096
bfe5000000000000,-0.65625
c051533333333334,-69.30000000000001
bfe3c3c3c3c3c3c4,-0.6176470588235294
c0536ccccccccccd,-77.7
bfe22983759f2298,-0.5675675675675675
c053f33333333334,-79.80000000000001
bfe1af286bca1af3,-0.5526315789473685
c05479999999999a,-81.9
bfe0cccccccccccd,-0.525
c055866666666667,-86.10000000000001
bfe063e7063e7064,-0.5121951219512195
c056933333333333,-90.3
bfdf417d05f417d0,-0.4883720930232558
c05719999999999a,-92.4
bfde8ba2e8ba2e8c,-0.4772727272727273
c057a00000000000,-94.5
c058266666666667,-96.60000000000001
bfdd37a6f4de9bd3,-0.45652173913043476
c058accccccccccd,-98.7
bfdc9882b9310572,-0.44680851063829785
c059b9999999999a,-102.9
c05a400000000000,-105.0
bfdae147ae147ae1,-0.42
c05ac66666666667,-107.10000000000001
c03a333333333333,-26.2
c05b4ccccccccccd,-109.2
bfd9d89d89d89d8a,-0.40384615384615385
c03a4ccccccccccd,-26.3
c05bd33333333334,-111.30000000000001
bfd95bc609a90e7e,-0.39622641509433965
c03a666666666666,-26.4
c05c59999999999a,-113.4
c03a800000000000,-26.5
c05ce00000000000,-115.5
bfd86fb586fb5870,-0.38181818181818183
c05d666666666667,-117.60000000000001
c03ab33333333333,-26.7
c05deccccccccccd,-119.7
c03acccccccccccd,-26.8
c05e733333333334,-121.80000000000001
bfd72c234f72c235,-0.3620689655172414
c03ae66666666666,-26.9
c05ef9999999999a,-123.9
bfd6c797dd49c341,-0.3559322033898305
c05f800000000000,-126.0
c01d555555555555,-7.333333333333333
c009249249249249,-3.142857142857143
c0038e38e38e38e4,-2.4444444444444446
bffb13b13b13b13b,-1.6923076923076923
bff7777777777777,-1.4666666666666666
bff4b4b4b4b4b4b5,-1.2941176470588236
bff286bca1af286c,-1.1578947368421053
bff0c30c30c30c31,-1.0476190476190477
bfee9bd37a6f4dea,-0.9565217391304348
bfec28f5c28f5c29,-0.88
bfea12f684bda12f,-0.8148148148148148
bfe8469ee58469ee,-0.7586206896551724
c0510ccccccccccd,-68.2
bfe6b5ad6b5ad6b6,-0.7096774193548387
c052266666666667,-72.60000000000001
bfe41d41d41d41d4,-0.6285714285714286
c05459999999999a,-81.4
bfe306eb3e45306f,-0.5945945945945946
c055733333333334,-85.80000000000001
bfe20d20d20d20d2,-0.5641025641025641
c0568cccccccccce,-90.20000000000002
bfe12bb512bb512c,-0.5365853658536586
c057a66666666666,-94.6
bfe05f417d05f418,-0.5116279069767442
c058333333333334,-96.80000000000001
bfdf49f49f49f49f,-0.4888888888888889
c0594cccccccccce,-101.20000000000002
c059d9999999999a,-103.4
bfddf51b3bea3678,-0.46808510638297873
c05a666666666668,-105.60000000000002
c05af33333333334,-107.80000000000001
bfdcbc14e5e0a72f,-0.4489795918367347
c03b19999999999a,-27.1
c05c0cccccccccce,-112.20000000000002
bfdb9b9b9b9b9b9c,-0.43137254901960786
c03b333333333333,-27.2
c05c99999999999a,-114.4
c05d266666666668,-116.60000000000002
bfda90e7d95bc60a,-0.41509433962264153
c03b666666666666,-27.4
c05db33333333334,-118.80000000000001
c05e400000000000,-121.0
c05eccccccccccce,-123.20000000000002
c03bb33333333333,-27.7
c05f59999999999a,-125.4
bfd8b3a62ce98b3a,-0.38596491228070173
c03bcccccccccccd,-27.8
c05fe66666666668,-127.60000000000002
c03be66666666666,-27.9
c06039999999999a,-129.8
bfd7dd49c34115b2,-0.3728813559322034
c060800000000000,-132.0
c01eaaaaaaaaaaab,-7.666666666666667
c00a492492492492,-3.2857142857142856
c00471c71c71c71c,-2.5555555555555554
c01b99999999999b,-6.900000000000001
c017000000000000,-5.75
c02b99999999999b,-13.800000000000002
c00eaaaaaaaaaaab,-3.8333333333333335
c007000000000000,-2.875
c000ba2e8ba2e8ba,-2.090909090909091
c03b99999999999b,-27.600000000000005
bffeaaaaaaaaaaab,-1.9166666666666667
bffc4ec4ec4ec4ec,-1.7692307692307692
bffa492492492492,-1.6428571428571428
c041400000000000,-34.5
bff8888888888889,-1.5333333333333334
bff7000000000000,-1.4375
bff5a5a5a5a5a5a6,-1.3529411764705883
c044b33333333333,-41.4
bff471c71c71c71c,-1.2777777777777777
bff35e50d79435e5,-1.2105263157894737
c047000000000000,-46.0
bff2666666666666,-1.15
bff1861861861862,-1.0952380952380953
c0494ccccccccccd,-50.6
bff0ba2e8ba2e8ba,-1.0454545454545454
c04a733333333334,-52.900000000000006
c04b99999999999b,-55.20000000000001
bfeeaaaaaaaaaaab,-0.9583333333333334
c04cc00000000000,-57.5
bfed70a3d70a3d71,-0.92
bfec4ec4ec4ec4ec,-0.8846153846153846
c04f0ccccccccccd,-62.1
bfeb425ed097b426,-0.8518518518518519
bfea492492492492,-0.8214285714285714
c050accccccccccd,-66.7
bfe9611a7b9611a8,-0.7931034482758621
c051400000000000,-69.0
bfe8888888888889,-0.7666666666666667
c051d33333333333,-71.3
bfe7bdef7bdef7be,-0.7419354838709677
bfe7000000000000,-0.71875
c052f9999999999a,-75.9
bfe64d9364d9364e,-0.696969696969697
bfe5a5a5a5a5a5a6,-0.6764705882352942
c054200000000000,-80.5
bfe5075075075075,-0.6571428571428571
c054b33333333333,-82.8
bfe471c71c71c71c,-0.6388888888888888
c055466666666667,-85.10000000000001
bfe3e45306eb3e45,-0.6216216216216216
bfe35e50d79435e5,-0.6052631578947368
c0566ccccccccccd,-89.7
bfe2df2df2df2df3,-0.5897435897435898
c057000000000000,-92.0
bfe2666666666666,-0.575
c057933333333334,-94.30000000000001
bfe1f3831f3831f4,-0.5609756097560976
bfe1861861861862,-0.5476190476190477
c058b99999999999,-98.89999999999999
bfe11dc47711dc47,-0.5348837209302325
c0594ccccccccccd,-101.2
bfe0ba2e8ba2e8ba,-0.5227272727272727
c059e00000000000,-103.5
bfe05b05b05b05b0,-0.5111111111111111
c05a733333333334,-105.80000000000001
c05b066666666667,-108.10000000000001
bfdf51b3bea3677d,-0.48936170212765956
c05b99999999999b,-110.40000000000002
bfdeaaaaaaaaaaab,-0.4791666666666667
c05c2ccccccccccd,-112.7
bfde0a72f0539783,-0.46938775510204084
c05cc00000000000,-115.0
bfdd70a3d70a3d71,-0.46
c03c19999999999a,-28.1
c05d533333333334,-117.30000000000001
bfdcdcdcdcdcdcdd,-0.45098039215686275
c03c333333333333,-28.2
c05de66666666667,-119.60000000000001
bfdc4ec4ec4ec4ec,-0.4423076923076923
c03c4ccccccccccd,-28.3
c05e79999999999b,-121.90000000000002
bfdbc609a90e7d96,-0.4339622641509434
c03c666666666666,-28.4
c05f0ccccccccccd,-124.2
bfdb425ed097b426,-0.42592592592592593
c05fa00000000000,-126.5
bfdac37dac37dac3,-0.41818181818181815
c06019999999999a,-128.8
bfda492492492492,-0.4107142857142857
c03cb33333333333,-28.7
c060633333333333,-131.1
bfd9d31674c59d31,-0.40350877192982454
c060accccccccccd,-133.4
bfd9611a7b9611a8,-0.39655172413793105
c03ce66666666666,-28.9
c060f66666666667,-135.70000000000002
bfd8f2fba9386823,-0.3898305084745763
c03d000000000000,-29.0
c061400000000000,-138.0
bfd8888888888889,-0.38333333333333336
c00b6db6db6db6db,-3.4285714285714284
c001745d1745d174,-2.1818181818181817
bffd89d89d89d89e,-1.8461538461538463
bff6969696969697,-1.411764705882353
bff435e50d79435e,-1.263157894736842
bff0b21642c8590b,-1.0434782608695652
bfeeb851eb851eb8,-0.96
bfea7b9611a7b961,-0.8275862068965517
c05299999999999a,-74.4
bfe8c6318c6318c6,-0.7741935483870968
bfe5f15f15f15f16,-0.6857142857142857
c056333333333334,-88.80000000000001
bfe4c1bacf914c1c,-0.6486486486486487
c05899999999999a,-98.4
bfe2bb512bb512bb,-0.5853658536585366
c059cccccccccccc,-103.19999999999999
bfe1dc47711dc477,-0.5581395348837209
c05a666666666667,-105.60000000000001
c05b99999999999a,-110.4
c05c333333333334,-112.80000000000001
bfe0572620ae4c41,-0.5106382978723404
c05cccccccccccce,-115.20000000000002
bfdf58d0fac687d6,-0.4897959183673469
c03d19999999999a,-29.1
c05e99999999999a,-122.4
c03d333333333333,-29.2
c05f333333333334,-124.80000000000001
c03d4ccccccccccd,-29.3
c05fccccccccccce,-127.20000000000002
bfdcfb2b78c13522,-0.4528301886792453
c03d666666666666,-29.4
c060333333333334,-129.60000000000002
bfdbed61bed61bed,-0.43636363636363634
c060cccccccccccd,-134.4
c03db33333333333,-29.7
c06119999999999a,-136.8
c03dcccccccccccd,-29.8
c061666666666667,-139.20000000000002
c03de66666666666,-29.9
c061b33333333334,-141.60000000000002
bfda08ad8f2fba94,-0.4067796610169492
c062000000000000,-144.0
c020aaaaaaaaaaab,-8.333333333333334
c00c924924924925,-3.5714285714285716
c00638e38e38e38e,-2.7777777777777777
c01e000000000001,-7.500000000000001
c019000000000000,-6.25
c02e000000000001,-15.000000000000002
c010aaaaaaaaaaab,-4.166666666666667
c009000000000000,-3.125
c03b800000000001,-27.500000000000004
c0022e8ba2e8ba2f,-2.272727272727273
c03e000000000001,-30.000000000000004
c000aaaaaaaaaaab,-2.0833333333333335
bffec4ec4ec4ec4f,-1.9230769230769231
bffc924924924925,-1.7857142857142858
bff9000000000000,-1.5625
c045400000000001,-42.50000000000001
bff7878787878788,-1.4705882352941178
bff638e38e38e38e,-1.3888888888888888
bff50d79435e50d8,-1.3157894736842106
bff30c30c30c30c3,-1.1904761904761905
c04b800000000001,-55.00000000000001
bff22e8ba2e8ba2f,-1.1363636363636365
c04cc00000000001,-57.50000000000001
bff1642c8590b216,-1.0869565217391304
c04e000000000001,-60.00000000000001
bff0aaaaaaaaaaab,-1.0416666666666667
c04f400000000000,-62.5
bfeec4ec4ec4ec4f,-0.9615384615384616
bfeda12f684bda13,-0.9259259259259259
bfec924924924925,-0.8928571428571429
c052200000000001,-72.50000000000001
bfeb9611a7b9611a,-0.8620689655172413
c053600000000000,-77.5
bfe9ce739ce739ce,-0.8064516129032258
bfe9000000000000,-0.78125
bfe83e0f83e0f83e,-0.7575757575757576
c055400000000001,-85.00000000000001
bfe7878787878788,-0.7352941176470589
c055e00000000000,-87.5
bfe638e38e38e38e,-0.6944444444444444
c057200000000000,-92.5
bfe59f22983759f2,-0.6756756756756757
bfe50d79435e50d8,-0.6578947368421053
c058600000000001,-97.50000000000001
bfe4834834834835,-0.6410256410256411
c059a00000000001,-102.50000000000001
bfe3831f3831f383,-0.6097560975609756
bfe30c30c30c30c3,-0.5952380952380952
c05ae00000000000,-107.5
bfe29aca6b29aca7,-0.5813953488372093
c05b800000000001,-110.00000000000001
bfe22e8ba2e8ba2f,-0.5681818181818182
c05c200000000000,-112.5
c05cc00000000001,-115.00000000000001
bfe1642c8590b216,-0.5434782608695652
c05d600000000000,-117.5
bfe10572620ae4c4,-0.5319148936170213
c05e000000000001,-120.00000000000001
bfe0aaaaaaaaaaab,-0.5208333333333334
c05ea00000000001,-122.50000000000001
bfe05397829cbc15,-0.5102040816326531
c05f400000000000,-125.0
c03e19999999999a,-30.1
c05fe00000000001,-127.50000000000001
bfdf5f5f5f5f5f5f,-0.49019607843137253
c03e333333333333,-30.2
c060400000000000,-130.0
bfdec4ec4ec4ec4f,-0.4807692307692308
c03e4ccccccccccd,-30.3
c060900000000001,-132.50000000000003
bfde304d4873ecae,-0.4716981132075472
c03e666666666666,-30.4
c060e00000000000,-135.0
bfdda12f684bda13,-0.46296296296296297
c03e800000000000,-30.5
c061300000000000,-137.5
c061800000000000,-140.0
bfdc924924924925,-0.44642857142857145
c03eb33333333333,-30.7
c061d00000000000,-142.5
bfdc11f7047dc11f,-0.43859649122807015
c03ecccccccccccd,-30.8
c062200000000001,-145.00000000000003
bfdb9611a7b9611a,-0.43103448275862066
c03ee66666666666,-30.9
c062700000000000,-147.5
bfdb1e5f75270d04,-0.423728813559322
c062c00000000000,-150.0
c021555555555555,-8.666666666666666
c00db6db6db6db6e,-3.7142857142857144
c0071c71c71c71c7,-2.888888888888889
c002e8ba2e8ba2e9,-2.3636363636363638
bffbbbbbbbbbbbbc,-1.7333333333333334
bff8787878787878,-1.5294117647058822
bff5e50d79435e51,-1.368421052631579
bff3cf3cf3cf3cf4,-1.2380952380952381
bff21642c8590b21,-1.1304347826086956
bff0a3d70a3d70a4,-1.04
bfeed097b425ed09,-0.9629629629629629
bfecb08d3dcb08d4,-0.896551724137931
c054266666666667,-80.60000000000001
bfead6b5ad6b5ad7,-0.8387096774193549
bfe9364d9364d936,-0.7878787878787878
c056c00000000000,-91.0
bfe7c57c57c57c58,-0.7428571428571429
c0580ccccccccccd,-96.2
bfe67c8a60dd67c9,-0.7027027027027027
c058b33333333334,-98.80000000000001
c05959999999999a,-101.4
c05aa66666666667,-106.60000000000001
bfe44aed44aed44b,-0.6341463414634146
c05bf33333333333,-111.8
bfe3594d653594d6,-0.6046511627906976
c05d400000000000,-117.0
bfe27d27d27d27d2,-0.5777777777777777
c05e8ccccccccccd,-122.2
bfe1b3bea3677d47,-0.5531914893617021
c05fd9999999999a,-127.4
bfe0fac687d6343f,-0.5306122448979592
c03f19999999999a,-31.1
c060933333333334,-132.60000000000002
bfe0505050505050,-0.5098039215686274
c03f333333333333,-31.2
c060e66666666667,-135.20000000000002
c03f4ccccccccccd,-31.3
c06139999999999a,-137.8
bfdf656f1826a43a,-0.49056603773584906
c03f666666666666,-31.4
c0618ccccccccccd,-140.4
c061e00000000000,-143.0
bfde4129e4129e41,-0.4727272727272727
c03f99999999999a,-31.6
c062333333333334,-145.60000000000002
c03fb33333333333,-31.7
c062866666666667,-148.20000000000002
bfdd31674c59d316,-0.45614035087719296
c03fcccccccccccd,-31.8
c062d9999999999a,-150.8
c03fe66666666666,-31.9
c0632ccccccccccd,-153.4
bfdc34115b1e5f75,-0.4406779661016949
c063800000000000,-156.0
c00edb6db6db6db7,-3.857142857142857
c01b000000000000,-6.75
c00b000000000000,-3.375
c003a2e8ba2e8ba3,-2.4545454545454546
c0009d89d89d89d9,-2.076923076923077
bffedb6db6db6db7,-1.9285714285714286
bffb000000000000,-1.6875
bff9696969696969,-1.588235294117647
bff6bca1af286bca,-1.4210526315789473
bff599999999999a,-1.35
bff3a2e8ba2e8ba3,-1.2272727272727273
c04f0cccccccccce,-62.10000000000001
bff2c8590b21642d,-1.173913043478261
bff147ae147ae148,-1.08
bff09d89d89d89d9,-1.0384615384615385
c05239999999999a,-72.9
bfeedb6db6db6db7,-0.9642857142857143
c053933333333334,-78.30000000000001
bfedcb08d3dcb08d,-0.9310344827586207
c054eccccccccccd,-83.7
bfebdef7bdef7bdf,-0.8709677419354839
bfeb000000000000,-0.84375
c056466666666667,-89.10000000000001
bfe9696969696969,-0.7941176470588235
bfe8af8af8af8af9,-0.7714285714285715
c058f9999999999a,-99.9
bfe759f22983759f,-0.7297297297297297
bfe6bca1af286bca,-0.7105263157894737
c05a533333333334,-105.30000000000001
bfe599999999999a,-0.675
c05bacccccccccce,-110.70000000000002
bfe512bb512bb513,-0.6585365853658537
c05d066666666666,-116.1
bfe417d05f417d06,-0.627906976744186
bfe3a2e8ba2e8ba3,-0.6136363636363636
c05e600000000000,-121.5
c05f0cccccccccce,-124.20000000000002
bfe2c8590b21642d,-0.5869565217391305
c05fb9999999999a,-126.9
bfe2620ae4c415ca,-0.574468085106383
c06089999999999a,-132.3
bfe1a1f58d0fac68,-0.5510204081632653
bfe147ae147ae148,-0.54
c0400ccccccccccd,-32.1
c061366666666667,-137.70000000000002
bfe09d89d89d89d9,-0.5192307692307693
c040266666666666,-32.3
c061e33333333334,-143.10000000000002
bfe04d4873ecade3,-0.5094339622641509
c06239999999999a,-145.8
c062900000000000,-148.5
bfdf6b0df6b0df6b,-0.4909090909090909
c0404ccccccccccd,-32.6
c062e66666666667,-151.20000000000002
bfdedb6db6db6db7,-0.48214285714285715
c04059999999999a,-32.7
c0633ccccccccccd,-153.9
c040666666666666,-32.8
c063933333333334,-156.60000000000002
bfddcb08d3dcb08d,-0.46551724137931033
c063e9999999999a,-159.3
bfdd49c34115b1e6,-0.4576271186440678
c064400000000000,-162.0
c022aaaaaaaaaaab,-9.333333333333334
c008e38e38e38e39,-3.111111111111111
c0045d1745d1745d,-2.5454545454545454
c0013b13b13b13b1,-2.1538461538461537
bffdddddddddddde,-1.8666666666666667
bffa5a5a5a5a5a5a,-1.6470588235294117
bff79435e50d7943,-1.4736842105263157
bff37a6f4de9bd38,-1.2173913043478262
bff1eb851eb851ec,-1.12
bff097b425ed097b,-1.037037037037037
bfeee58469ee5847,-0.9655172413793104
c055b33333333333,-86.8
bfece739ce739ce7,-0.9032258064516129
bfeb26c9b26c9b27,-0.8484848484848485
c057ccccccccccce,-95.20000000000002
c059333333333333,-100.8
c059e66666666667,-103.60000000000001
bfe83759f2298376,-0.7567567567567568
c05b4cccccccccce,-109.20000000000002
bfe6f96f96f96f97,-0.717948717948718
c05c000000000000,-112.0
c05cb33333333334,-114.80000000000001
bfe5da895da895db,-0.6829268292682927
c05e199999999999,-120.39999999999999
bfe4d653594d6536,-0.6511627906976745
bfe3e93e93e93e94,-0.6222222222222222
c060733333333333,-131.6
bfe310572620ae4c,-0.5957446808510638
c060ccccccccccce,-134.40000000000003
c061266666666667,-137.20000000000002
c0408ccccccccccd,-33.1
c061d9999999999a,-142.8
bfe1919191919192,-0.5490196078431373
c04099999999999a,-33.2
c062333333333333,-145.6
c040a66666666666,-33.3
c0628cccccccccce,-148.40000000000003
bfe0e7d95bc609a9,-0.5283018867924528
c040b33333333333,-33.4
c040c00000000000,-33.5
c063400000000000,-154.0
bfe04a7904a7904a,-0.509090909090909
c06399999999999a,-156.8
c040d9999999999a,-33.7
c063f33333333333,-159.6
bfdf7047dc11f704,-0.49122807017543857
c040e66666666666,-33.8
c0644cccccccccce,-162.40000000000003
c040f33333333333,-33.9
c064a66666666667,-165.20000000000002
bfde5f75270d0457,-0.4745762711864407
c065000000000000,-168.0
c023555555555555,-9.666666666666666
c010924924924925,-4.142857142857143
c009c71c71c71c72,-3.2222222222222223
c01d000000000000,-7.25
c013555555555555,-4.833333333333333
c00d000000000000,-3.625
c03fe66666666667,-31.900000000000002
c0051745d1745d17,-2.6363636363636362
c003555555555555,-2.4166666666666665
c001d89d89d89d8a,-2.230769230769231
c0444ccccccccccd,-40.6
c000924924924925,-2.0714285714285716
c045c00000000000,-43.5
bffeeeeeeeeeeeef,-1.9333333333333333
bffd000000000000,-1.8125
bffb4b4b4b4b4b4b,-1.7058823529411764
bff9c71c71c71c72,-1.6111111111111112
c04b8ccccccccccd,-55.1
bff86bca1af286bd,-1.5263157894736843
c04d000000000000,-58.0
bff7333333333333,-1.45
bff6186186186186,-1.380952380952381
c04fe66666666667,-63.800000000000004
bff51745d1745d17,-1.3181818181818181
bff42c8590b21643,-1.2608695652173914
bff3555555555555,-1.2083333333333333
c052200000000000,-72.5
bff28f5c28f5c28f,-1.16
bff1d89d89d89d8a,-1.1153846153846154
bff12f684bda12f7,-1.0740740740740742
c0544ccccccccccd,-81.2
bff0924924924925,-1.0357142857142858
c055066666666667,-84.10000000000001
c055c00000000000,-87.0
bfeeeeeeeeeeeeef,-0.9666666666666667
c05679999999999a,-89.9
bfedef7bdef7bdef,-0.9354838709677419
bfed000000000000,-0.90625
c057eccccccccccd,-95.7
bfec1f07c1f07c1f,-0.8787878787878788
bfeb4b4b4b4b4b4b,-0.8529411764705882
c059600000000000,-101.5
bfea83a83a83a83b,-0.8285714285714286
bfe9c71c71c71c72,-0.8055555555555556
c05ad33333333334,-107.30000000000001
bfe914c1bacf914c,-0.7837837837837838
c05b8ccccccccccd,-110.2
bfe86bca1af286bd,-0.7631578947368421
c05c466666666667,-113.10000000000001
bfe7cb7cb7cb7cb8,-0.7435897435897436
c05d000000000000,-116.0
bfe7333333333333,-0.725
c05db9999999999b,-118.90000000000002
bfe6a2576a2576a2,-0.7073170731707317
bfe6186186186186,-0.6904761904761905
c05f2ccccccccccc,-124.69999999999999
bfe594d653594d65,-0.6744186046511628
c05fe66666666667,-127.60000000000001
bfe51745d1745d17,-0.6590909090909091
c060500000000000,-130.5
bfe49f49f49f49f5,-0.6444444444444445
bfe42c8590b21643,-0.6304347826086957
c06109999999999a,-136.3
bfe3bea3677d46cf,-0.6170212765957447
bfe3555555555555,-0.6041666666666666
c061c33333333334,-142.10000000000002
bfe2f05397829cbc,-0.5918367346938775
c062200000000000,-145.0
bfe28f5c28f5c28f,-0.58
c0627ccccccccccd,-147.9
bfe2323232323232,-0.5686274509803921
bfe1d89d89d89d8a,-0.5576923076923077
c041266666666666,-34.3
c063366666666667,-153.70000000000002
bfe1826a439f656f,-0.5471698113207547
bfe12f684bda12f7,-0.5370370370370371
c063f00000000000,-159.5
bfe0df6b0df6b0df,-0.5272727272727272
c0414ccccccccccd,-34.6
c0644ccccccccccd,-162.4
bfe0924924924925,-0.5178571428571429
c04159999999999a,-34.7
c064a9999999999a,-165.3
bfe047dc11f7047e,-0.5087719298245614
c041666666666666,-34.8
c065066666666667,-168.20000000000002
c041733333333333,-34.9
c065633333333334,-171.10000000000002
bfdf75270d0456c8,-0.4915254237288136
c065c00000000000,-174.0
bfdeeeeeeeeeeeef,-0.48333333333333334
c011249249249249,-4.285714285714286
c005d1745d1745d1,-2.727272727272727
c002762762762762,-2.3076923076923075
bffc3c3c3c3c3c3c,-1.7647058823529411
bff9435e50d79436,-1.5789473684210527
bff4de9bd37a6f4e,-1.3043478260869565
bff08d3dcb08d3dd,-1.0344827586206897
c057400000000000,-93.0
bfeef7bdef7bdef8,-0.967741935483871
c058c00000000001,-99.00000000000001
c05bc00000000000,-111.0
bfe9f22983759f23,-0.8108108108108109
c05c800000000001,-114.00000000000001
c05d400000000001,-117.00000000000001
c05ec00000000001,-123.00000000000001
bfe76a2576a2576a,-0.7317073170731707
c060200000000000,-129.0
bfe653594d653595,-0.6976744186046512
c061400000000001,-138.00000000000003
c061a00000000000,-141.0
bfe46cefa8d9df52,-0.6382978723404256
c062000000000001,-144.00000000000003
c062600000000000,-147.0
bfe397829cbc14e6,-0.6122448979591837
c063200000000001,-153.00000000000003
c041a66666666666,-35.3
c063e00000000001,-159.00000000000003
bfe21cfb2b78c135,-0.5660377358490566
c041b33333333333,-35.4
c041c00000000000,-35.5
c064a00000000000,-165.0
c041cccccccccccd,-35.6
c065000000000001,-168.00000000000003
c065600000000000,-171.0
c041e66666666666,-35.8
c065c00000000001,-174.00000000000003
c041f33333333333,-35.9
c066200000000000,-177.0
bfe0456c797dd49c,-0.5084745762711864
c066800000000000,-180.0
c024aaaaaaaaaaab,-10.333333333333334
c011b6db6db6db6e,-4.428571428571429
c00b8e38e38e38e4,-3.4444444444444446
c01f000000000000,-7.75
c014aaaaaaaaaaab,-5.166666666666667
c035b33333333334,-21.700000000000003
c00f000000000000,-3.875
c0068ba2e8ba2e8c,-2.8181818181818183
c004aaaaaaaaaaab,-2.5833333333333335
c00313b13b13b13b,-2.3846153846153846
c045b33333333334,-43.400000000000006
c001b6db6db6db6e,-2.2142857142857144
c000888888888889,-2.066666666666667
bfff000000000000,-1.9375
bffd2d2d2d2d2d2d,-1.8235294117647058
bffb8e38e38e38e4,-1.7222222222222223
c04d733333333334,-58.900000000000006
bffa1af286bca1af,-1.631578947368421
bff8cccccccccccd,-1.55
bff79e79e79e79e8,-1.4761904761904763
bff68ba2e8ba2e8c,-1.4090909090909092
c051d33333333334,-71.30000000000001
bff590b21642c859,-1.3478260869565217
bff4aaaaaaaaaaab,-1.2916666666666667
bff3d70a3d70a3d7,-1.24
bff313b13b13b13b,-1.1923076923076923
bff25ed097b425ed,-1.1481481481481481
c055b33333333334,-86.80000000000001
bff1b6db6db6db6e,-1.1071428571428572
bff11a7b9611a7b9,-1.0689655172413792
bff0888888888889,-1.0333333333333334
c058066666666667,-96.10000000000001
c058cccccccccccd,-99.2
bfef000000000000,-0.96875
c059933333333334,-102.30000000000001
bfee0f83e0f83e10,-0.9393939393939394
c05a59999999999a,-105.4
bfed2d2d2d2d2d2d,-0.9117647058823529
c05b200000000000,-108.5
bfec57c57c57c57c,-0.8857142857142857
c05be66666666667,-111.60000000000001
bfeb8e38e38e38e4,-0.8611111111111112
c05caccccccccccd,-114.7
bfeacf914c1bacf9,-0.8378378378378378
c05d733333333334,-117.80000000000001
bfea1af286bca1af,-0.8157894736842105
c05e39999999999a,-120.9
bfe96f96f96f96f9,-0.7948717948717948
c05f000000000000,-124.0
bfe8cccccccccccd,-0.775
c05fc66666666668,-127.10000000000002
bfe831f3831f3832,-0.7560975609756098
c060466666666667,-130.20000000000002
bfe79e79e79e79e8,-0.7380952380952381
c060a99999999999,-133.29999999999998
bfe711dc47711dc4,-0.7209302325581395
c0610ccccccccccd,-136.4
bfe68ba2e8ba2e8c,-0.7045454545454546
c061700000000000,-139.5
bfe60b60b60b60b6,-0.6888888888888889
c061d33333333334,-142.60000000000002
bfe590b21642c859,-0.6739130434782609
c062366666666667,-145.70000000000002
bfe51b3bea3677d4,-0.6595744680851063
c06299999999999a,-148.8
bfe4aaaaaaaaaaab,-0.6458333333333334
c062fccccccccccd,-151.9
bfe43eb1a1f58d10,-0.6326530612244898
c063600000000000,-155.0
bfe3d70a3d70a3d7,-0.62
c063c33333333334,-158.10000000000002
bfe3737373737373,-0.6078431372549019
c04219999999999a,-36.2
c064266666666667,-161.20000000000002
bfe313b13b13b13b,-0.5961538461538461
c042266666666666,-36.3
c06489999999999a,-164.3
bfe2b78c13521cfb,-0.5849056603773585
c064eccccccccccd,-167.4
bfe25ed097b425ed,-0.5740740740740741
c042400000000000,-36.5
c065500000000000,-170.5
bfe2094f2094f209,-0.5636363636363636
c0424ccccccccccd,-36.6
c065b33333333334,-173.60000000000002
bfe1b6db6db6db6e,-0.5535714285714286
c04259999999999a,-36.7
c066166666666667,-176.70000000000002
bfe1674c59d31675,-0.543859649122807
c042666666666666,-36.8
c06679999999999a,-179.8
bfe11a7b9611a7b9,-0.5344827586206896
c042733333333333,-36.9
c066dccccccccccd,-182.9
bfe0d0456c797dd5,-0.5254237288135594
c067400000000000,-186.0
bfe0888888888889,-0.5166666666666667
c025555555555555,-10.666666666666666
c012492492492492,-4.571428571428571
c00c71c71c71c71c,-3.5555555555555554
c00745d1745d1746,-2.909090909090909
c003b13b13b13b14,-2.4615384615384617
c001111111111111,-2.1333333333333333
bffe1e1e1e1e1e1e,-1.8823529411764706
bffaf286bca1af28,-1.6842105263157894
bff8618618618618,-1.5238095238095237
bff642c8590b2164,-1.391304347826087
bff47ae147ae147b,-1.28
bff2f684bda12f68,-1.1851851851851851
bff1a7b9611a7b96,-1.103448275862069
bff0842108421084,-1.032258064516129
c05999999999999a,-102.4
bfef07c1f07c1f08,-0.9696969696969697
c05b333333333334,-108.80000000000001
bfed41d41d41d41d,-0.9142857142857143
c05ccccccccccccd,-115.2
c05d99999999999a,-118.4
bfebacf914c1bad0,-0.8648648648648649
c05e666666666667,-121.60000000000001
bfea41a41a41a41a,-0.8205128205128205
c060000000000000,-128.0
c060666666666667,-131.20000000000002
bfe8f9c18f9c18fa,-0.7804878048780488
c061333333333333,-137.6
bfe7d05f417d05f4,-0.7441860465116279
c06199999999999a,-140.8
bfe6c16c16c16c17,-0.7111111111111111
c062666666666667,-147.20000000000002
c062cccccccccccd,-150.4
bfe5c9882b931057,-0.6808510638297872
c063333333333334,-153.60000000000002
bfe4e5e0a72f0539,-0.6530612244897959
c064000000000000,-160.0
c0428ccccccccccd,-37.1
c064666666666667,-163.20000000000002
bfe4141414141414,-0.6274509803921569
c064cccccccccccd,-166.4
c042a66666666666,-37.3
c065333333333334,-169.60000000000002
bfe3521cfb2b78c1,-0.6037735849056604
c042b33333333333,-37.4
c06599999999999a,-172.8
c066000000000000,-176.0
bfe29e4129e4129e,-0.5818181818181818
c066666666666667,-179.20000000000002
c066cccccccccccd,-182.4
bfe1f7047dc11f70,-0.5614035087719298
c042e66666666666,-37.8
c067333333333334,-185.60000000000002
c042f33333333333,-37.9
c06799999999999a,-188.8
bfe15b1e5f75270d,-0.5423728813559322
c068000000000000,-192.0
c012db6db6db6db7,-4.714285714285714
c023ccccccccccce,-9.900000000000002
c020800000000000,-8.25
c033ccccccccccce,-19.800000000000004
c010800000000000,-4.125
c043ccccccccccce,-39.60000000000001
c045733333333333,-42.9
c0044ec4ec4ec4ec,-2.5384615384615383
c002db6db6db6db7,-2.357142857142857
c000800000000000,-2.0625
bfff0f0f0f0f0f0f,-1.9411764705882353
c04db33333333333,-59.4
bffbca1af286bca2,-1.736842105263158
bffa666666666666,-1.65
c051533333333333,-69.3
bff6f4de9bd37a6f,-1.434782608695652
c053ccccccccccce,-79.20000000000002
bff51eb851eb851f,-1.32
c055733333333333,-85.8
bff44ec4ec4ec4ec,-1.2692307692307692
bff2db6db6db6db7,-1.1785714285714286
c057ecccccccccce,-95.70000000000002
bff234f72c234f73,-1.1379310344827587
c059933333333333,-102.3
bff1084210842108,-1.064516129032258
bff0800000000000,-1.03125
c05b39999999999a,-108.9
bfef0f0f0f0f0f0f,-0.9705882352941176
bfee2be2be2be2be,-0.9428571428571428
c05db33333333333,-118.8
c05e866666666667,-122.10000000000001
bfec8a60dd67c8a6,-0.8918918918918919
bfebca1af286bca2,-0.868421052631579
c060166666666667,-128.70000000000002
bfea666666666666,-0.825
c060e9999999999a,-135.3
bfe9c18f9c18f9c2,-0.8048780487804879
c061533333333333,-138.6
c061bccccccccccd,-141.9
bfe88ee23b88ee24,-0.7674418604651163
c062266666666667,-145.20000000000002
c062f9999999999a,-151.8
bfe6f4de9bd37a6f,-0.717391304347826
c063633333333333,-155.1
bfe677d46cefa8da,-0.7021276595744681
c063ccccccccccce,-158.40000000000003
c064366666666667,-161.70000000000002
bfe58d0fac687d63,-0.673469387755102
bfe51eb851eb851f,-0.66
c0430ccccccccccd,-38.1
c06509999999999a,-168.3
c04319999999999a,-38.2
c065733333333333,-171.6
bfe44ec4ec4ec4ec,-0.6346153846153846
c043266666666666,-38.3
c065dcccccccccce,-174.90000000000003
bfe3ecade304d487,-0.6226415094339622
c043333333333333,-38.4
c066466666666667,-178.20000000000002
c066b00000000000,-181.5
c0434ccccccccccd,-38.6
c06719999999999a,-184.8
bfe2db6db6db6db7,-0.5892857142857143
c04359999999999a,-38.7
c067833333333333,-188.1
c043666666666666,-38.8
c067ecccccccccce,-191.40000000000003
bfe234f72c234f73,-0.5689655172413793
c043733333333333,-38.9
c068566666666667,-194.70000000000002
bfe1e5f75270d045,-0.559322033898305
c068c00000000000,-198.0
c026aaaaaaaaaaab,-11.333333333333334
c0136db6db6db6db,-4.857142857142857
c00e38e38e38e38e,-3.7777777777777777
c008ba2e8ba2e8ba,-3.090909090909091
c004ec4ec4ec4ec5,-2.6153846153846154
c002222222222222,-2.2666666666666666
bffca1af286bca1b,-1.7894736842105263
bff9e79e79e79e7a,-1.619047619047619
bff7a6f4de9bd37a,-1.4782608695652173
bff5c28f5c28f5c3,-1.36
bff425ed097b425f,-1.2592592592592593
bff2c234f72c234f,-1.1724137931034482
bff18c6318c6318c,-1.096774193548387
c05c0ccccccccccd,-112.2
bff07c1f07c1f07c,-1.0303030303030303
c05ce66666666667,-115.60000000000001
c05dc00000000000,-119.0
bfef15f15f15f15f,-0.9714285714285714
c05f733333333334,-125.80000000000001
bfed67c8a60dd67d,-0.918918918918919
c060266666666667,-129.20000000000002
bfebe5be5be5be5c,-0.8717948717948718
c061000000000000,-136.0
c0616ccccccccccd,-139.4
bfea895da895da89,-0.8292682926829268
c062466666666666,-146.2
bfe94d653594d653,-0.7906976744186046
c062b33333333334,-149.60000000000002
c063200000000000,-153.0
bfe82d82d82d82d8,-0.7555555555555555
c0638ccccccccccd,-156.4
c063f9999999999a,-159.8
bfe72620ae4c415d,-0.723404255319149
c064d33333333334,-166.60000000000002
bfe6343eb1a1f58d,-0.6938775510204082
c065400000000000,-170.0
c065accccccccccd,-173.4
c06619999999999a,-176.8
c043a66666666666,-39.3
c066866666666667,-180.20000000000002
bfe4873ecade304d,-0.6415094339622641
c043b33333333333,-39.4
c066f33333333334,-183.60000000000002
c043c00000000000,-39.5
c067600000000000,-187.0
bfe3c8253c8253c8,-0.6181818181818182
c067cccccccccccd,-190.4
c043d9999999999a,-39.7
c06839999999999a,-193.8
bfe31674c59d3167,-0.5964912280701754
c043e66666666666,-39.8
c068a66666666667,-197.20000000000002
c069133333333334,-200.60000000000002
bfe270d0456c797e,-0.576271186440678
c069800000000000,-204.0
c027555555555555,-11.666666666666666
c00f1c71c71c71c7,-3.888888888888889
c021800000000000,-8.75
c017555555555555,-5.833333333333333
c038800000000001,-24.500000000000004
c011800000000000,-4.375
c009745d1745d174,-3.1818181818181817
c007555555555555,-2.9166666666666665
c00589d89d89d89e,-2.6923076923076925
c048800000000001,-49.00000000000001
c001800000000000,-2.1875
c04dc00000000001,-59.50000000000001
c000787878787878,-2.0588235294117645
bfff1c71c71c71c7,-1.9444444444444444
bffd79435e50d794,-1.8421052631578947
bff9745d1745d174,-1.5909090909090908
c054200000000001,-80.50000000000001
bff8590b21642c86,-1.5217391304347827
bff7555555555555,-1.4583333333333333
bff589d89d89d89e,-1.3461538461538463
bff4bda12f684bda,-1.2962962962962963
c058800000000001,-98.00000000000001
c059600000000001,-101.50000000000001
bff34f72c234f72c,-1.206896551724138
bff2108421084211,-1.1290322580645162
bff1800000000000,-1.09375
c05ce00000000001,-115.50000000000001
bff0f83e0f83e0f8,-1.0606060606060606
c05dc00000000001,-119.00000000000001
bff0787878787878,-1.0294117647058822
c05ea00000000000,-122.5
bfef1c71c71c71c7,-0.9722222222222222
c060300000000000,-129.5
bfee45306eb3e453,-0.9459459459459459
c060a00000000000,-133.0
bfed79435e50d794,-0.9210526315789473
c061100000000000,-136.5
bfecb7cb7cb7cb7d,-0.8974358974358975
c061f00000000001,-143.50000000000003
bfeb512bb512bb51,-0.8536585365853658
c062d00000000000,-150.5
bfea0be82fa0be83,-0.813953488372093
bfe9745d1745d174,-0.7954545454545454
c063b00000000000,-157.5
c064200000000001,-161.00000000000003
bfe8590b21642c86,-0.7608695652173914
c064900000000000,-164.5
bfe7d46cefa8d9df,-0.7446808510638298
bfe7555555555555,-0.7291666666666666
c065700000000000,-171.5
c065e00000000000,-175.0
c0440ccccccccccd,-40.1
c066500000000001,-178.50000000000003
bfe5f5f5f5f5f5f6,-0.6862745098039216
c04419999999999a,-40.2
c066c00000000000,-182.0
bfe589d89d89d89e,-0.6730769230769231
c044266666666666,-40.3
c067300000000001,-185.50000000000003
bfe521cfb2b78c13,-0.660377358490566
c044333333333333,-40.4
c067a00000000000,-189.0
bfe4bda12f684bda,-0.6481481481481481
c068100000000000,-192.5
c068800000000001,-196.00000000000003
c068f00000000000,-199.5
bfe3a62ce98b3a63,-0.6140350877192983
c044666666666666,-40.8
c069600000000001,-203.00000000000003
bfe34f72c234f72c,-0.603448275862069
c044733333333333,-40.9
c069d00000000000,-206.5
bfe2fba9386822b6,-0.5932203389830508
c044800000000000,-41.0
c06a400000000000,-210.0
c014924924924925,-5.142857142857143
c00a2e8ba2e8ba2f,-3.272727272727273
c006276276276276,-2.769230769230769
c000f0f0f0f0f0f1,-2.1176470588235294
bffe50d79435e50d,-1.894736842105263
bff90b21642c8591,-1.565217391304348
bff70a3d70a3d70a,-1.44
bff3dcb08d3dcb09,-1.2413793103448276
bff294a5294a5295,-1.1612903225806452
bff0750750750750,-1.0285714285714285
c060333333333333,-129.6
c060a66666666667,-133.20000000000002
bfef22983759f22a,-0.972972972972973
c062733333333334,-147.60000000000002
bfec18f9c18f9c19,-0.8780487804878049
c063599999999999,-154.79999999999998
bfeaca6b29aca6b3,-0.8372093023255814
c063cccccccccccd,-158.4
c064b33333333334,-165.60000000000002
c065266666666667,-169.20000000000002
bfe882b931057262,-0.7659574468085106
c0660ccccccccccd,-176.4
bfe7829cbc14e5e1,-0.7346938775510204
c0448ccccccccccd,-41.1
c04499999999999a,-41.2
c067666666666667,-187.20000000000002
c044a66666666666,-41.3
c067d9999999999a,-190.8
bfe5bc609a90e7d9,-0.6792452830188679
c0684ccccccccccd,-194.4
c044c00000000000,-41.5
bfe4f2094f2094f2,-0.6545454545454545
c069333333333334,-201.60000000000002
c044d9999999999a,-41.7
c069a66666666667,-205.20000000000002
c044e66666666666,-41.8
c06a19999999999a,-208.8
c044f33333333333,-41.9
c06a8ccccccccccd,-212.4
bfe386822b63cbef,-0.6101694915254238
c06b000000000000,-216.0
c028aaaaaaaaaaab,-12.333333333333334
c015249249249249,-5.285714285714286
c01071c71c71c71c,-4.111111111111111
c022800000000000,-9.25
c018aaaaaaaaaaab,-6.166666666666667
c012800000000000,-4.625
c00ae8ba2e8ba2e9,-3.3636363636363638
c008aaaaaaaaaaab,-3.0833333333333335
c006c4ec4ec4ec4f,-2.8461538461538463
c005249249249249,-2.642857142857143
c003bbbbbbbbbbbc,-2.466666666666667
c002800000000000,-2.3125
c001696969696969,-2.176470588235294
c00071c71c71c71c,-2.0555555555555554
c051933333333334,-70.30000000000001
bfff286bca1af287,-1.9473684210526316
bffd99999999999a,-1.85
bffc30c30c30c30c,-1.7619047619047619
bffae8ba2e8ba2e9,-1.6818181818181819
bff9bd37a6f4de9c,-1.608695652173913
bff8aaaaaaaaaaab,-1.5416666666666667
bff7ae147ae147ae,-1.48
bff6c4ec4ec4ec4f,-1.4230769230769231
bff5ed097b425ed1,-1.3703703703703705
bff5249249249249,-1.3214285714285714
bff469ee58469ee6,-1.2758620689655173
bff3bbbbbbbbbbbc,-1.2333333333333334
bff318c6318c6319,-1.1935483870967742
bff2800000000000,-1.15625
bff1f07c1f07c1f0,-1.121212121212121
bff1696969696969,-1.088235294117647
bff0ea0ea0ea0ea1,-1.0571428571428572
bff071c71c71c71c,-1.0277777777777777
c0611ccccccccccd,-136.9
c061933333333334,-140.60000000000002
bfef286bca1af287,-0.9736842105263158
c06209999999999a,-144.3
bfee5be5be5be5be,-0.9487179487179487
c062800000000000,-148.0
bfed99999999999a,-0.925
c062f66666666667,-151.70000000000002
bfece0c7ce0c7ce1,-0.9024390243902439
c0636ccccccccccd,-155.4
bfec30c30c30c30c,-0.8809523809523809
c063e33333333333,-159.1
bfeb88ee23b88ee2,-0.8604651162790697
c06459999999999a,-162.8
bfeae8ba2e8ba2e9,-0.8409090909090909
c064d00000000000,-166.5
bfea4fa4fa4fa4fa,-0.8222222222222222
c065466666666667,-170.20000000000002
bfe9bd37a6f4de9c,-0.8043478260869565
c065bccccccccccd,-173.9
bfe9310572620ae5,-0.7872340425531915
c066333333333334,-177.60000000000002
bfe8aaaaaaaaaaab,-0.7708333333333334
c066a9999999999a,-181.3
bfe829cbc14e5e0a,-0.7551020408163265
c067200000000000,-185.0
bfe7ae147ae147ae,-0.74
c0450ccccccccccd,-42.1
c067966666666667,-188.70000000000002
bfe7373737373737,-0.7254901960784313
c04519999999999a,-42.2
c0680ccccccccccd,-192.4
bfe6c4ec4ec4ec4f,-0.7115384615384616
c045266666666666,-42.3
c068833333333334,-196.10000000000002
bfe656f1826a439f,-0.6981132075471698
c045333333333333,-42.4
c068f9999999999a,-199.8
bfe5ed097b425ed1,-0.6851851851851852
c069700000000000,-203.5
bfe586fb586fb587,-0.6727272727272727
c0454ccccccccccd,-42.6
c069e66666666667,-207.20000000000002
bfe5249249249249,-0.6607142857142857
c04559999999999a,-42.7
c06a5ccccccccccd,-210.9
bfe4c59d31674c5a,-0.6491228070175439
c045666666666666,-42.8
c06ad33333333334,-214.60000000000002
bfe469ee58469ee6,-0.6379310344827587
c06b49999999999a,-218.3
bfe4115b1e5f7527,-0.6271186440677966
c06bc00000000000,-222.0
bfe3bbbbbbbbbbbc,-0.6166666666666667
c029555555555555,-12.666666666666666
c015b6db6db6db6e,-5.428571428571429
c010e38e38e38e39,-4.222222222222222
c00ba2e8ba2e8ba3,-3.4545454545454546
c007627627627627,-2.923076923076923
c004444444444444,-2.533333333333333
c001e1e1e1e1e1e2,-2.235294117647059
bffcf3cf3cf3cf3d,-1.8095238095238095
bffa6f4de9bd37a7,-1.6521739130434783
bff851eb851eb852,-1.52
bff684bda12f684c,-1.4074074074074074
bff4f72c234f72c2,-1.3103448275862069
c05d733333333333,-117.8
bff39ce739ce739d,-1.2258064516129032
bff26c9b26c9b26d,-1.1515151515151516
bff15f15f15f15f1,-1.0857142857142856
c061933333333333,-140.6
bff06eb3e45306eb,-1.027027027027027
c0620ccccccccccd,-144.4
bfef2df2df2df2df,-0.9743589743589743
c063000000000000,-152.0
c06379999999999a,-155.8
bfeda895da895da9,-0.926829268292683
c0646ccccccccccd,-163.4
bfec47711dc47712,-0.8837209302325582
c064e66666666667,-167.20000000000002
bfeb05b05b05b05b,-0.8444444444444444
c065d9999999999a,-174.8
c066533333333333,-178.6
bfe9df51b3bea367,-0.8085106382978723
c066ccccccccccce,-182.40000000000003
c067466666666667,-186.20000000000002
bfe8d0fac687d634,-0.7755102040816326
c067c00000000000,-190.0
c0458ccccccccccd,-43.1
bfe7d7d7d7d7d7d8,-0.7450980392156863
c068b33333333333,-197.6
c045a66666666666,-43.3
c0692cccccccccce,-201.40000000000003
bfe6f1826a439f65,-0.7169811320754716
c06a200000000000,-209.0
bfe61bed61bed61c,-0.6909090909090909
c045cccccccccccd,-43.6
c06a99999999999a,-212.8
c06b133333333333,-216.6
c045e66666666666,-43.8
c06b8cccccccccce,-220.40000000000003
c045f33333333333,-43.9
c06c066666666667,-224.20000000000002
bfe49c34115b1e5f,-0.6440677966101694
c06c800000000000,-228.0
c016492492492492,-5.571428571428571
c023800000000000,-9.75
c013800000000000,-4.875
c00c5d1745d1745d,-3.5454545454545454
c006492492492492,-2.7857142857142856
c003800000000000,-2.4375
c0025a5a5a5a5a5a,-2.2941176470588234
c0006bca1af286bd,-2.0526315789473686
bfff333333333333,-1.95
bffc5d1745d1745d,-1.7727272727272727
c0566cccccccccce,-89.70000000000002
bffb21642c8590b2,-1.6956521739130435
c058600000000000,-97.5
bff8f5c28f5c28f6,-1.56
bff6492492492492,-1.3928571428571428
bff58469ee58469f,-1.3448275862068966
bff4210842108421,-1.2580645161290323
bff3800000000000,-1.21875
bff25a5a5a5a5a5a,-1.1470588235294117
bff1d41d41d41d42,-1.1142857142857143
bff0dd67c8a60dd6,-1.054054054054054
bff06bca1af286bd,-1.0263157894736843
c063033333333334,-152.10000000000002
bfef333333333333,-0.975
c063fcccccccccce,-159.90000000000003
bfee7063e7063e70,-0.9512195121951219
c06479999999999a,-163.8
c064f66666666666,-167.7
bfed05f417d05f41,-0.9069767441860465
c065733333333334,-171.60000000000002
bfec5d1745d1745d,-0.8863636363636364
c065f00000000000,-175.5
c0666cccccccccce,-179.40000000000003
bfeb21642c8590b2,-0.8478260869565217
c066e9999999999a,-183.3
bfea8d9df51b3bea,-0.8297872340425532
c067e33333333334,-191.10000000000002
bfe97829cbc14e5e,-0.7959183673469388
c068600000000000,-195.0
bfe8f5c28f5c28f6,-0.78
c068dcccccccccce,-198.90000000000003
c06959999999999a,-202.8
c046266666666666,-44.3
c069d66666666667,-206.70000000000002
bfe78c13521cfb2b,-0.7358490566037735
c046333333333333,-44.4
c06a533333333334,-210.60000000000002
c046400000000000,-44.5
c06ad00000000000,-214.5
bfe6b0df6b0df6b1,-0.7090909090909091
c0464ccccccccccd,-44.6
c06b4cccccccccce,-218.40000000000003
bfe6492492492492,-0.6964285714285714
c04659999999999a,-44.7
c06bc9999999999a,-222.3
c046666666666666,-44.8
c06c466666666667,-226.20000000000002
bfe58469ee58469f,-0.6724137931034483
c046733333333333,-44.9
c06cc33333333334,-230.10000000000002
bfe5270d0456c798,-0.6610169491525424
c06d400000000000,-234.0
c02aaaaaaaaaaaab,-13.333333333333334
c016db6db6db6db7,-5.714285714285714
c011c71c71c71c72,-4.444444444444445
c00d1745d1745d17,-3.6363636363636362
c0089d89d89d89d9,-3.076923076923077
c002d2d2d2d2d2d3,-2.3529411764705883
c000d79435e50d79,-2.1052631578947367
bffe79e79e79e79e,-1.9047619047619047
bffbd37a6f4de9bd,-1.7391304347826086
bff7b425ed097b42,-1.4814814814814814
bff611a7b9611a7c,-1.3793103448275863
bff4a5294a5294a5,-1.2903225806451613
bff364d9364d9365,-1.2121212121212122
bff14c1bacf914c2,-1.0810810810810811
bff0690690690690,-1.0256410256410255
c064800000000001,-164.00000000000003
bfef3831f3831f38,-0.975609756097561
c065800000000000,-172.0
bfedc47711dc4771,-0.9302325581395349
c067000000000001,-184.00000000000003
c067800000000000,-188.0
bfeb3bea3677d46d,-0.851063829787234
c068000000000001,-192.00000000000003
c068800000000000,-196.0
bfea1f58d0fac688,-0.8163265306122449
c069000000000000,-200.0
c0468ccccccccccd,-45.1
c069800000000001,-204.00000000000003
bfe9191919191919,-0.7843137254901961
c04699999999999a,-45.2
c06a000000000000,-208.0
c046a66666666666,-45.3
c06a800000000001,-212.00000000000003
bfe826a439f656f2,-0.7547169811320755
c046b33333333333,-45.4
c06b800000000000,-220.0
c06c000000000001,-224.00000000000003
c046d9999999999a,-45.7
bfe674c59d31674c,-0.7017543859649122
c046e66666666666,-45.8
c06d000000000001,-232.00000000000003
c046f33333333333,-45.9
c06d800000000000,-236.0
bfe5b1e5f75270d0,-0.6779661016949152
c06e000000000000,-240.0
c02b555555555555,-13.666666666666666
c0176db6db6db6db,-5.857142857142857
c01238e38e38e38e,-4.555555555555555
c02899999999999b,-12.300000000000002
c024800000000000,-10.25
c03899999999999b,-24.600000000000005
c01b555555555555,-6.833333333333333
c014800000000000,-5.125
c00dd1745d1745d1,-3.727272727272727
c04899999999999b,-49.20000000000001
c00b555555555555,-3.4166666666666665
c0093b13b13b13b1,-3.1538461538461537
c0076db6db6db6db,-2.9285714285714284
c04ec00000000000,-61.5
c005ddddddddddde,-2.7333333333333334
c004800000000000,-2.5625
c0034b4b4b4b4b4b,-2.411764705882353
c052733333333333,-73.8
c00238e38e38e38e,-2.2777777777777777
c001435e50d79436,-2.1578947368421053
c054800000000000,-82.0
c000666666666666,-2.05
bfff3cf3cf3cf3cf,-1.9523809523809523
c0568ccccccccccd,-90.2
bffdd1745d1745d1,-1.8636363636363635
bffc8590b21642c8,-1.7826086956521738
c05899999999999b,-98.40000000000002
bffb555555555555,-1.7083333333333333
c059a00000000000,-102.5
bffa3d70a3d70a3d,-1.64
bff93b13b13b13b1,-1.5769230769230769
c05baccccccccccd,-110.7
bff84bda12f684be,-1.5185185185185186
bff76db6db6db6db,-1.4642857142857142
bff69ee58469ee58,-1.4137931034482758
c05ec00000000000,-123.0
bff5ddddddddddde,-1.3666666666666667
c05fc66666666667,-127.10000000000001
bff5294a5294a529,-1.3225806451612903
bff4800000000000,-1.28125
bff3e0f83e0f83e1,-1.2424242424242424
bff34b4b4b4b4b4b,-1.2058823529411764
c061f00000000000,-143.5
bff2be2be2be2be3,-1.1714285714285715
c062733333333333,-147.6
bff238e38e38e38e,-1.1388888888888888
bff1bacf914c1bad,-1.1081081081081081
bff1435e50d79436,-1.0789473684210527
c063fccccccccccd,-159.9
bff0d20d20d20d21,-1.0512820512820513
c064800000000000,-164.0
bff0666666666666,-1.025
c065033333333334,-168.10000000000002
c065866666666667,-172.20000000000002
bfef3cf3cf3cf3cf,-0.9761904761904762
c066099999999999,-176.29999999999998
bfee82fa0be82fa1,-0.9534883720930233
c0668ccccccccccd,-180.4
bfedd1745d1745d1,-0.9318181818181818
c067100000000000,-184.5
bfed27d27d27d27d,-0.9111111111111111
c067933333333334,-188.60000000000002
bfec8590b21642c8,-0.8913043478260869
c068166666666667,-192.70000000000002
bfebea3677d46cf0,-0.8723404255319149
c06899999999999b,-196.80000000000004
bfeb555555555555,-0.8541666666666666
c0691ccccccccccd,-200.9
bfeac687d6343eb2,-0.8367346938775511
c069a00000000000,-205.0
bfea3d70a3d70a3d,-0.82
c0470ccccccccccd,-46.1
c06a233333333334,-209.10000000000002
bfe9b9b9b9b9b9ba,-0.803921568627451
c06aa66666666667,-213.20000000000002
bfe93b13b13b13b1,-0.7884615384615384
c047266666666666,-46.3
c06b29999999999b,-217.30000000000004
bfe8c13521cfb2b8,-0.7735849056603774
c047333333333333,-46.4
c06baccccccccccd,-221.4
bfe84bda12f684be,-0.7592592592592593
c06c300000000000,-225.5
bfe7dac37dac37db,-0.7454545454545455
c0474ccccccccccd,-46.6
c06cb33333333334,-229.60000000000002
bfe76db6db6db6db,-0.7321428571428571
c04759999999999a,-46.7
c06d366666666667,-233.70000000000002
bfe7047dc11f7048,-0.7192982456140351
c047666666666666,-46.8
c06db9999999999b,-237.80000000000004
bfe69ee58469ee58,-0.7068965517241379
c047733333333333,-46.9
c06e3ccccccccccd,-241.9
bfe63cbeea4e1a09,-0.6949152542372882
c06ec00000000000,-246.0
bfe5ddddddddddde,-0.6833333333333333
c00e8ba2e8ba2e8c,-3.8181818181818183
c009d89d89d89d8a,-3.230769230769231
c003c3c3c3c3c3c4,-2.4705882352941178
c001af286bca1af3,-2.210526315789474
bffd37a6f4de9bd3,-1.826086956521739
bffae147ae147ae1,-1.68
bff72c234f72c235,-1.4482758620689655
bff5ad6b5ad6b5ad,-1.3548387096774193
c061533333333334,-138.60000000000002
bff22983759f2298,-1.135135135135135
c063f33333333334,-159.60000000000002
bff063e7063e7064,-1.024390243902439
c066933333333333,-180.6
bfef417d05f417d0,-0.9767441860465116
c068266666666667,-193.20000000000002
c068accccccccccd,-197.4
bfec9882b9310572,-0.8936170212765957
c069b9999999999a,-205.8
c0478ccccccccccd,-47.1
c06ac66666666667,-214.20000000000002
c06b4ccccccccccd,-218.4
c06bd33333333334,-222.60000000000002
bfe95bc609a90e7e,-0.7924528301886793
c047b33333333333,-47.4
c06c59999999999a,-226.8
c06ce00000000000,-231.0
bfe86fb586fb5870,-0.7636363636363637
c06d666666666667,-235.20000000000002
c06deccccccccccd,-239.4
c047e66666666666,-47.8
c06e733333333334,-243.60000000000002
c047f33333333333,-47.9
c06ef9999999999a,-247.8
bfe6c797dd49c341,-0.711864406779661
c06f800000000000,-252.0
c02caaaaaaaaaaab,-14.333333333333334
c018924924924925,-6.142857142857143
c0131c71c71c71c7,-4.777777777777778
c029ccccccccccce,-12.900000000000002
c025800000000000,-10.75
c039ccccccccccce,-25.800000000000004
c01caaaaaaaaaaab,-7.166666666666667
c015800000000000,-5.375
c047a66666666667,-47.300000000000004
c00f45d1745d1746,-3.909090909090909
c049ccccccccccce,-51.60000000000001
c00caaaaaaaaaaab,-3.5833333333333335
c00a762762762762,-3.3076923076923075
c04e19999999999a,-60.2
c008924924924925,-3.0714285714285716
c006eeeeeeeeeeef,-2.8666666666666667
c005800000000000,-2.6875
c052466666666667,-73.10000000000001
c0043c3c3c3c3c3c,-2.5294117647058822
c05359999999999a,-77.4
c0031c71c71c71c7,-2.388888888888889
c0021af286bca1af,-2.263157894736842
c001333333333333,-2.15
c000618618618618,-2.0476190476190474
c057a66666666667,-94.60000000000001
bfff45d1745d1746,-1.9545454545454546
c058b9999999999a,-98.9
bffde9bd37a6f4df,-1.8695652173913044
c059ccccccccccce,-103.20000000000002
bffcaaaaaaaaaaab,-1.7916666666666667
bffb851eb851eb85,-1.72
bffa762762762762,-1.6538461538461537
c05d066666666667,-116.10000000000001
bff97b425ed097b4,-1.5925925925925926
c05e19999999999a,-120.4
bff8924924924925,-1.5357142857142858
c05f2cccccccccce,-124.70000000000002
bff7b9611a7b9612,-1.4827586206896552
bff6eeeeeeeeeeef,-1.4333333333333333
c060a9999999999a,-133.3
bff6318c6318c632,-1.3870967741935485
bff5800000000000,-1.34375
bff4d9364d9364d9,-1.303030303030303
c062466666666667,-146.20000000000002
bff43c3c3c3c3c3c,-1.2647058823529411
bff3a83a83a83a84,-1.2285714285714286
c06359999999999a,-154.8
bff31c71c71c71c7,-1.1944444444444444
bff2983759f22983,-1.162162162162162
bff21af286bca1af,-1.131578947368421
c064f66666666667,-167.70000000000002
bff1a41a41a41a42,-1.1025641025641026
bff1333333333333,-1.075
c06609999999999a,-176.3
bff0c7ce0c7ce0c8,-1.048780487804878
bff0618618618618,-1.0238095238095237
c0671ccccccccccd,-184.9
c067a66666666667,-189.20000000000002
bfef45d1745d1746,-0.9772727272727273
c068300000000000,-193.5
bfee93e93e93e93f,-0.9555555555555556
c068b9999999999a,-197.8
bfede9bd37a6f4df,-0.9347826086956522
c069433333333333,-202.1
bfed46cefa8d9df5,-0.9148936170212766
c069ccccccccccce,-206.40000000000003
bfecaaaaaaaaaaab,-0.8958333333333334
c06a566666666667,-210.70000000000002
bfec14e5e0a72f05,-0.8775510204081632
c06ae00000000000,-215.0
bfeb851eb851eb85,-0.86
c06b69999999999a,-219.3
bfeafafafafafafb,-0.8431372549019608
c04819999999999a,-48.2
c06bf33333333333,-223.6
bfea762762762762,-0.8269230769230769
c048266666666666,-48.3
c06c7cccccccccce,-227.90000000000003
bfe9f656f1826a44,-0.8113207547169812
c048333333333333,-48.4
c06d066666666667,-232.20000000000002
bfe97b425ed097b4,-0.7962962962962963
c048400000000000,-48.5
c06d900000000000,-236.5
bfe904a7904a7905,-0.7818181818181819
c06e19999999999a,-240.8
bfe8924924924925,-0.7678571428571429
c04859999999999a,-48.7
c06ea33333333333,-245.1
bfe823ee08fb823f,-0.7543859649122807
c048666666666666,-48.8
c06f2cccccccccce,-249.40000000000003
bfe7b9611a7b9612,-0.7413793103448276
c048733333333333,-48.9
c06fb66666666667,-253.70000000000002
bfe75270d0456c79,-0.7288135593220338
c070200000000000,-258.0
bfe6eeeeeeeeeeef,-0.7166666666666667
c02d555555555555,-14.666666666666666
c019249249249249,-6.285714285714286
c0138e38e38e38e4,-4.888888888888889
c00b13b13b13b13b,-3.3846153846153846
c007777777777777,-2.933333333333333
c004b4b4b4b4b4b5,-2.588235294117647
c00286bca1af286c,-2.3157894736842106
c000c30c30c30c31,-2.0952380952380953
bffe9bd37a6f4dea,-1.9130434782608696
bffc28f5c28f5c29,-1.76
bffa12f684bda12f,-1.6296296296296295
bff8469ee58469ee,-1.5172413793103448
bff6b5ad6b5ad6b6,-1.4193548387096775
bff41d41d41d41d4,-1.2571428571428571
bff306eb3e45306f,-1.1891891891891893
bff20d20d20d20d2,-1.1282051282051282
c0668cccccccccce,-180.40000000000003
bff12bb512bb512c,-1.0731707317073171
c067a66666666666,-189.2
bff05f417d05f418,-1.0232558139534884
c068333333333334,-193.60000000000002
bfef49f49f49f49f,-0.9777777777777777
c0694cccccccccce,-202.40000000000003
c069d9999999999a,-206.8
bfedf51b3bea3678,-0.9361702127659575
c06a666666666668,-211.20000000000005
c06af33333333334,-215.60000000000002
bfecbc14e5e0a72f,-0.8979591836734694
c0488ccccccccccd,-49.1
c06c0cccccccccce,-224.40000000000003
bfeb9b9b9b9b9b9c,-0.8627450980392157
c06c99999999999a,-228.8
c048a66666666666,-49.3
c06d266666666668,-233.20000000000005
bfea90e7d95bc60a,-0.8301886792452831
c06db33333333334,-237.60000000000002
c06e400000000000,-242.0
c06eccccccccccce,-246.40000000000003
c048d9999999999a,-49.7
c06f59999999999a,-250.8
bfe8b3a62ce98b3a,-0.7719298245614035
c048e66666666666,-49.8
c06fe66666666668,-255.20000000000005
c048f33333333333,-49.9
c07039999999999a,-259.6
bfe7dd49c34115b2,-0.7457627118644068
c070800000000000,-264.0
c019b6db6db6db6e,-6.428571428571429
c02b000000000001,-13.500000000000002
c026800000000000,-11.25
c03b000000000001,-27.000000000000004
c03f800000000001,-31.500000000000004
c016800000000000,-5.625
c0105d1745d1745d,-4.090909090909091
c04b000000000001,-54.00000000000001
c00bb13b13b13b14,-3.4615384615384617
c04f800000000001,-63.00000000000001
c009b6db6db6db6e,-3.2142857142857144
c006800000000000,-2.8125
c0052d2d2d2d2d2d,-2.6470588235294117
c002f286bca1af28,-2.3684210526315788
c0005d1745d1745d,-2.0454545454545454
c059e00000000001,-103.50000000000001
bfff4de9bd37a6f5,-1.9565217391304348
c05b000000000001,-108.00000000000001
bffbb13b13b13b14,-1.7307692307692308
c05e600000000001,-121.50000000000001
c05f800000000001,-126.00000000000001
bff9b6db6db6db6e,-1.6071428571428572
c060500000000001,-130.50000000000003
bff8d3dcb08d3dcb,-1.5517241379310345
bff739ce739ce73a,-1.4516129032258065
bff6800000000000,-1.40625
bff52d2d2d2d2d2d,-1.3235294117647058
bff3759f2298375a,-1.2162162162162162
bff2f286bca1af28,-1.1842105263157894
c065f00000000001,-175.50000000000003
c067100000000001,-184.50000000000003
bff18f9c18f9c190,-1.0975609756097562
bff0be82fa0be830,-1.0465116279069768
c068c00000000001,-198.00000000000003
bff05d1745d1745d,-1.0227272727272727
c069500000000000,-202.5
c069e00000000001,-207.00000000000003
bfef4de9bd37a6f5,-0.9782608695652174
c06a700000000000,-211.5
bfeea3677d46cefb,-0.9574468085106383
c06b000000000001,-216.00000000000003
c06b900000000001,-220.50000000000003
bfed6343eb1a1f59,-0.9183673469387755
c06c200000000000,-225.0
c0490ccccccccccd,-50.1
c06cb00000000001,-229.50000000000003
c04919999999999a,-50.2
bfebb13b13b13b14,-0.8653846153846154
c049266666666666,-50.3
c06dd00000000001,-238.50000000000003
bfeb2b78c13521d0,-0.8490566037735849
c06e600000000001,-243.00000000000003
c049400000000000,-50.5
c06ef00000000000,-247.5
c06f800000000001,-252.00000000000003
bfe9b6db6db6db6e,-0.8035714285714286
c070080000000000,-256.5
c049666666666666,-50.8
c070500000000001,-261.00000000000006
bfe8d3dcb08d3dcb,-0.7758620689655172
c049733333333333,-50.9
c070980000000000,-265.5
bfe86822b63cbeea,-0.7627118644067796
c070e00000000000,-270.0
c02eaaaaaaaaaaab,-15.333333333333334
c01a492492492492,-6.571428571428571
c01471c71c71c71c,-5.111111111111111
c010ba2e8ba2e8ba,-4.181818181818182
c00c4ec4ec4ec4ec,-3.5384615384615383
c008888888888889,-3.066666666666667
c005a5a5a5a5a5a6,-2.7058823529411766
c0035e50d79435e5,-2.4210526315789473
c001861861861862,-2.1904761904761907
bffd70a3d70a3d71,-1.84
bffb425ed097b426,-1.7037037037037037
bff9611a7b9611a8,-1.5862068965517242
c061d33333333333,-142.6
bff7bdef7bdef7be,-1.4838709677419355
bff64d9364d9364e,-1.393939393939394
c064200000000000,-161.0
bff5075075075075,-1.3142857142857143
c064b33333333333,-165.6
bff3e45306eb3e45,-1.2432432432432432
c0666ccccccccccd,-179.4
bff2df2df2df2df3,-1.1794871794871795
c067000000000000,-184.0
bff1f3831f3831f4,-1.1219512195121952
c068b99999999999,-197.79999999999998
bff11dc47711dc47,-1.069767441860465
c0694ccccccccccd,-202.4
c069e00000000000,-207.0
bff05b05b05b05b0,-1.0222222222222221
c06a733333333334,-211.60000000000002
c06b066666666667,-216.20000000000002
bfef51b3bea3677d,-0.9787234042553191
c06b99999999999b,-220.80000000000004
c06c2ccccccccccd,-225.4
bfee0a72f0539783,-0.9387755102040817
c06cc00000000000,-230.0
c0498ccccccccccd,-51.1
c06d533333333334,-234.60000000000002
bfecdcdcdcdcdcdd,-0.9019607843137255
c06de66666666667,-239.20000000000002
c049a66666666666,-51.3
c06e79999999999b,-243.80000000000004
bfebc609a90e7d96,-0.8679245283018868
c049b33333333333,-51.4
c06f0ccccccccccd,-248.4
c049c00000000000,-51.5
c06fa00000000000,-253.0
bfeac37dac37dac3,-0.8363636363636363
c049cccccccccccd,-51.6
c07019999999999a,-257.6
c070633333333333,-262.2
bfe9d31674c59d31,-0.8070175438596491
c049e66666666666,-51.8
c070accccccccccd,-266.8
c049f33333333333,-51.9
c070f66666666667,-271.40000000000003
bfe8f2fba9386823,-0.7796610169491526
c071400000000000,-276.0
c02f555555555555,-15.666666666666666
c01adb6db6db6db7,-6.714285714285714
c014e38e38e38e39,-5.222222222222222
c027800000000000,-11.75
c01f555555555555,-7.833333333333333
c040733333333334,-32.900000000000006
c017800000000000,-5.875
c0111745d1745d17,-4.2727272727272725
c00f555555555555,-3.9166666666666665
c00cec4ec4ec4ec5,-3.6153846153846154
c050733333333334,-65.80000000000001
c00adb6db6db6db7,-3.357142857142857
c009111111111111,-3.1333333333333333
c007800000000000,-2.9375
c0061e1e1e1e1e1e,-2.764705882352941
c004e38e38e38e39,-2.611111111111111
c056533333333334,-89.30000000000001
c003ca1af286bca2,-2.473684210526316
c002cccccccccccd,-2.35
c001e79e79e79e7a,-2.238095238095238
c0011745d1745d17,-2.1363636363636362
c000590b21642c86,-2.0434782608695654
bfff555555555555,-1.9583333333333333
bffe147ae147ae14,-1.88
bffcec4ec4ec4ec5,-1.8076923076923077
bffbda12f684bda1,-1.7407407407407407
c060733333333334,-131.60000000000002
bffadb6db6db6db7,-1.6785714285714286
bff9ee58469ee584,-1.6206896551724137
bff9111111111111,-1.5666666666666667
bff8421084210842,-1.5161290322580645
bff7800000000000,-1.46875
c063633333333334,-155.10000000000002
bff6c9b26c9b26ca,-1.4242424242424243
bff61e1e1e1e1e1e,-1.3823529411764706
bff57c57c57c57c5,-1.3428571428571427
bff4e38e38e38e39,-1.3055555555555556
bff45306eb3e4530,-1.2702702702702702
c066533333333334,-178.60000000000002
bff3ca1af286bca2,-1.236842105263158
bff3483483483483,-1.205128205128205
bff2cccccccccccd,-1.175
bff2576a2576a257,-1.146341463414634
bff1e79e79e79e7a,-1.119047619047619
bff17d05f417d05f,-1.0930232558139534
bff11745d1745d17,-1.0681818181818181
bff0b60b60b60b61,-1.0444444444444445
bff0590b21642c86,-1.0217391304347827
c06b9ccccccccccd,-220.9
c06c333333333334,-225.60000000000002
bfef555555555555,-0.9791666666666666
c06cc9999999999a,-230.3
bfeeb1a1f58d0fac,-0.9591836734693877
c06d600000000000,-235.0
bfee147ae147ae14,-0.94
c04a0ccccccccccd,-52.1
c06df66666666667,-239.70000000000002
bfed7d7d7d7d7d7d,-0.9215686274509803
c06e8ccccccccccd,-244.4
bfecec4ec4ec4ec5,-0.9038461538461539
c04a266666666666,-52.3
c06f233333333334,-249.10000000000002
bfec609a90e7d95c,-0.8867924528301887
c04a333333333333,-52.4
c06fb9999999999a,-253.8
bfebda12f684bda1,-0.8703703703703703
c070280000000000,-258.5
bfeb586fb586fb58,-0.8545454545454545
c04a4ccccccccccd,-52.6
c070733333333334,-263.20000000000005
bfeadb6db6db6db7,-0.8392857142857143
c070be6666666667,-267.90000000000003
bfea62ce98b3a62d,-0.8245614035087719
c04a666666666666,-52.8
c07109999999999a,-272.6
bfe9ee58469ee584,-0.8103448275862069
c04a733333333333,-52.9
c07154cccccccccd,-277.3
bfe97dd49c34115b,-0.7966101694915254
c04a800000000000,-53.0
c071a00000000000,-282.0
bfe9111111111111,-0.7833333333333333
c01b6db6db6db6db,-6.857142857142857
c011745d1745d174,-4.363636363636363
c00d89d89d89d89e,-3.6923076923076925
c006969696969697,-2.823529411764706
c00435e50d79435e,-2.526315789473684
c000b21642c8590b,-2.0869565217391304
bffeb851eb851eb8,-1.92
bffa7b9611a7b961,-1.6551724137931034
bff8c6318c6318c6,-1.5483870967741935
bff5f15f15f15f16,-1.3714285714285714
bff4c1bacf914c1c,-1.2972972972972974
c06899999999999a,-196.8
bff2bb512bb512bb,-1.170731707317073
c069cccccccccccc,-206.39999999999998
bff1dc47711dc477,-1.1162790697674418
c06a666666666667,-211.20000000000002
c06b99999999999a,-220.8
bff0572620ae4c41,-1.0212765957446808
c06cccccccccccce,-230.40000000000003
bfef58d0fac687d6,-0.9795918367346939
c06e99999999999a,-244.8
c06f333333333334,-249.60000000000002
c04aa66666666666,-53.3
c06fccccccccccce,-254.40000000000003
bfecfb2b78c13522,-0.9056603773584906
c04ab33333333333,-53.4
c070333333333334,-259.20000000000005
c04ac00000000000,-53.5
bfebed61bed61bed,-0.8727272727272727
c04acccccccccccd,-53.6
c070cccccccccccd,-268.8
c04ad9999999999a,-53.7
c07119999999999a,-273.6
c04ae66666666666,-53.8
c071666666666667,-278.40000000000003
c04af33333333333,-53.9
c071b33333333334,-283.20000000000005
bfea08ad8f2fba94,-0.8135593220338984
c072000000000000,-288.0
c030555555555555,-16.333333333333332
c015c71c71c71c72,-5.444444444444445
c02d666666666668,-14.700000000000003
c028800000000000,-12.25
c03d666666666668,-29.400000000000006
c020555555555555,-8.166666666666666
c018800000000000,-6.125
c011d1745d1745d1,-4.454545454545454
c04d666666666668,-58.80000000000001
c010555555555555,-4.083333333333333
c00e276276276276,-3.769230769230769
c00a222222222222,-3.2666666666666666
c008800000000000,-3.0625
c0070f0f0f0f0f0f,-2.8823529411764706
c005c71c71c71c72,-2.7222222222222223
c004a1af286bca1b,-2.5789473684210527
c00399999999999a,-2.45
c001d1745d1745d1,-2.227272727272727
c05c2cccccccccce,-112.70000000000002
c0010b21642c8591,-2.130434782608696
c05d666666666668,-117.60000000000002
c000555555555555,-2.0416666666666665
bfff5c28f5c28f5c,-1.96
bffe276276276276,-1.8846153846153846
bffd097b425ed098,-1.8148148148148149
bffb08d3dcb08d3e,-1.6896551724137931
bffa222222222222,-1.6333333333333333
bff94a5294a5294a,-1.5806451612903225
bff8800000000000,-1.53125
bff7c1f07c1f07c2,-1.4848484848484849
bff70f0f0f0f0f0f,-1.4411764705882353
bff5c71c71c71c72,-1.3611111111111112
bff5306eb3e45307,-1.3243243243243243
bff4a1af286bca1b,-1.2894736842105263
bff41a41a41a41a4,-1.2564102564102564
bff399999999999a,-1.225
c0691cccccccccce,-200.90000000000003
bff31f3831f3831f,-1.1951219512195121
c06a566666666666,-210.7
bff23b88ee23b88f,-1.1395348837209303
bff1d1745d1745d1,-1.1136363636363635
c06b900000000000,-220.5
bff16c16c16c16c1,-1.0888888888888888
c06c2cccccccccce,-225.40000000000003
bff10b21642c8591,-1.065217391304348
bff0ae4c415c9883,-1.0425531914893618
c06d666666666668,-235.20000000000005
bff0555555555555,-1.0208333333333333
c06e033333333334,-240.10000000000002
c06ea00000000000,-245.0
bfef5c28f5c28f5c,-0.98
c04b0ccccccccccd,-54.1
c06f3cccccccccce,-249.90000000000003
bfeebebebebebebf,-0.9607843137254902
c04b19999999999a,-54.2
c06fd9999999999a,-254.8
bfee276276276276,-0.9423076923076923
c04b266666666666,-54.3
c0703b3333333334,-259.70000000000005
bfed95bc609a90e8,-0.9245283018867925
c04b333333333333,-54.4
c07089999999999a,-264.6
bfed097b425ed098,-0.9074074074074074
c04b400000000000,-54.5
c070d80000000000,-269.5
bfec8253c8253c82,-0.8909090909090909
c071266666666667,-274.40000000000003
c04b59999999999a,-54.7
c07174cccccccccd,-279.3
bfeb823ee08fb824,-0.8596491228070176
c04b666666666666,-54.8
c071c33333333334,-284.20000000000005
bfeb08d3dcb08d3e,-0.8448275862068966
c04b733333333333,-54.9
c07211999999999a,-289.1
bfea9386822b63cc,-0.8305084745762712
c072600000000000,-294.0
bfea222222222222,-0.8166666666666667
c030aaaaaaaaaaab,-16.666666666666668
c01c924924924925,-7.142857142857143
c01638e38e38e38e,-5.555555555555555
c0122e8ba2e8ba2f,-4.545454545454546
c00ec4ec4ec4ec4f,-3.8461538461538463
c007878787878788,-2.9411764705882355
c0050d79435e50d8,-2.6315789473684212
c0030c30c30c30c3,-2.380952380952381
c001642c8590b216,-2.1739130434782608
bffda12f684bda13,-1.8518518518518519
bffb9611a7b9611a,-1.7241379310344827
bff9ce739ce739ce,-1.6129032258064515
bff83e0f83e0f83e,-1.5151515151515151
c065400000000001,-170.00000000000003
bff59f22983759f2,-1.3513513513513513
c068600000000001,-195.00000000000003
bff4834834834835,-1.2820512820512822
c069a00000000001,-205.00000000000003
bff3831f3831f383,-1.2195121951219512
bff29aca6b29aca7,-1.1627906976744187
c06b800000000001,-220.00000000000003
c06cc00000000001,-230.00000000000003
bff10572620ae4c4,-1.0638297872340425
c06e000000000001,-240.00000000000003
c06ea00000000001,-245.00000000000003
bff05397829cbc15,-1.0204081632653061
c06f400000000000,-250.0
c06fe00000000001,-255.00000000000003
bfef5f5f5f5f5f5f,-0.9803921568627451
c070400000000000,-260.0
c04ba66666666666,-55.3
c070900000000001,-265.00000000000006
bfee304d4873ecae,-0.9433962264150944
c04bb33333333333,-55.4
c071300000000000,-275.0
c04bcccccccccccd,-55.6
c071800000000000,-280.0
c04bd9999999999a,-55.7
c071d00000000000,-285.0
bfec11f7047dc11f,-0.8771929824561403
c04be66666666666,-55.8
c072200000000001,-290.00000000000006
c072700000000000,-295.0
bfeb1e5f75270d04,-0.847457627118644
c072c00000000000,-300.0
c01d249249249249,-7.285714285714286
c02e99999999999b,-15.300000000000002
c029800000000000,-12.75
c03e99999999999b,-30.600000000000005
c019800000000000,-6.375
c0128ba2e8ba2e8c,-4.636363636363637
c04e99999999999b,-61.20000000000001
c050933333333333,-66.3
c00f627627627627,-3.923076923076923
c00d249249249249,-3.642857142857143
c009800000000000,-3.1875
c056f33333333333,-91.8
c00579435e50d794,-2.6842105263157894
c004666666666666,-2.55
c0028ba2e8ba2e8c,-2.3181818181818183
c001bd37a6f4de9c,-2.217391304347826
c05e99999999999b,-122.40000000000002
c05fe00000000000,-127.5
c00051eb851eb852,-2.04
c060933333333333,-132.6
bfff627627627627,-1.9615384615384615
bffd249249249249,-1.8214285714285714
bffc234f72c234f7,-1.7586206896551724
c063c33333333333,-158.1
bffa5294a5294a53,-1.6451612903225807
bff9800000000000,-1.59375
c066500000000000,-178.5
bff7507507507507,-1.457142857142857
c066f33333333333,-183.6
bff60dd67c8a60dd,-1.3783783783783783
bff579435e50d794,-1.3421052631578947
c068dccccccccccd,-198.9
bff4666666666666,-1.275
bff3e7063e7063e7,-1.2439024390243902
c06b699999999999,-219.29999999999998
bff2fa0be82fa0bf,-1.186046511627907
c06c0ccccccccccd,-224.4
bff28ba2e8ba2e8c,-1.1590909090909092
c06cb00000000000,-229.5
bff1bd37a6f4de9c,-1.108695652173913
bff15c9882b93105,-1.0851063829787233
c06e99999999999b,-244.80000000000004
c06f3ccccccccccd,-249.9
bff0a72f0539782a,-1.0408163265306123
c06fe00000000000,-255.0
bff051eb851eb852,-1.02
c07041999999999a,-260.1
c04c19999999999a,-56.2
c070933333333333,-265.2
bfef627627627627,-0.9807692307692307
c04c266666666666,-56.3
c070e4cccccccccd,-270.3
bfeecade304d4874,-0.9622641509433962
c04c333333333333,-56.4
c071366666666667,-275.40000000000003
c04c400000000000,-56.5
c071880000000000,-280.5
bfedac37dac37dac,-0.9272727272727272
c04c4ccccccccccd,-56.6
c071d9999999999a,-285.6
bfed249249249249,-0.9107142857142857
c0722b3333333333,-290.7
c04c666666666666,-56.8
c0727ccccccccccd,-295.8
bfec234f72c234f7,-0.8793103448275862
c04c733333333333,-56.9
c072ce6666666667,-300.90000000000003
bfeba9386822b63d,-0.864406779661017
c073200000000000,-306.0
c031555555555555,-17.333333333333332
c01db6db6db6db6e,-7.428571428571429
c0171c71c71c71c7,-5.777777777777778
c012e8ba2e8ba2e9,-4.7272727272727275
c00bbbbbbbbbbbbc,-3.466666666666667
c008787878787878,-3.0588235294117645
c005e50d79435e51,-2.736842105263158
c003cf3cf3cf3cf4,-2.4761904761904763
c0021642c8590b21,-2.260869565217391
c000a3d70a3d70a4,-2.08
bffed097b425ed09,-1.9259259259259258
bffcb08d3dcb08d4,-1.793103448275862
bffad6b5ad6b5ad7,-1.6774193548387097
bff9364d9364d936,-1.5757575757575757
bff7c57c57c57c58,-1.4857142857142858
bff67c8a60dd67c9,-1.4054054054054055
c068b33333333334,-197.60000000000002
bff44aed44aed44b,-1.2682926829268293
bff3594d653594d6,-1.2093023255813953
bff27d27d27d27d2,-1.1555555555555554
bff1b3bea3677d47,-1.1063829787234043
bff0fac687d6343f,-1.0612244897959184
c04c8ccccccccccd,-57.1
c070933333333334,-265.20000000000005
bff0505050505050,-1.0196078431372548
c070e66666666667,-270.40000000000003
c04ca66666666666,-57.3
c07139999999999a,-275.6
bfef656f1826a43a,-0.9811320754716981
c04cb33333333333,-57.4
c0718ccccccccccd,-280.8
c071e00000000000,-286.0
bfee4129e4129e41,-0.9454545454545454
c072333333333334,-291.20000000000005
c04cd9999999999a,-57.7
c072866666666667,-296.40000000000003
bfed31674c59d316,-0.9122807017543859
c04ce66666666666,-57.8
c072d9999999999a,-301.6
c04cf33333333333,-57.9
c0732ccccccccccd,-306.8
bfec34115b1e5f75,-0.8813559322033898
c073800000000000,-312.0
c031aaaaaaaaaaab,-17.666666666666668
c01e492492492492,-7.571428571428571
c0178e38e38e38e4,-5.888888888888889
c02a800000000000,-13.25
c021aaaaaaaaaaab,-8.833333333333334
c01a800000000000,-6.625
c04d266666666667,-58.300000000000004
c01345d1745d1746,-4.818181818181818
c011aaaaaaaaaaab,-4.416666666666667
c0104ec4ec4ec4ec,-4.076923076923077
c0528ccccccccccd,-74.2
c00e492492492492,-3.7857142857142856
c053e00000000000,-79.5
c00c444444444444,-3.533333333333333
c00a800000000000,-3.3125
c008f0f0f0f0f0f1,-3.1176470588235294
c0078e38e38e38e4,-2.9444444444444446
c0592ccccccccccd,-100.7
c00650d79435e50d,-2.789473684210526
c05a800000000000,-106.0
c005333333333333,-2.65
c00430c30c30c30c,-2.5238095238095237
c05d266666666667,-116.60000000000001
c00345d1745d1746,-2.409090909090909
c0026f4de9bd37a7,-2.3043478260869565
c001aaaaaaaaaaab,-2.2083333333333335
c060900000000000,-132.5
c000f5c28f5c28f6,-2.12
c0004ec4ec4ec4ec,-2.0384615384615383
bfff684bda12f685,-1.962962962962963
c0628ccccccccccd,-148.4
bffe492492492492,-1.8928571428571428
bffd3dcb08d3dcb1,-1.8275862068965518
c063e00000000000,-159.0
bffc444444444444,-1.7666666666666666
bffb5ad6b5ad6b5b,-1.7096774193548387
bffa800000000000,-1.65625
c065dccccccccccd,-174.9
bff9b26c9b26c9b2,-1.606060606060606
bff8f0f0f0f0f0f1,-1.5588235294117647
c067300000000000,-185.5
bff83a83a83a83a8,-1.5142857142857142
bff78e38e38e38e4,-1.4722222222222223
bff6eb3e45306eb4,-1.4324324324324325
c0692ccccccccccd,-201.4
bff650d79435e50d,-1.394736842105263
bff5be5be5be5be6,-1.358974358974359
c06a800000000000,-212.0
bff5333333333333,-1.325
bff4aed44aed44af,-1.2926829268292683
bff430c30c30c30c,-1.2619047619047619
c06c7ccccccccccc,-227.89999999999998
bff3b88ee23b88ee,-1.2325581395348837
c06d266666666667,-233.20000000000002
bff345d1745d1746,-1.2045454545454546
c06dd00000000000,-238.5
bff2d82d82d82d83,-1.1777777777777778
bff26f4de9bd37a7,-1.1521739130434783
bff20ae4c415c988,-1.127659574468085
bff1aaaaaaaaaaab,-1.1041666666666667
bff14e5e0a72f054,-1.0816326530612246
c070900000000000,-265.0
bff0f5c28f5c28f6,-1.06
c04d0ccccccccccd,-58.1
bff0a0a0a0a0a0a1,-1.0392156862745099
c04d19999999999a,-58.2
bff04ec4ec4ec4ec,-1.0192307692307692
c04d266666666666,-58.3
c0718e6666666667,-280.90000000000003
c04d333333333333,-58.4
c071e33333333334,-286.20000000000005
bfef684bda12f685,-0.9814814814814815
c072380000000000,-291.5
bfeed61bed61bed6,-0.9636363636363636
c04d4ccccccccccd,-58.6
c0728ccccccccccd,-296.8
bfee492492492492,-0.9464285714285714
c04d59999999999a,-58.7
c072e1999999999a,-302.1
bfedc11f7047dc12,-0.9298245614035088
c04d666666666666,-58.8
c073366666666667,-307.40000000000003
bfed3dcb08d3dcb1,-0.9137931034482759
c0738b3333333334,-312.70000000000005
bfecbeea4e1a08ae,-0.8983050847457628
c073e00000000000,-318.0
bfec444444444444,-0.8833333333333333
c01edb6db6db6db7,-7.714285714285714
c013a2e8ba2e8ba3,-4.909090909090909
c0109d89d89d89d9,-4.153846153846154
c009696969696969,-3.176470588235294
c006bca1af286bca,-2.8421052631578947
c002c8590b21642d,-2.347826086956522
c00147ae147ae148,-2.16
bffdcb08d3dcb08d,-1.8620689655172413
bffbdef7bdef7bdf,-1.7419354838709677
bff8af8af8af8af9,-1.542857142857143
bff759f22983759f,-1.4594594594594594
c06bacccccccccce,-221.40000000000003
bff512bb512bb513,-1.3170731707317074
c06d066666666666,-232.2
bff417d05f417d06,-1.255813953488372
c06e600000000000,-243.0
c06f0cccccccccce,-248.40000000000003
bff2620ae4c415ca,-1.148936170212766
bff1a1f58d0fac68,-1.1020408163265305
c04d8ccccccccccd,-59.1
c04da66666666666,-59.3
bff04d4873ecade3,-1.0188679245283019
c07239999999999a,-291.6
c072900000000000,-297.0
bfef6b0df6b0df6b,-0.9818181818181818
c04dcccccccccccd,-59.6
c072e66666666667,-302.40000000000003
c04dd9999999999a,-59.7
c0733ccccccccccd,-307.8
c04de66666666666,-59.8
c073933333333334,-313.20000000000005
c04df33333333333,-59.9
c073e9999999999a,-318.6
bfed49c34115b1e6,-0.9152542372881356
c074400000000000,-324.0
c032555555555555,-18.333333333333332
c01f6db6db6db6db,-7.857142857142857
c01871c71c71c71c,-6.111111111111111
c030800000000001,-16.500000000000004
c02b800000000000,-13.75
c040800000000001,-33.00000000000001
c022555555555555,-9.166666666666666
c043400000000001,-38.50000000000001
c01b800000000000,-6.875
c04e400000000001,-60.50000000000001
c050800000000001,-66.00000000000001
c012555555555555,-4.583333333333333
c010ec4ec4ec4ec5,-4.230769230769231
c053400000000001,-77.00000000000001
c00f6db6db6db6db,-3.9285714285714284
c00b800000000000,-3.4375
c057600000000001,-93.50000000000001
c009e1e1e1e1e1e2,-3.235294117647059
c00871c71c71c71c,-3.0555555555555554
c05a200000000001,-104.50000000000001
c007286bca1af287,-2.8947368421052633
c004f3cf3cf3cf3d,-2.619047619047619
c05e400000000001,-121.00000000000001
c05fa00000000001,-126.50000000000001
c00321642c8590b2,-2.391304347826087
c060800000000001,-132.00000000000003
c002555555555555,-2.2916666666666665
c000ec4ec4ec4ec5,-2.1153846153846154
c0004bda12f684be,-2.037037037037037
c063400000000001,-154.00000000000003
bfff6db6db6db6db,-1.9642857142857142
c063f00000000001,-159.50000000000003
bffe58469ee5846a,-1.896551724137931
bffc6318c6318c63,-1.7741935483870968
bffb800000000000,-1.71875
c066b00000000001,-181.50000000000003
c067600000000001,-187.00000000000003
bff9e1e1e1e1e1e2,-1.6176470588235294
bff871c71c71c71c,-1.5277777777777777
bff7c8a60dd67c8a,-1.4864864864864864
c06a200000000001,-209.00000000000003
bff7286bca1af287,-1.4473684210526316
c06ad00000000001,-214.50000000000003
bff6906906906907,-1.4102564102564104
c06c300000000001,-225.50000000000003
bff576a2576a2577,-1.3414634146341464
bff4f3cf3cf3cf3d,-1.3095238095238095
bff47711dc47711e,-1.2790697674418605
c06e400000000001,-242.00000000000003
c06fa00000000001,-253.00000000000003
bff321642c8590b2,-1.1956521739130435
bff2b9310572620b,-1.1702127659574468
c070800000000001,-264.00000000000006
bff2555555555555,-1.1458333333333333
bff1f58d0fac687d,-1.1224489795918366
c04e0ccccccccccd,-60.1
c071880000000001,-280.50000000000006
bff1414141414141,-1.0784313725490196
bff0ec4ec4ec4ec5,-1.0576923076923077
c04e266666666666,-60.3
c072380000000001,-291.50000000000006
bff09a90e7d95bc6,-1.0377358490566038
c04e333333333333,-60.4
bff04bda12f684be,-1.0185185185185186
c072e80000000000,-302.5
c04e4ccccccccccd,-60.6
c073400000000001,-308.00000000000006
bfef6db6db6db6db,-0.9821428571428571
c04e59999999999a,-60.7
c073980000000000,-313.5
bfeee08fb823ee09,-0.9649122807017544
c04e666666666666,-60.8
c073f00000000001,-319.00000000000006
bfee58469ee5846a,-0.9482758620689655
c04e733333333333,-60.9
c074480000000000,-324.5
bfedd49c34115b1e,-0.9322033898305084
c04e800000000000,-61.0
c074a00000000000,-330.0
c032aaaaaaaaaaab,-18.666666666666668
c018e38e38e38e39,-6.222222222222222
c0145d1745d1745d,-5.090909090909091
c0113b13b13b13b1,-4.3076923076923075
c00dddddddddddde,-3.7333333333333334
c00a5a5a5a5a5a5a,-3.2941176470588234
c0079435e50d7943,-2.9473684210526314
c0037a6f4de9bd38,-2.4347826086956523
c001eb851eb851ec,-2.24
c00097b425ed097b,-2.074074074074074
bffee58469ee5847,-1.9310344827586208
c065b33333333333,-173.6
bffce739ce739ce7,-1.8064516129032258
bffb26c9b26c9b27,-1.696969696969697
c067ccccccccccce,-190.40000000000003
c069333333333333,-201.6
bff83759f2298376,-1.5135135135135136
bff6f96f96f96f97,-1.435897435897436
c06c000000000000,-224.0
bff5da895da895db,-1.3658536585365855
c06e199999999999,-240.79999999999998
bff4d653594d6536,-1.302325581395349
bff3e93e93e93e94,-1.2444444444444445
c070733333333333,-263.2
bff310572620ae4c,-1.1914893617021276
c070ccccccccccce,-268.80000000000007
bff1919191919192,-1.0980392156862746
c072333333333333,-291.2
c04ea66666666666,-61.3
c0728cccccccccce,-296.80000000000007
bff0e7d95bc609a9,-1.0566037735849056
c04eb33333333333,-61.4
c073400000000000,-308.0
bff04a7904a7904a,-1.018181818181818
c04ecccccccccccd,-61.6
c07399999999999a,-313.6
c04ed9999999999a,-61.7
c073f33333333333,-319.2
bfef7047dc11f704,-0.9824561403508771
c04ee66666666666,-61.8
c0744cccccccccce,-324.80000000000007
c04ef33333333333,-61.9
c074a66666666667,-330.40000000000003
bfee5f75270d0457,-0.9491525423728814
c075000000000000,-336.0
c020492492492492,-8.142857142857142
c02c800000000000,-14.25
c01c800000000000,-7.125
c014ba2e8ba2e8ba,-5.181818181818182
c01189d89d89d89e,-4.384615384615385
c010492492492492,-4.071428571428571
c00c800000000000,-3.5625
c00ad2d2d2d2d2d3,-3.3529411764705883
c05b133333333334,-108.30000000000001
c006cccccccccccd,-2.85
c004ba2e8ba2e8ba,-2.590909090909091
c060633333333334,-131.10000000000002
c003d37a6f4de9bd,-2.4782608695652173
c0023d70a3d70a3d,-2.28
c00189d89d89d89e,-2.1923076923076925
c000492492492492,-2.0357142857142856
bfff72c234f72c23,-1.9655172413793103
bffd6b5ad6b5ad6b,-1.8387096774193548
bffc800000000000,-1.78125
c067833333333334,-188.10000000000002
bffad2d2d2d2d2d3,-1.6764705882352942
bffa0ea0ea0ea0ea,-1.6285714285714286
bff8a60dd67c8a61,-1.5405405405405406
c06b133333333334,-216.60000000000002
bff6cccccccccccd,-1.425
bff63e7063e7063e,-1.3902439024390243
bff53594d653594d,-1.3255813953488371
bff4ba2e8ba2e8ba,-1.2954545454545454
c070633333333334,-262.20000000000005
bff3d37a6f4de9bd,-1.2391304347826086
bff3677d46cefa8e,-1.2127659574468086
bff29cbc14e5e0a7,-1.163265306122449
bff23d70a3d70a3d,-1.14
c0722b3333333334,-290.70000000000005
c04f19999999999a,-62.2
bff189d89d89d89e,-1.0961538461538463
c04f266666666666,-62.3
bff13521cfb2b78c,-1.0754716981132075
c04f333333333333,-62.4
bff094f2094f2095,-1.0363636363636364
c04f4ccccccccccd,-62.6
c073f33333333334,-319.20000000000005
bff0492492492492,-1.0178571428571428
c0744e6666666667,-324.90000000000003
c04f666666666666,-62.8
c074a9999999999a,-330.6
bfef72c234f72c23,-0.9827586206896551
c04f733333333333,-62.9
c07504cccccccccd,-336.3
bfeeea4e1a08ad8f,-0.9661016949152542
c075600000000000,-342.0
c033555555555555,-19.333333333333332
c020924924924925,-8.285714285714286
c019c71c71c71c72,-6.444444444444445
c0151745d1745d17,-5.2727272727272725
c011d89d89d89d8a,-4.461538461538462
c00eeeeeeeeeeeef,-3.8666666666666667
c00b4b4b4b4b4b4b,-3.411764705882353
c0086bca1af286bd,-3.0526315789473686
c006186186186186,-2.761904761904762
c0042c8590b21643,-2.5217391304347827
c0028f5c28f5c28f,-2.32
c0012f684bda12f7,-2.1481481481481484
bffdef7bdef7bdef,-1.8709677419354838
c067eccccccccccd,-191.4
bffc1f07c1f07c1f,-1.7575757575757576
c069600000000000,-203.0
bffa83a83a83a83b,-1.6571428571428573
bff914c1bacf914c,-1.5675675675675675
c06b8ccccccccccd,-220.4
bff7cb7cb7cb7cb8,-1.4871794871794872
c06d000000000000,-232.0
bff6a2576a2576a2,-1.4146341463414633
c06f2ccccccccccc,-249.39999999999998
bff594d653594d65,-1.3488372093023255
c06fe66666666667,-255.20000000000002
c070500000000000,-261.0
bff49f49f49f49f5,-1.288888888888889
bff3bea3677d46cf,-1.2340425531914894
bff2f05397829cbc,-1.183673469387755
c072200000000000,-290.0
c04f8ccccccccccd,-63.1
bff2323232323232,-1.1372549019607843
c04f99999999999a,-63.2
c04fa66666666666,-63.3
bff1826a439f656f,-1.0943396226415094
c04fb33333333333,-63.4
c04fc00000000000,-63.5
c073f00000000000,-319.0
bff0df6b0df6b0df,-1.0545454545454545
c04fcccccccccccd,-63.6
c0744ccccccccccd,-324.8
bff047dc11f7047e,-1.0175438596491229
c04fe66666666666,-63.8
c075066666666667,-336.40000000000003
c04ff33333333333,-63.9
c075633333333334,-342.20000000000005
bfef75270d0456c8,-0.9830508474576272
c075c00000000000,-348.0
c033aaaaaaaaaaab,-19.666666666666668
c020db6db6db6db7,-8.428571428571429
c01a38e38e38e38e,-6.555555555555555
c02d800000000000,-14.75
c023aaaaaaaaaaab,-9.833333333333334
c01d800000000000,-7.375
c015745d1745d174,-5.363636363636363
c013aaaaaaaaaaab,-4.916666666666667
c012276276276276,-4.538461538461538
c010db6db6db6db7,-4.214285714285714
c00f777777777777,-3.933333333333333
c00d800000000000,-3.6875
c00bc3c3c3c3c3c4,-3.4705882352941178
c00a38e38e38e38e,-3.2777777777777777
c008d79435e50d79,-3.1052631578947367
c00799999999999a,-2.95
c00679e79e79e79e,-2.8095238095238093
c005745d1745d174,-2.6818181818181817
c0048590b21642c8,-2.5652173913043477
c003aaaaaaaaaaab,-2.4583333333333335
c002e147ae147ae1,-2.36
c002276276276276,-2.269230769230769
c0017b425ed097b4,-2.185185185185185
c000db6db6db6db7,-2.107142857142857
c000469ee58469ee,-2.0344827586206895
bfff777777777777,-1.9666666666666666
bffe739ce739ce74,-1.903225806451613
bffd800000000000,-1.84375
bffc9b26c9b26c9b,-1.7878787878787878
bffbc3c3c3c3c3c4,-1.7352941176470589
bffaf8af8af8af8b,-1.6857142857142857
bffa38e38e38e38e,-1.6388888888888888
bff983759f229837,-1.5945945945945945
bff8d79435e50d79,-1.5526315789473684
bff8348348348348,-1.5128205128205128
bff799999999999a,-1.475
c06e3cccccccccce,-241.90000000000003
bff7063e7063e706,-1.4390243902439024
bff679e79e79e79e,-1.4047619047619047
c06fb66666666666,-253.7
bff5f417d05f417d,-1.372093023255814
bff5745d1745d174,-1.3409090909090908
bff4fa4fa4fa4fa5,-1.3111111111111111
bff48590b21642c8,-1.2826086956521738
bff415c9882b9310,-1.2553191489361701
bff3aaaaaaaaaaab,-1.2291666666666667
bff343eb1a1f58d1,-1.2040816326530612
bff2e147ae147ae1,-1.18
c050066666666666,-64.1
bff2828282828283,-1.1568627450980393
c0500ccccccccccd,-64.2
bff2276276276276,-1.1346153846153846
c050133333333333,-64.3
bff1cfb2b78c1352,-1.1132075471698113
bff17b425ed097b4,-1.0925925925925926
bff129e4129e412a,-1.0727272727272728
c050266666666666,-64.6
bff0db6db6db6db7,-1.0535714285714286
c0502ccccccccccd,-64.7
bff08fb823ee08fc,-1.0350877192982457
bff0469ee58469ee,-1.0172413793103448
c075c1999999999a,-348.1
c076200000000000,-354.0
bfef777777777777,-0.9833333333333333
c021249249249249,-8.571428571428571
c015d1745d1745d1,-5.454545454545454
c012762762762762,-4.615384615384615
c00c3c3c3c3c3c3c,-3.5294117647058822
c009435e50d79436,-3.1578947368421053
c004de9bd37a6f4e,-2.608695652173913
c0008d3dcb08d3dd,-2.0689655172413794
bffef7bdef7bdef8,-1.935483870967742
bff9f22983759f23,-1.6216216216216217
c06c800000000001,-228.00000000000003
c06d400000000001,-234.00000000000003
c06ec00000000001,-246.00000000000003
bff76a2576a2576a,-1.4634146341463414
bff653594d653595,-1.3953488372093024
c071400000000001,-276.00000000000006
bff46cefa8d9df52,-1.2765957446808511
c072000000000001,-288.00000000000006
bff397829cbc14e6,-1.2244897959183674
c050466666666666,-65.1
c073200000000001,-306.00000000000006
c0504ccccccccccd,-65.2
c050533333333333,-65.3
c073e00000000001,-318.00000000000006
bff21cfb2b78c135,-1.1320754716981132
c05059999999999a,-65.4
c050600000000000,-65.5
c050666666666666,-65.6
c075000000000001,-336.00000000000006
c0506ccccccccccd,-65.7
c075c00000000001,-348.00000000000006
c05079999999999a,-65.9
bff0456c797dd49c,-1.0169491525423728
c076800000000000,-360.0
c009333333333334,-3.1500000000000004
bff37ced916872b0,-1.218
bff46a7ef9db22d1,-1.276
c00b999999999999,-3.4499999999999997
bff55810624dd2f1,-1.3339999999999999
bff645a1cac08312,-1.392
bff547ae147ae148,-1.33
c00547ae147ae148,-2.66
c00feb851eb851ec,-3.99
bff8af4f0d844d01,-1.5428
bffbd70a3d70a3d6,-1.7399999999999998
c0003d70a3d70a3d,-2.03
c001a1cac083126e,-2.2039999999999997
bfffd70a3d70a3d7,-1.99
c00fd70a3d70a3d7,-3.98
c017e147ae147ae1,-5.97
c002779a6b50b0f2,-2.3084
c018999999999999,-6.1499999999999995
c0030624dd2f1a9f,-2.3779999999999997
c0037ced916872b0,-2.436
c019cccccccccccc,-6.449999999999999
c003f3b645a1cac0,-2.4939999999999998
c0046a7ef9db22d1,-2.552
c004e147ae147ae1,-2.61
c002a3d70a3d70a4,-2.33
c012a3d70a3d70a4,-4.66
c01bf5c28f5c28f6,-6.99
c0059f559b3d07c8,-2.7028
c009851eb851eb85,-3.19
c00ae978d4fdf3b6,-3.364
c007eb851eb851ec,-2.99
c017eb851eb851ec,-5.98
c021f0a3d70a3d71,-8.97
c00bbf487fcb923a,-3.4684
c00bd70a3d70a3d6,-3.4799999999999995
c008666666666666,-3.05
c0224ccccccccccc,-9.149999999999999
c00c4dd2f1a9fbe6,-3.5379999999999994
c00cc49ba5e353f7,-3.5959999999999996
c009333333333333,-3.15
c022e66666666666,-9.45
c00d3b645a1cac07,-3.6539999999999995
c00db22d0e560418,-3.7119999999999997
c00e28f5c28f5c28,-3.7699999999999996
c00aa3d70a3d70a4,-3.33
c01aa3d70a3d70a4,-6.66
c023fae147ae147b,-9.99
c00ee703afb7e910,-3.8628
c0103d70a3d70a3d,-4.06
c011666666666666,-4.35
c012189374bc6a7f,-4.524
c01feb851eb851ec,-7.98
c027f0a3d70a3d71,-11.97
c012837b4a2339c1,-4.6284
c0128f5c28f5c28f,-4.64
c010333333333333,-4.05
c0284ccccccccccc,-12.149999999999999
c012cac083126e97,-4.6979999999999995
c028999999999999,-12.299999999999999
c0130624dd2f1a9f,-4.755999999999999
c01099999999999a,-4.15
c028e66666666667,-12.450000000000001
c0134189374bc6a8,-4.814
c0137ced916872b0,-4.872
c013b851eb851eb8,-4.93
c01151eb851eb852,-4.33
c02151eb851eb852,-8.66
c029fae147ae147b,-12.99
c0141758e219652c,-5.0228
c014e147ae147ae1,-5.22
c0160a3d70a3d70a,-5.51
c016bc6a7ef9db23,-5.684
c013f5c28f5c28f6,-4.99
c023f5c28f5c28f6,-9.98
c02df0a3d70a3d71,-14.97
c01727525460aa65,-5.7884
c014333333333333,-5.05
c02e4ccccccccccc,-15.149999999999999
c0176e978d4fdf3b,-5.858
c02e999999999999,-15.299999999999999
c017a9fbe76c8b43,-5.9159999999999995
c01499999999999a,-5.15
c02ee66666666667,-15.450000000000001
c017e5604189374c,-5.974
c01820c49ba5e354,-6.032
c02f800000000000,-15.75
c0185c28f5c28f5c,-6.09
c01551eb851eb852,-5.33
c02551eb851eb852,-10.66
c02ffae147ae147b,-15.99
c018bb2fec56d5cf,-6.182799999999999
c019851eb851eb85,-6.38
c031400000000000,-17.25
c01aae147ae147ae,-6.67
c01b604189374bc7,-6.844
c017f5c28f5c28f6,-5.99
c027f5c28f5c28f6,-11.98
c031f851eb851eb8,-17.97
c01bcb295e9e1b08,-6.9483999999999995
c01bd70a3d70a3d6,-6.959999999999999
c018333333333333,-6.05
c032266666666666,-18.15
c01c126e978d4fde,-7.017999999999999
c0324ccccccccccc,-18.299999999999997
c01c4dd2f1a9fbe6,-7.075999999999999
c01899999999999a,-6.15
c032733333333334,-18.450000000000003
c01c89374bc6a7f0,-7.134
c01cc49ba5e353f7,-7.191999999999999
c032c00000000000,-18.75
c01cffffffffffff,-7.249999999999999
c01951eb851eb852,-6.33
c02951eb851eb852,-12.66
c032fd70a3d70a3e,-18.990000000000002
c01d5f06f6944673,-7.3427999999999995
c01e28f5c28f5c28,-7.539999999999999
c034400000000000,-20.25
c01f51eb851eb851,-7.829999999999999
c020020c49ba5e35,-8.004
c02bf5c28f5c28f6,-13.98
c034f851eb851eb8,-20.97
c0203780346dc5d6,-8.1084
c0203d70a3d70a3d,-8.12
c01c333333333333,-7.05
c035266666666666,-21.15
c0205b22d0e56041,-8.177999999999999
c0354ccccccccccc,-21.299999999999997
c02078d4fdf3b645,-8.235999999999999
c01c99999999999a,-7.15
c035733333333334,-21.450000000000003
c02096872b020c4a,-8.294
c020b4395810624e,-8.352
c035c00000000000,-21.75
c020d1eb851eb852,-8.41
c01d51eb851eb852,-7.33
c02d51eb851eb852,-14.66
c035fd70a3d70a3e,-21.990000000000002
c021016f0068db8b,-8.502799999999999
c037400000000000,-23.25
c021fae147ae147b,-8.99
c037b33333333334,-23.700000000000003
c02253f7ced91687,-9.164
c01ff5c28f5c28f6,-7.99
c02ff5c28f5c28f6,-15.98
c037f851eb851eb8,-23.97
c022896bb98c7e28,-9.2684
c0228f5c28f5c28f,-9.28
c02019999999999a,-8.05
c038266666666667,-24.150000000000002
c022ad0e56041894,-9.338000000000001
c0384ccccccccccc,-24.299999999999997
c022cac083126e97,-9.395999999999999
c0204ccccccccccd,-8.15
c038733333333334,-24.450000000000003
c022e872b020c49c,-9.454
c038999999999999,-24.599999999999998
c0230624dd2f1a9f,-9.511999999999999
c038c00000000000,-24.75
c02323d70a3d70a3,-9.569999999999999
c020a8f5c28f5c29,-8.33
c030a8f5c28f5c29,-16.66
c038fd70a3d70a3e,-24.990000000000002
c023535a858793dd,-9.662799999999999
c023b851eb851eb8,-9.86
c03a400000000000,-26.25
c0244ccccccccccc,-10.149999999999999
c03ab33333333334,-26.700000000000003
c024a5e353f7ced9,-10.324
c031fae147ae147b,-17.98
c03af851eb851eb8,-26.97
c024db573eab367a,-10.4284
c024e147ae147ae1,-10.44
c02219999999999a,-9.05
c03b266666666667,-27.150000000000002
c024fef9db22d0e5,-10.498
c03b4ccccccccccc,-27.299999999999997
c0251cac083126e9,-10.556
c0224ccccccccccd,-9.15
c03b733333333334,-27.450000000000003
c0253a5e353f7ced,-10.613999999999999
c03b999999999999,-27.599999999999998
c0255810624dd2f1,-10.671999999999999
c03bc00000000000,-27.75
c02575c28f5c28f5,-10.729999999999999
c022a8f5c28f5c29,-9.33
c032a8f5c28f5c29,-18.66
c03bfd70a3d70a3e,-27.990000000000002
c025a5460aa64c2f,-10.822799999999999
c0260a3d70a3d70a,-11.02
c03d400000000000,-29.25
c0269eb851eb851e,-11.309999999999999
c026f7ced916872b,-11.484
c033fae147ae147b,-19.98
c03df851eb851eb8,-29.97
c0272d42c3c9eecc,-11.5884
c02419999999999a,-10.05
c03e266666666667,-30.150000000000002
c02750e560418937,-11.658
c03e4ccccccccccc,-30.299999999999997
c0276e978d4fdf3b,-11.716
c0244ccccccccccd,-10.15
c03e733333333334,-30.450000000000003
c0278c49ba5e353f,-11.774
c03e999999999999,-30.599999999999998
c027a9fbe76c8b43,-11.831999999999999
c03ec00000000000,-30.75
c027c7ae147ae147,-11.889999999999999
c024a8f5c28f5c29,-10.33
c034a8f5c28f5c29,-20.66
c03efd70a3d70a3e,-30.990000000000002
c027f7318fc50481,-11.9828
c0285c28f5c28f5c,-12.18
c040200000000000,-32.25
c028f0a3d70a3d70,-12.469999999999999
c02949ba5e353f7d,-12.644
c025fae147ae147b,-10.99
c035fae147ae147b,-21.98
c0407c28f5c28f5c,-32.97
c0297f2e48e8a71e,-12.7484
c029851eb851eb85,-12.76
c02619999999999a,-11.05
c040933333333334,-33.150000000000006
c029a2d0e5604189,-12.818
c029c083126e978d,-12.876
c0264ccccccccccd,-11.15
c040b9999999999a,-33.45
c029de353f7ced91,-12.934
c040cccccccccccc,-33.599999999999994
c029fbe76c8b4395,-12.991999999999999
c040e00000000000,-33.75
c02a199999999999,-13.049999999999999
c026a8f5c28f5c29,-11.33
c036a8f5c28f5c29,-22.66
c040feb851eb851f,-33.99
c02a491d14e3bcd3,-13.1428
c02aae147ae147ae,-13.34
c041a00000000000,-35.25
c02b428f5c28f5c2,-13.629999999999999
c02b9ba5e353f7cf,-13.804
c027fae147ae147b,-11.99
c037fae147ae147b,-23.98
c041fc28f5c28f5c,-35.97
c02bd119ce075f6f,-13.908399999999999
c02bd70a3d70a3d6,-13.919999999999998
c02819999999999a,-12.05
c042133333333334,-36.150000000000006
c02bf4bc6a7ef9db,-13.978
c02c126e978d4fde,-14.035999999999998
c0284ccccccccccd,-12.15
c04239999999999a,-36.45
c02c3020c49ba5e3,-14.094
c0424ccccccccccc,-36.599999999999994
c02c4dd2f1a9fbe6,-14.151999999999997
c042600000000000,-36.75
c02c6b851eb851eb,-14.209999999999999
c028a8f5c28f5c29,-12.33
c038a8f5c28f5c29,-24.66
c0427eb851eb851f,-36.99
c02c9b089a027525,-14.3028
c02cffffffffffff,-14.499999999999998
c043200000000000,-38.25
c02d947ae147ae14,-14.79
c02ded916872b020,-14.963999999999999
c039fae147ae147b,-25.98
c0437c28f5c28f5c,-38.97
c02e2305532617c1,-15.068399999999999
c02e28f5c28f5c28,-15.079999999999998
c02a19999999999a,-13.05
c043933333333334,-39.150000000000006
c02e46a7ef9db22d,-15.138
c02e645a1cac0830,-15.195999999999998
c02a4ccccccccccd,-13.15
c043b9999999999a,-39.45
c02e820c49ba5e35,-15.254
c043cccccccccccc,-39.599999999999994
c02e9fbe76c8b438,-15.311999999999998
c043e00000000000,-39.75
c02ebd70a3d70a3d,-15.37
c02aa8f5c28f5c29,-13.33
c03aa8f5c28f5c29,-26.66
c043feb851eb851f,-39.99
c02eecf41f212d77,-15.4628
c02f51eb851eb851,-15.659999999999998
c044a00000000000,-41.25
c02fe66666666666,-15.95
c0301fbe76c8b439,-16.124
c02bfae147ae147b,-13.99
c03bfae147ae147b,-27.98
c044fc28f5c28f5c,-41.97
c0303a786c22680a,-16.2284
c0303d70a3d70a3d,-16.24
c02c19999999999a,-14.05
c045133333333334,-42.150000000000006
c0304c49ba5e353f,-16.298
c0305b22d0e56041,-16.355999999999998
c02c4ccccccccccd,-14.15
c04539999999999a,-42.45
c03069fbe76c8b43,-16.413999999999998
c0454ccccccccccc,-42.599999999999994
c03078d4fdf3b645,-16.471999999999998
c045600000000000,-42.75
c03087ae147ae147,-16.529999999999998
c02ca8f5c28f5c29,-14.33
c03ca8f5c28f5c29,-28.66
c0457eb851eb851f,-42.99
c0309f6fd21ff2e4,-16.622799999999998
c030d1eb851eb852,-16.82
c046200000000000,-44.25
c0311c28f5c28f5c,-17.11
c03148b439581062,-17.284
c02dfae147ae147b,-14.99
c03dfae147ae147b,-29.98
c0467c28f5c28f5c,-44.97
c031636e2eb1c433,-17.3884
c02e19999999999a,-15.05
c046933333333334,-45.150000000000006
c031753f7ced9168,-17.458
c03184189374bc6a,-17.516
c02e4ccccccccccd,-15.15
c046b9999999999a,-45.45
c03192f1a9fbe76c,-17.573999999999998
c046cccccccccccc,-45.599999999999994
c031a1cac083126e,-17.631999999999998
c02e800000000000,-15.25
c046e00000000000,-45.75
c031b0a3d70a3d70,-17.689999999999998
c02ea8f5c28f5c29,-15.33
c03ea8f5c28f5c29,-30.66
c046feb851eb851f,-45.99
c031c86594af4f0d,-17.782799999999998
c047a00000000000,-47.25
c032451eb851eb85,-18.27
c03271a9fbe76c8b,-18.444
c03ffae147ae147b,-31.98
c047fc28f5c28f5c,-47.97
c0328c63f141205b,-18.548399999999997
c0328f5c28f5c28f,-18.56
c0300ccccccccccd,-16.05
c048133333333334,-48.150000000000006
c0329e353f7ced91,-18.618
c032ad0e56041894,-18.676000000000002
c030266666666666,-16.15
c048399999999999,-48.449999999999996
c032bbe76c8b4395,-18.733999999999998
c0484ccccccccccc,-48.599999999999994
c032cac083126e97,-18.791999999999998
c030400000000000,-16.25
c048600000000000,-48.75
c032d99999999999,-18.849999999999998
c030547ae147ae14,-16.33
c040547ae147ae14,-32.66
c0487eb851eb851e,-48.989999999999995
c032f15b573eab36,-18.9428
c03323d70a3d70a3,-19.139999999999997
c030c00000000000,-16.75
c049200000000000,-50.25
c0336e147ae147ae,-19.43
c049599999999999,-50.699999999999996
c0339a9fbe76c8b3,-19.603999999999996
c030fd70a3d70a3d,-16.99
c040fd70a3d70a3d,-33.98
c0497c28f5c28f5c,-50.97
c033b559b3d07c84,-19.708399999999997
c033b851eb851eb8,-19.72
c0310ccccccccccd,-17.05
c049933333333334,-51.150000000000006
c033c72b020c49ba,-19.778
c033d604189374bc,-19.836
c031266666666666,-17.15
c049b99999999999,-51.449999999999996
c033e4dd2f1a9fbe,-19.894
c033f3b645a1cac0,-19.951999999999998
c049e00000000000,-51.75
c034028f5c28f5c2,-20.009999999999998
c031547ae147ae14,-17.33
c041547ae147ae14,-34.66
c049feb851eb851e,-51.989999999999995
c0341a5119ce075e,-20.102799999999995
c0344ccccccccccc,-20.299999999999997
c031c00000000000,-17.75
c04aa00000000000,-53.25
c034970a3d70a3d7,-20.59
c04ad99999999999,-53.699999999999996
c034c395810624dc,-20.763999999999996
c031fd70a3d70a3d,-17.99
c041fd70a3d70a3d,-35.98
c04afc28f5c28f5c,-53.97
c034de4f765fd8ad,-20.868399999999998
c034e147ae147ae1,-20.88
c0320ccccccccccd,-18.05
c04b133333333334,-54.150000000000006
c034f020c49ba5e3,-20.938
c04b266666666667,-54.300000000000004
c034fef9db22d0e5,-20.996
c04b399999999999,-54.449999999999996
c0350dd2f1a9fbe7,-21.054
c04b4ccccccccccc,-54.599999999999994
c0351cac083126e9,-21.112
c032400000000000,-18.25
c04b600000000000,-54.75
c0352b851eb851eb,-21.169999999999998
c032547ae147ae14,-18.33
c042547ae147ae14,-36.66
c04b7eb851eb851e,-54.989999999999995
c0354346dc5d6387,-21.262799999999995
c03575c28f5c28f5,-21.459999999999997
c04c200000000000,-56.25
c04c599999999999,-56.699999999999996
c035ec8b43958105,-21.923999999999996
c032fd70a3d70a3d,-18.99
c042fd70a3d70a3d,-37.98
c04c7c28f5c28f5c,-56.97
c036074538ef34d6,-22.028399999999998
c0360a3d70a3d70a,-22.04
c0330ccccccccccd,-19.05
c04c933333333334,-57.150000000000006
c0361916872b020c,-22.098
c04ca66666666667,-57.300000000000004
c03627ef9db22d0e,-22.156
c033266666666666,-19.15
c04cb99999999999,-57.449999999999996
c03636c8b439580f,-22.213999999999995
c04ccccccccccccc,-57.599999999999994
c03645a1cac08312,-22.272
c033400000000000,-19.25
c04ce00000000000,-57.75
c036547ae147ae14,-22.33
c033547ae147ae14,-19.33
c043547ae147ae14,-38.66
c04cfeb851eb851e,-57.989999999999995
c0366c3c9eecbfb0,-22.422799999999995
c0369eb851eb851e,-22.619999999999997
c033c00000000000,-19.75
c04da00000000000,-59.25
c036e8f5c28f5c29,-22.91
c04dd99999999999,-59.699999999999996
c03715810624dd2e,-23.083999999999996
c033fd70a3d70a3d,-19.99
c043fd70a3d70a3d,-39.98
c04dfc28f5c28f5c,-59.97
c037303afb7e90ff,-23.188399999999998
c0340ccccccccccd,-20.05
c04e133333333334,-60.150000000000006
c037420c49ba5e35,-23.258
c04e266666666667,-60.300000000000004
c03750e560418937,-23.316
c034266666666666,-20.15
c04e399999999999,-60.449999999999996
c0375fbe76c8b438,-23.373999999999995
c04e4ccccccccccc,-60.599999999999994
c0376e978d4fdf3b,-23.432
c04e600000000000,-60.75
c0377d70a3d70a3d,-23.49
c034547ae147ae14,-20.33
c044547ae147ae14,-40.66
c04e7eb851eb851e,-60.989999999999995
c0379532617c1bd9,-23.582799999999995
c037c7ae147ae147,-23.779999999999998
c034c00000000000,-20.75
c04f200000000000,-62.25
c03811eb851eb851,-24.069999999999997
c04f599999999999,-62.699999999999996
c0383e76c8b43957,-24.243999999999996
c034fd70a3d70a3d,-20.99
c044fd70a3d70a3d,-41.98
c04f7c28f5c28f5c,-62.97
c0385930be0ded28,-24.348399999999998
c0385c28f5c28f5c,-24.36
c0350ccccccccccd,-21.05
c04f933333333334,-63.150000000000006
c0386b020c49ba5e,-24.418
c04fa66666666667,-63.300000000000004
c03879db22d0e560,-24.476
c04fb99999999999,-63.449999999999996
c03888b439581061,-24.533999999999995
c04fcccccccccccc,-63.599999999999994
c038978d4fdf3b64,-24.592
c035400000000000,-21.25
c04fe00000000000,-63.75
c038a66666666666,-24.65
c035547ae147ae14,-21.33
c045547ae147ae14,-42.66
c04ffeb851eb851e,-63.989999999999995
c038be28240b7802,-24.742799999999995
c038f0a3d70a3d70,-24.939999999999998
c050500000000000,-65.25
c0393ae147ae147a,-25.229999999999997
c0506ccccccccccc,-65.69999999999999
c039676c8b439580,-25.403999999999996
c035fd70a3d70a3d,-21.99
c045fd70a3d70a3d,-43.98
c0507e147ae147ae,-65.97
c0398226809d4951,-25.508399999999998
c039851eb851eb85,-25.52
c0360ccccccccccd,-22.05
c05089999999999a,-66.15
c03993f7ced91687,-25.578
c039a2d0e5604189,-25.636
c036266666666666,-22.15
c0509ccccccccccc,-66.44999999999999
c039b1a9fbe76c8a,-25.693999999999996
c050a66666666666,-66.6
c039c083126e978d,-25.752
c036400000000000,-22.25
c050b00000000000,-66.75
c039cf5c28f5c28f,-25.81
c046547ae147ae14,-44.66
c050bf5c28f5c28f,-66.99
c039e71de69ad42b,-25.902799999999996
c03a199999999999,-26.099999999999998
c036c00000000000,-22.75
c051100000000000,-68.25
c03a63d70a3d70a3,-26.389999999999997
c0512ccccccccccc,-68.69999999999999
c03a90624dd2f1a9,-26.563999999999997
c036fd70a3d70a3d,-22.99
c046fd70a3d70a3d,-45.98
c0513e147ae147ae,-68.97
c03aab1c432ca579,-26.668399999999995
c03aae147ae147ae,-26.68
c0370ccccccccccd,-23.05
c05149999999999a,-69.15
c03abced916872b0,-26.738
c03acbc6a7ef9db2,-26.796
c037266666666666,-23.15
c0515ccccccccccc,-69.44999999999999
c03ada9fbe76c8b3,-26.853999999999996
c051666666666666,-69.6
c03ae978d4fdf3b6,-26.912
c051700000000000,-69.75
c037547ae147ae14,-23.33
c047547ae147ae14,-46.66
c0517f5c28f5c28f,-69.99
c03b1013a92a3054,-27.062799999999996
c03b428f5c28f5c2,-27.259999999999998
c037c00000000000,-23.75
c051d00000000000,-71.25
c03b8ccccccccccc,-27.549999999999997
c051eccccccccccc,-71.69999999999999
c03bb95810624dd2,-27.723999999999997
c037fd70a3d70a3d,-23.99
c047fd70a3d70a3d,-47.98
c051fe147ae147ae,-71.97
c03bd41205bc01a2,-27.828399999999995
c03bd70a3d70a3d6,-27.839999999999996
c0380ccccccccccd,-24.05
c05209999999999a,-72.15
c03be5e353f7ced9,-27.898
c052133333333334,-72.30000000000001
c03bf4bc6a7ef9db,-27.956
c038266666666666,-24.15
c0521ccccccccccc,-72.44999999999999
c03c0395810624dc,-28.013999999999996
c052266666666666,-72.6
c03c126e978d4fde,-28.071999999999996
c038400000000000,-24.25
c052300000000000,-72.75
c03c2147ae147ae1,-28.13
c038547ae147ae14,-24.33
c048547ae147ae14,-48.66
c0523f5c28f5c28f,-72.99
c03c39096bb98c7d,-28.222799999999996
c03c6b851eb851eb,-28.419999999999998
c052900000000000,-74.25
c03cb5c28f5c28f5,-28.709999999999997
c052accccccccccc,-74.69999999999999
c03ce24dd2f1a9fb,-28.883999999999997
c038fd70a3d70a3d,-24.99
c048fd70a3d70a3d,-49.98
c052be147ae147ae,-74.97
c03cfd07c84b5dcb,-28.988399999999995
c03cffffffffffff,-28.999999999999996
c0390ccccccccccd,-25.05
c052c9999999999a,-75.15
c03d0ed916872b02,-29.058
c052d33333333334,-75.30000000000001
c03d1db22d0e5604,-29.116
c039266666666666,-25.15
c052dccccccccccc,-75.44999999999999
c03d2c8b43958105,-29.173999999999996
c052e66666666666,-75.6
c03d3b645a1cac07,-29.231999999999996
c039400000000000,-25.25
c052f00000000000,-75.75
c03d4a3d70a3d70a,-29.29
c039547ae147ae14,-25.33
c049547ae147ae14,-50.66
c052ff5c28f5c28f,-75.99
c03d61ff2e48e8a6,-29.382799999999996
c03d947ae147ae14,-29.58
c039c00000000000,-25.75
c053500000000000,-77.25
c03ddeb851eb851e,-29.869999999999997
c0536ccccccccccc,-77.69999999999999
c03e0b4395810624,-30.043999999999997
c039fd70a3d70a3d,-25.99
c049fd70a3d70a3d,-51.98
c0537e147ae147ae,-77.97
c03e25fd8adab9f4,-30.148399999999995
c03e28f5c28f5c28,-30.159999999999997
c03a0ccccccccccd,-26.05
c05389999999999a,-78.15
c03e37ced916872b,-30.218
c03e46a7ef9db22d,-30.276
c03a266666666666,-26.15
c0539ccccccccccc,-78.44999999999999
c03e55810624dd2e,-30.333999999999996
c053a66666666666,-78.6
c03e645a1cac0830,-30.391999999999996
c053b00000000000,-78.75
c03e733333333333,-30.45
c03a547ae147ae14,-26.33
c04a547ae147ae14,-52.66
c053bf5c28f5c28f,-78.99
c03e8af4f0d844cf,-30.542799999999996
c03ebd70a3d70a3d,-30.74
c03ac00000000000,-26.75
c054100000000000,-80.25
c03f07ae147ae147,-31.029999999999998
c0542ccccccccccc,-80.69999999999999
c03f34395810624d,-31.203999999999997
c03afd70a3d70a3d,-26.99
c04afd70a3d70a3d,-53.98
c0543e147ae147ae,-80.97
c03f4ef34d6a161d,-31.308399999999995
c03f51eb851eb851,-31.319999999999997
c03b0ccccccccccd,-27.05
c05449999999999a,-81.15
c03f60c49ba5e354,-31.378
c054533333333334,-81.30000000000001
c03f6f9db22d0e56,-31.436
c03b266666666666,-27.15
c0545ccccccccccc,-81.44999999999999
c03f7e76c8b43957,-31.493999999999996
c054666666666666,-81.6
c03f8d4fdf3b6459,-31.551999999999996
c03b400000000000,-27.25
c054700000000000,-81.75
c03f9c28f5c28f5c,-31.61
c03b547ae147ae14,-27.33
c04b547ae147ae14,-54.66
c0547f5c28f5c28f,-81.99
c03fb3eab367a0f8,-31.702799999999996
c054d00000000000,-83.25
c0401851eb851eb8,-32.19
c054eccccccccccc,-83.69999999999999
c0402e978d4fdf3b,-32.364
c03bfd70a3d70a3d,-27.99
c04bfd70a3d70a3d,-55.98
c054fe147ae147ae,-83.97
c0403bf487fcb923,-32.468399999999995
c0403d70a3d70a3d,-32.48
c03c0ccccccccccd,-28.05
c05509999999999a,-84.15
c04044dd2f1a9fbe,-32.538
c055133333333334,-84.30000000000001
c0404c49ba5e353f,-32.596
c03c266666666666,-28.15
c0551ccccccccccc,-84.44999999999999
c04053b645a1cac0,-32.653999999999996
c055266666666666,-84.6
c0405b22d0e56041,-32.711999999999996
c03c400000000000,-28.25
c055300000000000,-84.75
c040628f5c28f5c2,-32.769999999999996
c03c547ae147ae14,-28.33
c04c547ae147ae14,-56.66
c0553f5c28f5c28f,-84.99
c0406e703afb7e90,-32.86279999999999
c04087ae147ae147,-33.059999999999995
c03cc00000000000,-28.75
c055900000000000,-86.25
c040accccccccccc,-33.349999999999994
c055accccccccccc,-86.69999999999999
c040c3126e978d4f,-33.523999999999994
c03cfd70a3d70a3d,-28.99
c04cfd70a3d70a3d,-57.98
c055be147ae147ae,-86.97
c040d06f69446738,-33.6284
c040d1eb851eb852,-33.64
c03d0ccccccccccd,-29.05
c055c9999999999a,-87.15
c040d95810624dd3,-33.698
c055d33333333334,-87.30000000000001
c040e0c49ba5e354,-33.756
c03d266666666666,-29.15
c055dccccccccccc,-87.44999999999999
c040e83126e978d4,-33.81399999999999
c055e66666666666,-87.6
c040ef9db22d0e56,-33.872
c055f00000000000,-87.75
c040f70a3d70a3d7,-33.93
c03d547ae147ae14,-29.33
c04d547ae147ae14,-58.66
c055ff5c28f5c28f,-87.99
c04102eb1c432ca5,-34.0228
c0411c28f5c28f5c,-34.22
c03dc00000000000,-29.75
c056500000000000,-89.25
c0414147ae147ae1,-34.51
c0566ccccccccccc,-89.69999999999999
c041578d4fdf3b64,-34.684
c03dfd70a3d70a3d,-29.99
c04dfd70a3d70a3d,-59.98
c0567e147ae147ae,-89.97
c04164ea4a8c154c,-34.788399999999996
c03e0ccccccccccd,-30.05
c05689999999999a,-90.15
c0416dd2f1a9fbe7,-34.858
c056933333333334,-90.30000000000001
c041753f7ced9168,-34.916
c03e266666666666,-30.15
c0569ccccccccccc,-90.44999999999999
c0417cac083126e9,-34.974
c056a66666666666,-90.6
c04184189374bc6a,-35.032
c03e400000000000,-30.25
c056b00000000000,-90.75
c0418b851eb851eb,-35.089999999999996
c03e547ae147ae14,-30.33
c04e547ae147ae14,-60.66
c056bf5c28f5c28f,-90.99
c0419765fd8adab9,-35.18279999999999
c056e00000000000,-91.5
c041b0a3d70a3d70,-35.379999999999995
c057100000000000,-92.25
c041d5c28f5c28f5,-35.669999999999995
c0572ccccccccccc,-92.69999999999999
c041ec083126e978,-35.843999999999994
c03efd70a3d70a3d,-30.99
c04efd70a3d70a3d,-61.98
c0573e147ae147ae,-92.97
c041f9652bd3c360,-35.94839999999999
c041fae147ae147b,-35.96
c03f0ccccccccccd,-31.05
c05749999999999a,-93.15
c042024dd2f1a9fc,-36.018
c057533333333334,-93.30000000000001
c04209ba5e353f7d,-36.076
c03f266666666666,-31.15
c0575ccccccccccc,-93.44999999999999
c0421126e978d4fd,-36.13399999999999
c057666666666666,-93.6
c042189374bc6a7f,-36.192
c03f400000000000,-31.25
c057700000000000,-93.75
c042200000000000,-36.25
c03f547ae147ae14,-31.33
c04f547ae147ae14,-62.66
c0577f5c28f5c28f,-93.99
c0422be0ded288ce,-36.3428
c042451eb851eb85,-36.54
c03fc00000000000,-31.75
c057d00000000000,-95.25
c0426a3d70a3d70a,-36.83
c057eccccccccccc,-95.69999999999999
c0428083126e978d,-37.004
c03ffd70a3d70a3d,-31.99
c04ffd70a3d70a3d,-63.98
c057fe147ae147ae,-95.97
c0428de00d1b7175,-37.108399999999996
c0428f5c28f5c28f,-37.12
c040066666666666,-32.05
c058099999999999,-96.14999999999999
c04296c8b4395810,-37.178
c058133333333334,-96.30000000000001
c0429e353f7ced91,-37.236
c040133333333333,-32.15
c0581ccccccccccc,-96.44999999999999
c042a5a1cac08312,-37.294
c042ad0e56041894,-37.352000000000004
c058300000000000,-96.75
c042b47ae147ae14,-37.41
c0402a3d70a3d70a,-32.33
c0502a3d70a3d70a,-64.66
c0583f5c28f5c28f,-96.99
c042c05bc01a36e2,-37.50279999999999
c042d99999999999,-37.699999999999996
c040600000000000,-32.75
c058900000000000,-98.25
c042feb851eb851e,-37.989999999999995
c058accccccccccc,-98.69999999999999
c04314fdf3b645a1,-38.163999999999994
c0407eb851eb851f,-32.99
c0507eb851eb851f,-65.98
c058be147ae147ae,-98.97
c043225aee631f8a,-38.2684
c04323d70a3d70a3,-38.279999999999994
c040866666666666,-33.05
c050866666666666,-66.1
c058c99999999999,-99.14999999999999
c0432b4395810624,-38.337999999999994
c0508ccccccccccd,-66.2
c058d33333333334,-99.30000000000001
c04332b020c49ba6,-38.396
c040933333333333,-33.15
c058dccccccccccc,-99.44999999999999
c0433a1cac083126,-38.45399999999999
c05099999999999a,-66.4
c058e66666666667,-99.60000000000001
c0434189374bc6a8,-38.512
c040a00000000000,-33.25
c058f00000000000,-99.75
c04348f5c28f5c29,-38.57
c040aa3d70a3d70a,-33.33
c050aa3d70a3d70a,-66.66
c058ff5c28f5c28f,-99.99
c04354d6a161e4f7,-38.6628
c050c00000000000,-67.0
c059200000000000,-100.5
c0436e147ae147ae,-38.86
c059500000000000,-101.25
c043933333333333,-39.15
c050f33333333333,-67.8
c0596ccccccccccc,-101.69999999999999
c043a978d4fdf3b6,-39.324
c050feb851eb851f,-67.98
c0597e147ae147ae,-101.97
c043b6d5cfaacd9e,-39.428399999999996
c043b851eb851eb8,-39.44
c041066666666666,-34.05
c051066666666666,-68.1
c059899999999999,-102.14999999999999
c043bfbe76c8b438,-39.49799999999999
c043c72b020c49ba,-39.556
c041133333333333,-34.15
c051133333333333,-68.3
c0599ccccccccccc,-102.44999999999999
c043ce978d4fdf3b,-39.614
c043d604189374bc,-39.672
c041200000000000,-34.25
c051200000000000,-68.5
c059b00000000000,-102.75
c043dd70a3d70a3d,-39.73
c0412a3d70a3d70a,-34.33
c0512a3d70a3d70a,-68.66
c059bf5c28f5c28f,-102.99
c043e95182a9930b,-39.822799999999994
c044028f5c28f5c2,-40.019999999999996
c041600000000000,-34.75
c051600000000000,-69.5
c05a100000000000,-104.25
c04427ae147ae147,-40.309999999999995
c051733333333333,-69.8
c05a2ccccccccccc,-104.69999999999999
c0443df3b645a1ca,-40.483999999999995
c0417eb851eb851f,-34.99
c0517eb851eb851f,-69.98
c05a3e147ae147ae,-104.97
c0444b50b0f27bb3,-40.5884
c0444ccccccccccc,-40.599999999999994
c041866666666666,-35.05
c051866666666666,-70.1
c05a499999999999,-105.14999999999999
c04454395810624d,-40.657999999999994
c0445ba5e353f7cf,-40.716
c041933333333333,-35.15
c05a5ccccccccccc,-105.44999999999999
c04463126e978d4f,-40.773999999999994
c0446a7ef9db22d1,-40.832
c05a700000000000,-105.75
c04471eb851eb852,-40.89
c041aa3d70a3d70a,-35.33
c051aa3d70a3d70a,-70.66
c05a7f5c28f5c28f,-105.99
c0447dcc63f14120,-40.9828
c051c00000000000,-71.0
c05aa00000000000,-106.5
c044970a3d70a3d7,-41.18
c041e00000000000,-35.75
c05ad00000000000,-107.25
c044bc28f5c28f5c,-41.47
c051f33333333333,-71.8
c05aeccccccccccc,-107.69999999999999
c044d26e978d4fdf,-41.644
c041feb851eb851f,-35.99
c051feb851eb851f,-71.98
c05afe147ae147ae,-107.97
c044dfcb923a29c7,-41.7484
c044e147ae147ae1,-41.76
c042066666666666,-36.05
c052066666666666,-72.1
c05b099999999999,-108.14999999999999
c044e8b439581061,-41.81799999999999
c044f020c49ba5e3,-41.876
c042133333333333,-36.15
c052133333333333,-72.3
c05b1ccccccccccc,-108.44999999999999
c044f78d4fdf3b64,-41.934
c05219999999999a,-72.4
c05b266666666667,-108.60000000000001
c044fef9db22d0e5,-41.992
c05b300000000000,-108.75
c045066666666666,-42.05
c0422a3d70a3d70a,-36.33
c0522a3d70a3d70a,-72.66
c05b3f5c28f5c28f,-108.99
c04512474538ef34,-42.142799999999994
c052400000000000,-73.0
c05b600000000000,-109.5
c0452b851eb851eb,-42.339999999999996
c05b900000000000,-110.25
c04550a3d70a3d70,-42.629999999999995
c05baccccccccccc,-110.69999999999999
c04566e978d4fdf3,-42.803999999999995
c0527eb851eb851f,-73.98
c05bbe147ae147ae,-110.97
c04574467381d7dc,-42.9084
c04575c28f5c28f5,-42.919999999999995
c042866666666666,-37.05
c052866666666666,-74.1
c05bc99999999999,-111.14999999999999
c0457d2f1a9fbe76,-42.977999999999994
c045849ba5e353f8,-43.036
c042933333333333,-37.15
c052933333333333,-74.3
c05bdccccccccccc,-111.44999999999999
c0458c083126e978,-43.093999999999994
c0459374bc6a7efa,-43.152
c042a00000000000,-37.25
c052a00000000000,-74.5
c05bf00000000000,-111.75
c0459ae147ae147a,-43.209999999999994
c042aa3d70a3d70a,-37.33
c052aa3d70a3d70a,-74.66
c05bff5c28f5c28f,-111.99
c045a6c226809d49,-43.3028
c042e00000000000,-37.75
c052e00000000000,-75.5
c05c500000000000,-113.25
c045e51eb851eb85,-43.79
c052f33333333333,-75.8
c05c6ccccccccccc,-113.69999999999999
c045fb645a1cac08,-43.964
c042feb851eb851f,-37.99
c052feb851eb851f,-75.98
c05c7e147ae147ae,-113.97
c04608c154c985f0,-44.0684
c0460a3d70a3d70a,-44.08
c043066666666666,-38.05
c053066666666666,-76.1
c05c899999999999,-114.14999999999999
c04611a9fbe76c8a,-44.13799999999999
c0530ccccccccccd,-76.2
c05c933333333334,-114.30000000000001
c0461916872b020c,-44.196
c043133333333333,-38.15
c053133333333333,-76.3
c05c9ccccccccccc,-114.44999999999999
c0462083126e978d,-44.254
c05319999999999a,-76.4
c05ca66666666667,-114.60000000000001
c04627ef9db22d0e,-44.312
c05cb00000000000,-114.75
c0462f5c28f5c28f,-44.37
c0432a3d70a3d70a,-38.33
c0532a3d70a3d70a,-76.66
c05cbf5c28f5c28f,-114.99
c0463b3d07c84b5d,-44.462799999999994
c043600000000000,-38.75
c05d100000000000,-116.25
c046799999999999,-44.949999999999996
c053733333333333,-77.8
c05d2ccccccccccc,-116.69999999999999
c0468fdf3b645a1c,-45.123999999999995
c0437eb851eb851f,-38.99
c0537eb851eb851f,-77.98
c05d3e147ae147ae,-116.97
c0469d3c36113405,-45.2284
c0469eb851eb851e,-45.239999999999995
c043866666666666,-39.05
c053866666666666,-78.1
c05d499999999999,-117.14999999999999
c046a624dd2f1a9f,-45.297999999999995
c046ad916872b021,-45.356
c053933333333333,-78.3
c05d5ccccccccccc,-117.44999999999999
c046b4fdf3b645a1,-45.413999999999994
c046bc6a7ef9db23,-45.472
c043a00000000000,-39.25
c053a00000000000,-78.5
c05d700000000000,-117.75
c046c3d70a3d70a3,-45.529999999999994
c043aa3d70a3d70a,-39.33
c053aa3d70a3d70a,-78.66
c05d7f5c28f5c28f,-117.99
c046cfb7e90ff972,-45.6228
c053c00000000000,-79.0
c05da00000000000,-118.5
c046e8f5c28f5c29,-45.82
c05dd00000000000,-119.25
c0470e147ae147ae,-46.11
c05deccccccccccc,-119.69999999999999
c047245a1cac0830,-46.28399999999999
c053feb851eb851f,-79.98
c05dfe147ae147ae,-119.97
c04731b71758e219,-46.3884
c044066666666666,-40.05
c054066666666666,-80.1
c05e099999999999,-120.14999999999999
c0473a9fbe76c8b3,-46.45799999999999
c0540ccccccccccd,-80.2
c05e133333333334,-120.30000000000001
c047420c49ba5e35,-46.516
c044133333333333,-40.15
c054133333333333,-80.3
c05e1ccccccccccc,-120.44999999999999
c0474978d4fdf3b6,-46.574
c05419999999999a,-80.4
c05e266666666667,-120.60000000000001
c04750e560418937,-46.632
c044200000000000,-40.25
c05e300000000000,-120.75
c0475851eb851eb8,-46.69
c0442a3d70a3d70a,-40.33
c0542a3d70a3d70a,-80.66
c05e3f5c28f5c28f,-120.99
c0476432ca57a786,-46.782799999999995
c0477d70a3d70a3d,-46.98
c044600000000000,-40.75
c054600000000000,-81.5
c05e900000000000,-122.25
c047a28f5c28f5c2,-47.269999999999996
c054733333333333,-81.8
c05eaccccccccccc,-122.69999999999999
c047b8d4fdf3b645,-47.443999999999996
c0447eb851eb851f,-40.99
c0547eb851eb851f,-81.98
c05ebe147ae147ae,-122.97
c047c631f8a0902e,-47.5484
c047c7ae147ae147,-47.559999999999995
c044866666666666,-41.05
c054866666666666,-82.1
c05ec99999999999,-123.14999999999999
c047cf1a9fbe76c8,-47.617999999999995
c0548ccccccccccd,-82.2
c05ed33333333334,-123.30000000000001
c047d6872b020c49,-47.675999999999995
c044933333333333,-41.15
c054933333333333,-82.3
c05edccccccccccc,-123.44999999999999
c047ddf3b645a1ca,-47.733999999999995
c05499999999999a,-82.4
c05ee66666666667,-123.60000000000001
c047e5604189374c,-47.792
c05ef00000000000,-123.75
c047eccccccccccc,-47.849999999999994
c044aa3d70a3d70a,-41.33
c054aa3d70a3d70a,-82.66
c05eff5c28f5c28f,-123.99
c047f8adab9f559a,-47.94279999999999
c054c00000000000,-83.0
c05f200000000000,-124.5
c04811eb851eb851,-48.13999999999999
c044e00000000000,-41.75
c054e00000000000,-83.5
c05f500000000000,-125.25
c048370a3d70a3d7,-48.43
c054f33333333333,-83.8
c05f6ccccccccccc,-125.69999999999999
c0484d4fdf3b6459,-48.60399999999999
c044feb851eb851f,-41.99
c054feb851eb851f,-83.98
c05f7e147ae147ae,-125.97
c0485aacd9e83e42,-48.7084
c0485c28f5c28f5c,-48.72
c055066666666666,-84.1
c05f899999999999,-126.14999999999999
c0486395810624dc,-48.77799999999999
c0550ccccccccccd,-84.2
c05f933333333334,-126.30000000000001
c0486b020c49ba5e,-48.836
c045133333333333,-42.15
c055133333333333,-84.3
c05f9ccccccccccc,-126.44999999999999
c048726e978d4fdf,-48.894
c05519999999999a,-84.4
c05fa66666666667,-126.60000000000001
c04879db22d0e560,-48.952
c045200000000000,-42.25
c055200000000000,-84.5
c05fb00000000000,-126.75
c0488147ae147ae1,-49.01
c0452a3d70a3d70a,-42.33
c0552a3d70a3d70a,-84.66
c05fbf5c28f5c28f,-126.99
c0488d288ce703af,-49.102799999999995
c060080000000000,-128.25
c048cb851eb851eb,-49.589999999999996
c060166666666666,-128.7
c048e1cac083126e,-49.763999999999996
c0557eb851eb851f,-85.98
c0601f0a3d70a3d7,-128.97
c048ef27bb2fec57,-49.8684
c048f0a3d70a3d70,-49.879999999999995
c045866666666666,-43.05
c055866666666666,-86.1
c06024cccccccccc,-129.14999999999998
c048f810624dd2f1,-49.937999999999995
c0558ccccccccccd,-86.2
c06029999999999a,-129.3
c048ff7ced916872,-49.995999999999995
c045933333333333,-43.15
c055933333333333,-86.3
c0602e6666666666,-129.45
c04906e978d4fdf3,-50.053999999999995
c0490e5604189375,-50.112
c045a00000000000,-43.25
c055a00000000000,-86.5
c060380000000000,-129.75
c04915c28f5c28f5,-50.169999999999995
c045aa3d70a3d70a,-43.33
c055aa3d70a3d70a,-86.66
c0603fae147ae148,-129.99
c04921a36e2eb1c3,-50.26279999999999
c0493ae147ae147a,-50.459999999999994
c045e00000000000,-43.75
c060680000000000,-131.25
c049600000000000,-50.75
c055f33333333333,-87.8
c060766666666666,-131.7
c0497645a1cac082,-50.92399999999999
c045feb851eb851f,-43.99
c055feb851eb851f,-87.98
c0607f0a3d70a3d7,-131.97
c04983a29c779a6b,-51.0284
c049851eb851eb85,-51.04
c046066666666666,-44.05
c056066666666666,-88.1
c06084cccccccccc,-132.14999999999998
c0498c8b43958105,-51.09799999999999
c04993f7ced91687,-51.156
c046133333333333,-44.15
c056133333333333,-88.3
c0608e6666666666,-132.45
c0499b645a1cac07,-51.21399999999999
c049a2d0e5604189,-51.272
c060980000000000,-132.75
c049aa3d70a3d70a,-51.33
c0462a3d70a3d70a,-44.33
c0562a3d70a3d70a,-88.66
c0609fae147ae148,-132.99
c049b61e4f765fd8,-51.422799999999995
c056400000000000,-89.0
c060b00000000000,-133.5
c049cf5c28f5c28f,-51.62
c046600000000000,-44.75
c056600000000000,-89.5
c060c80000000000,-134.25
c049f47ae147ae14,-51.91
c056733333333333,-89.8
c060d66666666666,-134.7
c04a0ac083126e97,-52.083999999999996
c0467eb851eb851f,-44.99
c0567eb851eb851f,-89.98
c060df0a3d70a3d7,-134.97
c04a181d7dbf4880,-52.1884
c04a199999999999,-52.199999999999996
c046866666666666,-45.05
c056866666666666,-90.1
c060e4cccccccccc,-135.14999999999998
c04a210624dd2f1a,-52.257999999999996
c04a2872b020c49b,-52.315999999999995
c046933333333333,-45.15
c060ee6666666666,-135.45
c04a2fdf3b645a1c,-52.373999999999995
c05699999999999a,-90.4
c060f33333333334,-135.60000000000002
c04a374bc6a7ef9e,-52.432
c046a00000000000,-45.25
c056a00000000000,-90.5
c060f80000000000,-135.75
c04a3eb851eb851e,-52.489999999999995
c046aa3d70a3d70a,-45.33
c056aa3d70a3d70a,-90.66
c060ffae147ae148,-135.99
c04a4a9930be0dec,-52.58279999999999
c04a63d70a3d70a3,-52.779999999999994
c061280000000000,-137.25
c04a88f5c28f5c28,-53.06999999999999
c061366666666666,-137.7
c04a9f3b645a1cab,-53.24399999999999
c056feb851eb851f,-91.98
c0613f0a3d70a3d7,-137.97
c04aac985f06f694,-53.3484
c04aae147ae147ae,-53.36
c047066666666666,-46.05
c057066666666666,-92.1
c06144cccccccccc,-138.14999999999998
c04ab5810624dd2e,-53.41799999999999
c0570ccccccccccd,-92.2
c06149999999999a,-138.3
c04abced916872b0,-53.476
c047133333333333,-46.15
c057133333333333,-92.3
c0614e6666666666,-138.45
c04ac45a1cac0830,-53.53399999999999
c04acbc6a7ef9db2,-53.592
c047200000000000,-46.25
c061580000000000,-138.75
c04ad33333333333,-53.65
c0472a3d70a3d70a,-46.33
c0572a3d70a3d70a,-92.66
c0615fae147ae148,-138.99
c04adf141205bc01,-53.742799999999995
c04af851eb851eb8,-53.94
c047600000000000,-46.75
c061880000000000,-140.25
c04b1d70a3d70a3d,-54.23
c057733333333333,-93.8
c061966666666666,-140.7
c04b33b645a1cac0,-54.403999999999996
c0477eb851eb851f,-46.99
c0577eb851eb851f,-93.98
c0619f0a3d70a3d7,-140.97
c04b4113404ea4a9,-54.5084
c04b428f5c28f5c2,-54.519999999999996
c047866666666666,-47.05
c057866666666666,-94.1
c061a4cccccccccc,-141.14999999999998
c04b49fbe76c8b43,-54.577999999999996
c0578ccccccccccd,-94.2
c061a9999999999a,-141.3
c04b516872b020c4,-54.635999999999996
c047933333333333,-47.15
c057933333333333,-94.3
c061ae6666666666,-141.45
c04b58d4fdf3b645,-54.693999999999996
c04b604189374bc7,-54.752
c061b80000000000,-141.75
c04b67ae147ae147,-54.809999999999995
c047aa3d70a3d70a,-47.33
c057aa3d70a3d70a,-94.66
c061bfae147ae148,-141.99
c04b738ef34d6a15,-54.90279999999999
c04b8ccccccccccc,-55.099999999999994
c047e00000000000,-47.75
c057e00000000000,-95.5
c061e80000000000,-143.25
c04bb1eb851eb851,-55.38999999999999
c057f33333333333,-95.8
c061f66666666666,-143.7
c04bc83126e978d4,-55.56399999999999
c047feb851eb851f,-47.99
c057feb851eb851f,-95.98
c061ff0a3d70a3d7,-143.97
c04bd58e219652bd,-55.6684
c04bd70a3d70a3d6,-55.67999999999999
c048066666666666,-48.05
c058066666666666,-96.1
c06204cccccccccc,-144.14999999999998
c04bde76c8b43957,-55.73799999999999
c04be5e353f7ced9,-55.796
c048133333333333,-48.15
c058133333333333,-96.3
c0620e6666666666,-144.45
c04bed4fdf3b6459,-55.85399999999999
c05819999999999a,-96.4
c062133333333334,-144.60000000000002
c04bf4bc6a7ef9db,-55.912
c048200000000000,-48.25
c058200000000000,-96.5
c062180000000000,-144.75
c04bfc28f5c28f5c,-55.97
c0482a3d70a3d70a,-48.33
c0582a3d70a3d70a,-96.66
c0621fae147ae148,-144.99
c04c0809d495182a,-56.062799999999996
c058400000000000,-97.0
c062300000000000,-145.5
c04c2147ae147ae1,-56.26
c062480000000000,-146.25
c04c466666666666,-56.55
c058733333333333,-97.8
c062566666666666,-146.7
c04c5cac083126e9,-56.724
c0487eb851eb851f,-48.99
c0587eb851eb851f,-97.98
c0625f0a3d70a3d7,-146.97
c04c6a0902de00d1,-56.828399999999995
c04c6b851eb851eb,-56.839999999999996
c048866666666666,-49.05
c058866666666666,-98.1
c06264cccccccccc,-147.14999999999998
c04c72f1a9fbe76c,-56.897999999999996
c0588ccccccccccd,-98.2
c06269999999999a,-147.3
c04c7a5e353f7ced,-56.955999999999996
c048933333333333,-49.15
c058933333333333,-98.3
c0626e6666666666,-147.45
c04c81cac083126e,-57.013999999999996
c04c89374bc6a7f0,-57.072
c048a00000000000,-49.25
c058a00000000000,-98.5
c062780000000000,-147.75
c04c90a3d70a3d70,-57.129999999999995
c048aa3d70a3d70a,-49.33
c058aa3d70a3d70a,-98.66
c0627fae147ae148,-147.99
c04c9c84b5dcc63e,-57.22279999999999
c04cb5c28f5c28f5,-57.419999999999995
c048e00000000000,-49.75
c058e00000000000,-99.5
c062a80000000000,-149.25
c04cdae147ae147a,-57.709999999999994
c058f33333333333,-99.8
c062b66666666666,-149.7
c04cf126e978d4fd,-57.88399999999999
c048feb851eb851f,-49.99
c058feb851eb851f,-99.98
c062bf0a3d70a3d7,-149.97
c04cfe83e425aee6,-57.9884
c04cffffffffffff,-57.99999999999999
c049066666666666,-50.05
c059066666666666,-100.1
c062c4cccccccccc,-150.14999999999998
c04d076c8b439580,-58.05799999999999
c0590ccccccccccd,-100.2
c062c9999999999a,-150.3
c04d0ed916872b02,-58.116
c049133333333333,-50.15
c059133333333333,-100.3
c062ce6666666666,-150.45
c04d1645a1cac082,-58.17399999999999
c05919999999999a,-100.4
c062d33333333334,-150.60000000000002
c04d1db22d0e5604,-58.232
c062d80000000000,-150.75
c04d251eb851eb85,-58.29
c0492a3d70a3d70a,-50.33
c0592a3d70a3d70a,-100.66
c062dfae147ae148,-150.99
c04d30ff97247453,-58.382799999999996
c059400000000000,-101.0
c062f00000000000,-151.5
c04d4a3d70a3d70a,-58.58
c063080000000000,-152.25
c04d6f5c28f5c28f,-58.87
c059733333333333,-101.8
c063166666666666,-152.7
c04d85a1cac08312,-59.044
c0497eb851eb851f,-50.99
c0597eb851eb851f,-101.98
c0631f0a3d70a3d7,-152.97
c04d92fec56d5cfa,-59.148399999999995
c04d947ae147ae14,-59.16
c049866666666666,-51.05
c059866666666666,-102.1
c06324cccccccccc,-153.14999999999998
c04d9be76c8b4394,-59.21799999999999
c0598ccccccccccd,-102.2
c06329999999999a,-153.3
c04da353f7ced916,-59.275999999999996
c049933333333333,-51.15
c0632e6666666666,-153.45
c04daac083126e97,-59.333999999999996
c04db22d0e560418,-59.391999999999996
c049a00000000000,-51.25
c063380000000000,-153.75
c04db99999999999,-59.449999999999996
c059aa3d70a3d70a,-102.66
c0633fae147ae148,-153.99
c04dc57a786c2267,-59.54279999999999
c059c00000000000,-103.0
c063500000000000,-154.5
c04ddeb851eb851e,-59.739999999999995
c063680000000000,-155.25
c04e03d70a3d70a3,-60.029999999999994
c059f33333333333,-103.8
c063766666666666,-155.7
c04e1a1cac083126,-60.20399999999999
c049feb851eb851f,-51.99
c059feb851eb851f,-103.98
c0637f0a3d70a3d7,-155.97
c04e2779a6b50b0f,-60.3084
c04e28f5c28f5c28,-60.31999999999999
c04a066666666666,-52.05
c05a066666666666,-104.1
c06384cccccccccc,-156.14999999999998
c04e30624dd2f1a9,-60.37799999999999
c05a0ccccccccccd,-104.2
c06389999999999a,-156.3
c04e37ced916872b,-60.436
c04a133333333333,-52.15
c05a133333333333,-104.3
c0638e6666666666,-156.45
c04e3f3b645a1cab,-60.49399999999999
c04e46a7ef9db22d,-60.552
c04a200000000000,-52.25
c063980000000000,-156.75
c04e4e147ae147ad,-60.60999999999999
c04a2a3d70a3d70a,-52.33
c05a2a3d70a3d70a,-104.66
c0639fae147ae148,-156.99
c04e59f559b3d07c,-60.702799999999996
c04a600000000000,-52.75
c05a600000000000,-105.5
c063c80000000000,-158.25
c04e9851eb851eb8,-61.19
c05a733333333333,-105.8
c063d66666666666,-158.7
c04eae978d4fdf3b,-61.364
c04a7eb851eb851f,-52.99
c05a7eb851eb851f,-105.98
c063df0a3d70a3d7,-158.97
c04ebbf487fcb923,-61.468399999999995
c04ebd70a3d70a3d,-61.48
c04a866666666666,-53.05
c05a866666666666,-106.1
c063e4cccccccccc,-159.14999999999998
c04ec4dd2f1a9fbd,-61.53799999999999
c04ecc49ba5e353f,-61.596
c04a933333333333,-53.15
c05a933333333333,-106.3
c063ee6666666666,-159.45
c04ed3b645a1cac0,-61.653999999999996
c04edb22d0e56041,-61.711999999999996
c063f80000000000,-159.75
c04ee28f5c28f5c2,-61.769999999999996
c04aaa3d70a3d70a,-53.33
c05aaa3d70a3d70a,-106.66
c063ffae147ae148,-159.99
c04eee703afb7e90,-61.86279999999999
c05ac00000000000,-107.0
c064100000000000,-160.5
c04f07ae147ae147,-62.059999999999995
c04ae00000000000,-53.75
c064280000000000,-161.25
c04f2ccccccccccc,-62.349999999999994
c05af33333333333,-107.8
c064366666666666,-161.7
c04f43126e978d4f,-62.523999999999994
c04afeb851eb851f,-53.99
c05afeb851eb851f,-107.98
c0643f0a3d70a3d7,-161.97
c04f506f69446738,-62.6284
c04f51eb851eb851,-62.63999999999999
c04b066666666666,-54.05
c05b066666666666,-108.1
c06444cccccccccc,-162.14999999999998
c04f595810624dd2,-62.69799999999999
c05b0ccccccccccd,-108.2
c06449999999999a,-162.3
c04f60c49ba5e354,-62.756
c04b133333333333,-54.15
c0644e6666666666,-162.45
c04f683126e978d4,-62.81399999999999
c05b19999999999a,-108.4
c064533333333334,-162.60000000000002
c04f6f9db22d0e56,-62.872
c04b200000000000,-54.25
c064580000000000,-162.75
c04f770a3d70a3d6,-62.92999999999999
c04b2a3d70a3d70a,-54.33
c05b2a3d70a3d70a,-108.66
c0645fae147ae148,-162.99
c04f82eb1c432ca5,-63.0228
c05b400000000000,-109.0
c064700000000000,-163.5
c04f9c28f5c28f5c,-63.22
c064880000000000,-164.25
c04fc147ae147ae1,-63.51
c05b733333333333,-109.8
c064966666666666,-164.7
c04fd78d4fdf3b64,-63.684
c04b7eb851eb851f,-54.99
c05b7eb851eb851f,-109.98
c0649f0a3d70a3d7,-164.97
c04fe4ea4a8c154c,-63.788399999999996
c04b866666666666,-55.05
c05b866666666666,-110.1
c064a4cccccccccc,-165.14999999999998
c04fedd2f1a9fbe6,-63.85799999999999
c04ff53f7ced9168,-63.916
c04b933333333333,-55.15
c05b933333333333,-110.3
c064ae6666666666,-165.45
c04ffcac083126e9,-63.974
c050020c49ba5e35,-64.032
c04ba00000000000,-55.25
c05ba00000000000,-110.5
c064b80000000000,-165.75
c05005c28f5c28f5,-64.08999999999999
c04baa3d70a3d70a,-55.33
c05baa3d70a3d70a,-110.66
c064bfae147ae148,-165.99
c0500bb2fec56d5d,-64.1828
c0501851eb851eb8,-64.38
c04be00000000000,-55.75
c05be00000000000,-111.5
c064e80000000000,-167.25
c0502ae147ae147b,-64.67
c0503604189374bc,-64.844
c04bfeb851eb851f,-55.99
c05bfeb851eb851f,-111.98
c064ff0a3d70a3d7,-167.97
c0503cb295e9e1b0,-64.94839999999999
c0503d70a3d70a3d,-64.96
c04c066666666666,-56.05
c05c066666666666,-112.1
c06504cccccccccc,-168.14999999999998
c0504126e978d4fd,-65.01799999999999
c05044dd2f1a9fbe,-65.076
c04c133333333333,-56.15
c05c133333333333,-112.3
c0650e6666666666,-168.45
c050489374bc6a7f,-65.134
c05c19999999999a,-112.4
c065133333333334,-168.60000000000002
c0504c49ba5e353f,-65.192
c065180000000000,-168.75
c04c2a3d70a3d70a,-56.33
c05c2a3d70a3d70a,-112.66
c0651fae147ae148,-168.99
c05055f06f694467,-65.3428
c05c400000000000,-113.0
c065300000000000,-169.5
c050628f5c28f5c2,-65.53999999999999
c04c600000000000,-56.75
c05c600000000000,-113.5
c065480000000000,-170.25
c050751eb851eb85,-65.83
c05c733333333333,-113.8
c065566666666666,-170.7
c050804189374bc6,-66.00399999999999
c04c7eb851eb851f,-56.99
c05c7eb851eb851f,-113.98
c0655f0a3d70a3d7,-170.97
c05086f0068db8bb,-66.1084
c05087ae147ae147,-66.11999999999999
c04c866666666666,-57.05
c05c866666666666,-114.1
c06564cccccccccc,-171.14999999999998
c0508b645a1cac08,-66.178
c05c8ccccccccccd,-114.2
c06569999999999a,-171.3
c0508f1a9fbe76c8,-66.23599999999999
c04c933333333333,-57.15
c05c933333333333,-114.3
c0656e6666666666,-171.45
c05092d0e5604189,-66.294
c05096872b020c4a,-66.352
c04ca00000000000,-57.25
c05ca00000000000,-114.5
c065780000000000,-171.75
c0509a3d70a3d70a,-66.41
c04caa3d70a3d70a,-57.33
c05caa3d70a3d70a,-114.66
c0657fae147ae148,-171.99
c050a02de00d1b71,-66.5028
c065900000000000,-172.5
c050accccccccccc,-66.69999999999999
c065a80000000000,-173.25
c05cf33333333333,-115.8
c065b66666666666,-173.7
c050ca7ef9db22d0,-67.16399999999999
c04cfeb851eb851f,-57.99
c05cfeb851eb851f,-115.98
c065bf0a3d70a3d7,-173.97
c050d12d77318fc5,-67.2684
c050d1eb851eb852,-67.28
c04d066666666666,-58.05
c065c4cccccccccc,-174.14999999999998
c050d5a1cac08312,-67.338
c05d0ccccccccccd,-116.2
c065c9999999999a,-174.3
c050d95810624dd3,-67.396
c04d133333333333,-58.15
c05d133333333333,-116.3
c065ce6666666666,-174.45
c050dd0e56041893,-67.454
c05d19999999999a,-116.4
c065d33333333334,-174.60000000000002
c050e0c49ba5e354,-67.512
c04d200000000000,-58.25
c05d200000000000,-116.5
c065d80000000000,-174.75
c050e47ae147ae14,-67.57
c04d2a3d70a3d70a,-58.33
c05d2a3d70a3d70a,-116.66
c065dfae147ae148,-174.99
c050ea6b50b0f27b,-67.66279999999999
c050f70a3d70a3d7,-67.86
c04d600000000000,-58.75
c066080000000000,-176.25
c051099999999999,-68.14999999999999
c066166666666666,-176.7
c05114bc6a7ef9db,-68.324
c04d7eb851eb851f,-58.99
c05d7eb851eb851f,-117.98
c0661f0a3d70a3d7,-176.97
c0511b6ae7d566cf,-68.4284
c0511c28f5c28f5c,-68.44
c04d866666666666,-59.05
c05d866666666666,-118.1
c06624cccccccccc,-177.14999999999998
c0511fdf3b645a1c,-68.49799999999999
c05d8ccccccccccd,-118.2
c06629999999999a,-177.3
c0512395810624dd,-68.556
c04d933333333333,-59.15
c05d933333333333,-118.3
c0662e6666666666,-177.45
c051274bc6a7ef9d,-68.61399999999999
c0512b020c49ba5e,-68.672
c066380000000000,-177.75
c0512eb851eb851e,-68.72999999999999
c04daa3d70a3d70a,-59.33
c05daa3d70a3d70a,-118.66
c0663fae147ae148,-177.99
c05134a8c154c985,-68.82279999999999
c0514147ae147ae1,-69.02
c04de00000000000,-59.75
c05de00000000000,-119.5
c066680000000000,-179.25
c05153d70a3d70a4,-69.31
c05df33333333333,-119.8
c066766666666666,-179.7
c0515ef9db22d0e5,-69.484
c04dfeb851eb851f,-59.99
c05dfeb851eb851f,-119.98
c0667f0a3d70a3d7,-179.97
c05165a858793dd9,-69.5884
c04e066666666666,-60.05
c05e066666666666,-120.1
c06684cccccccccc,-180.14999999999998
c0516a1cac083126,-69.65799999999999
c05e0ccccccccccd,-120.2
c06689999999999a,-180.3
c0516dd2f1a9fbe7,-69.716
c04e133333333333,-60.15
c05e133333333333,-120.3
c0668e6666666666,-180.45
c0517189374bc6a7,-69.77399999999999
c066933333333334,-180.60000000000002
c051753f7ced9168,-69.832
c04e200000000000,-60.25
c05e200000000000,-120.5
c066980000000000,-180.75
c05178f5c28f5c29,-69.89
c04e2a3d70a3d70a,-60.33
c05e2a3d70a3d70a,-120.66
c0669fae147ae148,-180.99
c0517ee631f8a090,-69.9828
c0518b851eb851eb,-70.17999999999999
c066c80000000000,-182.25
c0519e147ae147ae,-70.47
c05e733333333333,-121.8
c066d66666666666,-182.7
c051a9374bc6a7ef,-70.64399999999999
c04e7eb851eb851f,-60.99
c05e7eb851eb851f,-121.98
c066df0a3d70a3d7,-182.97
c051afe5c91d14e4,-70.7484
c05e800000000000,-122.0
c066e00000000000,-183.0
c051b0a3d70a3d70,-70.75999999999999
c04e866666666666,-61.05
c05e866666666666,-122.1
c066e4cccccccccc,-183.14999999999998
c051b45a1cac0831,-70.818
c051b810624dd2f1,-70.87599999999999
c04e933333333333,-61.15
c05e933333333333,-122.3
c066ee6666666666,-183.45
c051bbc6a7ef9db2,-70.934
c051bf7ced916873,-70.992
c04ea00000000000,-61.25
c066f80000000000,-183.75
c051c33333333333,-71.05
c04eaa3d70a3d70a,-61.33
c05eaa3d70a3d70a,-122.66
c066ffae147ae148,-183.99
c051c923a29c779a,-71.1428
c051d5c28f5c28f5,-71.33999999999999
c04ee00000000000,-61.75
c05ee00000000000,-123.5
c067280000000000,-185.25
c051e851eb851eb8,-71.63
c05ef33333333333,-123.8
c067366666666666,-185.7
c051f374bc6a7ef9,-71.80399999999999
c04efeb851eb851f,-61.99
c05efeb851eb851f,-123.98
c0673f0a3d70a3d7,-185.97
c051fa2339c0ebee,-71.9084
c051fae147ae147b,-71.92
c04f066666666666,-62.05
c05f066666666666,-124.1
c06744cccccccccc,-186.14999999999998
c051fe978d4fdf3b,-71.978
c06749999999999a,-186.3
c052024dd2f1a9fc,-72.036
c04f133333333333,-62.15
c05f133333333333,-124.3
c0674e6666666666,-186.45
c0520604189374bc,-72.094
c05f19999999999a,-124.4
c067533333333334,-186.60000000000002
c05209ba5e353f7d,-72.152
c067580000000000,-186.75
c0520d70a3d70a3d,-72.21
c04f2a3d70a3d70a,-62.33
c05f2a3d70a3d70a,-124.66
c0675fae147ae148,-186.99
c052136113404ea4,-72.30279999999999
c067700000000000,-187.5
c04f600000000000,-62.75
c05f600000000000,-125.5
c067880000000000,-188.25
c052328f5c28f5c2,-72.78999999999999
c05f733333333333,-125.8
c067966666666666,-188.7
c0523db22d0e5604,-72.964
c04f7eb851eb851f,-62.99
c05f7eb851eb851f,-125.98
c0679f0a3d70a3d7,-188.97
c0524460aa64c2f8,-73.0684
c052451eb851eb85,-73.08
c04f866666666666,-63.05
c05f866666666666,-126.1
c067a4cccccccccc,-189.14999999999998
c05248d4fdf3b645,-73.13799999999999
c05f8ccccccccccd,-126.2
c067a9999999999a,-189.3
c0524c8b43958106,-73.196
c04f933333333333,-63.15
c05f933333333333,-126.3
c067ae6666666666,-189.45
c052504189374bc6,-73.25399999999999
c05f99999999999a,-126.4
c067b33333333334,-189.60000000000002
c05253f7ced91687,-73.312
c04fa00000000000,-63.25
c067b80000000000,-189.75
c05257ae147ae147,-73.36999999999999
c04faa3d70a3d70a,-63.33
c05faa3d70a3d70a,-126.66
c067bfae147ae148,-189.99
c0525d9e83e425ae,-73.46279999999999
c05fc00000000000,-127.0
c067d00000000000,-190.5
c0526a3d70a3d70a,-73.66
c067e80000000000,-191.25
c0527ccccccccccc,-73.94999999999999
c05ff33333333333,-127.8
c067f66666666666,-191.7
c05287ef9db22d0e,-74.124
c04ffeb851eb851f,-63.99
c05ffeb851eb851f,-127.98
c067ff0a3d70a3d7,-191.97
c0528e9e1b089a02,-74.2284
c0528f5c28f5c28f,-74.24
c050033333333333,-64.05
c060033333333333,-128.1
c06804cccccccccc,-192.14999999999998
c05293126e978d4f,-74.29799999999999
c060066666666666,-128.2
c068099999999999,-192.29999999999998
c05296c8b4395810,-74.356
c05009999999999a,-64.15
c06009999999999a,-128.3
c0680e6666666667,-192.45000000000002
c0529a7ef9db22d1,-74.414
c0600ccccccccccd,-128.4
c068133333333334,-192.60000000000002
c0529e353f7ced91,-74.472
c050100000000000,-64.25
c060100000000000,-128.5
c068180000000000,-192.75
c052a1eb851eb852,-74.53
c050151eb851eb85,-64.33
c060151eb851eb85,-128.66
c0681fae147ae148,-192.99
c052a7dbf487fcb9,-74.6228
c052b47ae147ae14,-74.82
c050300000000000,-64.75
c068480000000000,-194.25
c052c70a3d70a3d7,-75.11
c052d22d0e560419,-75.284
c0503f5c28f5c28f,-64.99
c0603f5c28f5c28f,-129.98
c0685f0a3d70a3d6,-194.96999999999997
c052d8db8bac710c,-75.38839999999999
c052d99999999999,-75.39999999999999
c050433333333333,-65.05
c060433333333333,-130.1
c06864cccccccccc,-195.14999999999998
c052dd4fdf3b645a,-75.458
c060466666666666,-130.2
c068699999999999,-195.29999999999998
c052e10624dd2f1a,-75.51599999999999
c05049999999999a,-65.15
c06049999999999a,-130.3
c0686e6666666667,-195.45000000000002
c052e4bc6a7ef9db,-75.574
c0604ccccccccccd,-130.4
c068733333333334,-195.60000000000002
c052e872b020c49c,-75.632
c068780000000000,-195.75
c052ec28f5c28f5c,-75.69
c050551eb851eb85,-65.33
c060551eb851eb85,-130.66
c0687fae147ae148,-195.99
c052f219652bd3c3,-75.7828
c060600000000000,-131.0
c068900000000000,-196.5
c052feb851eb851e,-75.97999999999999
c050700000000000,-65.75
c060700000000000,-131.5
c068a80000000000,-197.25
c0531147ae147ae1,-76.27
c06079999999999a,-131.8
c068b66666666667,-197.70000000000002
c0531c6a7ef9db23,-76.444
c0507f5c28f5c28f,-65.99
c0607f5c28f5c28f,-131.98
c068bf0a3d70a3d6,-197.96999999999997
c0532318fc504816,-76.54839999999999
c05323d70a3d70a3,-76.55999999999999
c050833333333333,-66.05
c060833333333333,-132.1
c068c4cccccccccc,-198.14999999999998
c053278d4fdf3b64,-76.618
c060866666666666,-132.2
c068c99999999999,-198.29999999999998
c0532b4395810624,-76.67599999999999
c068ce6666666667,-198.45000000000002
c0532ef9db22d0e5,-76.734
c0608ccccccccccd,-132.4
c068d33333333334,-198.60000000000002
c05332b020c49ba6,-76.792
c050900000000000,-66.25
c068d80000000000,-198.75
c053366666666666,-76.85
c050951eb851eb85,-66.33
c060951eb851eb85,-132.66
c068dfae147ae148,-198.99
c0533c56d5cfaacd,-76.94279999999999
c05348f5c28f5c29,-77.14
c069080000000000,-200.25
c0535b851eb851eb,-77.42999999999999
c050b9999999999a,-66.9
c060b9999999999a,-133.8
c069166666666667,-200.70000000000002
c05366a7ef9db22d,-77.604
c060bf5c28f5c28f,-133.98
c0691f0a3d70a3d6,-200.96999999999997
c0536d566cf41f20,-77.70839999999998
c060c00000000000,-134.0
c069200000000000,-201.0
c0536e147ae147ae,-77.72
c050c33333333333,-67.05
c060c33333333333,-134.1
c06924cccccccccc,-201.14999999999998
c05371cac083126e,-77.77799999999999
c050c66666666666,-67.1
c060c66666666666,-134.2
c069299999999999,-201.29999999999998
c05375810624dd2e,-77.83599999999998
c050c9999999999a,-67.15
c060c9999999999a,-134.3
c0692e6666666667,-201.45000000000002
c05379374bc6a7f0,-77.894
c0537ced916872b0,-77.952
c050d00000000000,-67.25
c060d00000000000,-134.5
c069380000000000,-201.75
c05380a3d70a3d70,-78.00999999999999
c050d51eb851eb85,-67.33
c060d51eb851eb85,-134.66
c0693fae147ae148,-201.99
c0538694467381d7,-78.10279999999999
c050f00000000000,-67.75
c060f00000000000,-135.5
c069680000000000,-203.25
c053a5c28f5c28f5,-78.58999999999999
c050f9999999999a,-67.9
c060f9999999999a,-135.8
c069766666666667,-203.70000000000002
c053b0e560418937,-78.764
c050ff5c28f5c28f,-67.99
c060ff5c28f5c28f,-135.98
c0697f0a3d70a3d6,-203.96999999999997
c053b793dd97f62b,-78.8684
c053b851eb851eb8,-78.88
c051033333333333,-68.05
c061033333333333,-136.1
c06984cccccccccc,-204.14999999999998
c053bc083126e978,-78.93799999999999
c061066666666666,-136.2
c069899999999999,-204.29999999999998
c053bfbe76c8b438,-78.99599999999998
c05109999999999a,-68.15
c0698e6666666667,-204.45000000000002
c053c374bc6a7efa,-79.054
c069933333333334,-204.60000000000002
c053c72b020c49ba,-79.112
c069980000000000,-204.75
c053cae147ae147a,-79.16999999999999
c051151eb851eb85,-68.33
c061151eb851eb85,-136.66
c0699fae147ae148,-204.99
c053d0d1b71758e2,-79.2628
c061200000000000,-137.0
c069b00000000000,-205.5
c053dd70a3d70a3d,-79.46
c051300000000000,-68.75
c069c80000000000,-206.25
c053f00000000000,-79.75
c053fb22d0e56042,-79.924
c0513f5c28f5c28f,-68.99
c0613f5c28f5c28f,-137.98
c069df0a3d70a3d6,-206.96999999999997
c05401d14e3bcd35,-80.02839999999999
c054028f5c28f5c2,-80.03999999999999
c051433333333333,-69.05
c061433333333333,-138.1
c069e4cccccccccc,-207.14999999999998
c0540645a1cac082,-80.09799999999998
c051466666666666,-69.1
c061466666666666,-138.2
c069e99999999999,-207.29999999999998
c05409fbe76c8b43,-80.15599999999999
c069ee6666666667,-207.45000000000002
c0540db22d0e5604,-80.214
c0514ccccccccccd,-69.2
c0614ccccccccccd,-138.4
c069f33333333334,-207.60000000000002
c054116872b020c4,-80.27199999999999
c051500000000000,-69.25
c061500000000000,-138.5
c069f80000000000,-207.75
c054151eb851eb85,-80.33
c051551eb851eb85,-69.33
c061551eb851eb85,-138.66
c069ffae147ae148,-207.99
c0541b0f27bb2fec,-80.4228
c061600000000000,-139.0
c06a100000000000,-208.5
c05427ae147ae147,-80.61999999999999
c06a280000000000,-209.25
c0543a3d70a3d70a,-80.91
c05179999999999a,-69.9
c06179999999999a,-139.8
c06a366666666667,-209.70000000000002
c05445604189374c,-81.084
c0617f5c28f5c28f,-139.98
c06a3f0a3d70a3d6,-209.96999999999997
c0544c0ebedfa43f,-81.18839999999999
c0544ccccccccccc,-81.19999999999999
c051833333333333,-70.05
c061833333333333,-140.1
c06a44cccccccccc,-210.14999999999998
c0545083126e978d,-81.258
c061866666666666,-140.2
c06a499999999999,-210.29999999999998
c05454395810624d,-81.31599999999999
c05189999999999a,-70.15
c06189999999999a,-140.3
c06a4e6666666667,-210.45000000000002
c05457ef9db22d0e,-81.374
c0545ba5e353f7cf,-81.432
c051900000000000,-70.25
c061900000000000,-140.5
c06a580000000000,-210.75
c0545f5c28f5c28f,-81.49
c051951eb851eb85,-70.33
c061951eb851eb85,-140.66
c06a5fae147ae148,-210.99
c054654c985f06f6,-81.58279999999999
c05471eb851eb852,-81.78
c051b00000000000,-70.75
c061b00000000000,-141.5
c06a880000000000,-212.25
c054847ae147ae14,-82.07
c051b9999999999a,-70.9
c061b9999999999a,-141.8
c06a966666666667,-212.70000000000002
c0548f9db22d0e56,-82.244
c051bf5c28f5c28f,-70.99
c061bf5c28f5c28f,-141.98
c06a9f0a3d70a3d6,-212.96999999999997
c054964c2f837b49,-82.34839999999998
c061c00000000000,-142.0
c06aa00000000000,-213.0
c054970a3d70a3d7,-82.36
c061c33333333333,-142.1
c06aa4cccccccccc,-213.14999999999998
c0549ac083126e97,-82.41799999999999
c051c66666666666,-71.1
c061c66666666666,-142.2
c06aa99999999999,-213.29999999999998
c0549e76c8b43957,-82.47599999999998
c051c9999999999a,-71.15
c061c9999999999a,-142.3
c06aae6666666667,-213.45000000000002
c054a22d0e560419,-82.534
c051cccccccccccd,-71.2
c061cccccccccccd,-142.4
c06ab33333333334,-213.60000000000002
c054a5e353f7ced9,-82.592
c06ab80000000000,-213.75
c054a99999999999,-82.64999999999999
c051d51eb851eb85,-71.33
c061d51eb851eb85,-142.66
c06abfae147ae148,-213.99
c054af8a0902de00,-82.74279999999999
c054bc28f5c28f5c,-82.94
c051f00000000000,-71.75
c06ae80000000000,-215.25
c054ceb851eb851e,-83.22999999999999
c051f9999999999a,-71.9
c061f9999999999a,-143.8
c06af66666666667,-215.70000000000002
c054d9db22d0e560,-83.404
c051ff5c28f5c28f,-71.99
c061ff5c28f5c28f,-143.98
c06aff0a3d70a3d6,-215.96999999999997
c054e089a0275254,-83.5084
c054e147ae147ae1,-83.52
c052033333333333,-72.05
c062033333333333,-144.1
c06b04cccccccccc,-216.14999999999998
c054e4fdf3b645a1,-83.57799999999999
c062066666666666,-144.2
c06b099999999999,-216.29999999999998
c054e8b439581061,-83.63599999999998
c06b0e6666666667,-216.45000000000002
c054ec6a7ef9db23,-83.694
c054f020c49ba5e3,-83.752
c052100000000000,-72.25
c062100000000000,-144.5
c06b180000000000,-216.75
c054f3d70a3d70a3,-83.80999999999999
c052151eb851eb85,-72.33
c062151eb851eb85,-144.66
c06b1fae147ae148,-216.99
c054f9c779a6b50b,-83.9028
c06b300000000000,-217.5
c06b480000000000,-218.25
c05518f5c28f5c29,-84.39
c06b566666666667,-218.70000000000002
c05524189374bc6b,-84.56400000000001
c0623f5c28f5c28f,-145.98
c06b5f0a3d70a3d6,-218.96999999999997
c0552ac710cb295e,-84.66839999999999
c062400000000000,-146.0
c06b600000000000,-219.0
c0552b851eb851eb,-84.67999999999999
c052433333333333,-73.05
c062433333333333,-146.1
c06b64cccccccccc,-219.14999999999998
c0552f3b645a1cab,-84.73799999999999
c05532f1a9fbe76c,-84.79599999999999
c05249999999999a,-73.15
c06249999999999a,-146.3
c06b6e6666666667,-219.45000000000002
c05536a7ef9db22d,-84.854
c0524ccccccccccd,-73.2
c0624ccccccccccd,-146.4
c06b733333333334,-219.60000000000002
c0553a5e353f7ced,-84.91199999999999
c052500000000000,-73.25
c062500000000000,-146.5
c06b780000000000,-219.75
c0553e147ae147ae,-84.97
c052551eb851eb85,-73.33
c062551eb851eb85,-146.66
c06b7fae147ae148,-219.99
c0554404ea4a8c15,-85.0628
c05550a3d70a3d70,-85.25999999999999
c052700000000000,-73.75
c06ba80000000000,-221.25
c055633333333333,-85.55
c05279999999999a,-73.9
c06279999999999a,-147.8
c06bb66666666667,-221.70000000000002
c0556e5604189375,-85.724
c0527f5c28f5c28f,-73.99
c0627f5c28f5c28f,-147.98
c06bbf0a3d70a3d6,-221.96999999999997
c0557504816f0068,-85.82839999999999
c05575c28f5c28f5,-85.83999999999999
c052833333333333,-74.05
c062833333333333,-148.1
c06bc4cccccccccc,-222.14999999999998
c0557978d4fdf3b6,-85.898
c062866666666666,-148.2
c06bc99999999999,-222.29999999999998
c0557d2f1a9fbe76,-85.95599999999999
c05289999999999a,-74.15
c06289999999999a,-148.3
c06bce6666666667,-222.45000000000002
c05580e560418937,-86.014
c055849ba5e353f8,-86.072
c06bd80000000000,-222.75
c0558851eb851eb8,-86.13
c052951eb851eb85,-74.33
c062951eb851eb85,-148.66
c06bdfae147ae148,-222.99
c0558e425aee631f,-86.22279999999999
c062a00000000000,-149.0
c06bf00000000000,-223.5
c0559ae147ae147a,-86.41999999999999
c052b00000000000,-74.75
c062b00000000000,-149.5
c06c080000000000,-224.25
c055ad70a3d70a3d,-86.71
c052b9999999999a,-74.9
c062b9999999999a,-149.8
c06c166666666667,-224.70000000000002
c055b89374bc6a7f,-86.884
c052bf5c28f5c28f,-74.99
c062bf5c28f5c28f,-149.98
c06c1f0a3d70a3d6,-224.96999999999997
c055bf41f212d772,-86.98839999999998
c052c33333333333,-75.05
c062c33333333333,-150.1
c06c24cccccccccc,-225.14999999999998
c055c3b645a1cac0,-87.05799999999999
c052c66666666666,-75.1
c062c66666666666,-150.2
c06c299999999999,-225.29999999999998
c055c76c8b439580,-87.11599999999999
c06c2e6666666667,-225.45000000000002
c055cb22d0e56042,-87.174
c055ced916872b02,-87.232
c052d00000000000,-75.25
c06c380000000000,-225.75
c055d28f5c28f5c2,-87.28999999999999
c052d51eb851eb85,-75.33
c062d51eb851eb85,-150.66
c06c3fae147ae148,-225.99
c055d87fcb923a29,-87.38279999999999
c062e00000000000,-151.0
c06c500000000000,-226.5
c055e51eb851eb85,-87.58
c06c680000000000,-227.25
c055f7ae147ae147,-87.86999999999999
c06c766666666667,-227.70000000000002
c05602d0e5604189,-88.044
c062ff5c28f5c28f,-151.98
c06c7f0a3d70a3d6,-227.96999999999997
c056097f62b6ae7c,-88.14839999999998
c0560a3d70a3d70a,-88.16
c053033333333333,-76.05
c063033333333333,-152.1
c06c84cccccccccc,-228.14999999999998
c0560df3b645a1ca,-88.21799999999999
c063066666666666,-152.2
c06c899999999999,-228.29999999999998
c05611a9fbe76c8a,-88.27599999999998
c05309999999999a,-76.15
c06309999999999a,-152.3
c06c8e6666666667,-228.45000000000002
c05615604189374c,-88.334
c0630ccccccccccd,-152.4
c06c933333333334,-228.60000000000002
c0561916872b020c,-88.392
c053100000000000,-76.25
c063100000000000,-152.5
c06c980000000000,-228.75
c0561ccccccccccc,-88.44999999999999
c053151eb851eb85,-76.33
c063151eb851eb85,-152.66
c06c9fae147ae148,-228.99
c05622bd3c361133,-88.54279999999999
c0562f5c28f5c28f,-88.74
c053300000000000,-76.75
c063300000000000,-153.5
c06cc80000000000,-230.25
c05641eb851eb851,-89.02999999999999
c05339999999999a,-76.9
c06339999999999a,-153.8
c06cd66666666667,-230.70000000000002
c0564d0e56041893,-89.204
c0533f5c28f5c28f,-76.99
c0633f5c28f5c28f,-153.98
c06cdf0a3d70a3d6,-230.96999999999997
c05653bcd35a8587,-89.30839999999999
c056547ae147ae14,-89.32
c053433333333333,-77.05
c063433333333333,-154.1
c06ce4cccccccccc,-231.14999999999998
c056583126e978d4,-89.37799999999999
c053466666666666,-77.1
c063466666666666,-154.2
c06ce99999999999,-231.29999999999998
c0565be76c8b4395,-89.43599999999999
c05349999999999a,-77.15
c06349999999999a,-154.3
c06cee6666666667,-231.45000000000002
c0565f9db22d0e56,-89.494
c0534ccccccccccd,-77.2
c0634ccccccccccd,-154.4
c06cf33333333334,-231.60000000000002
c0566353f7ced916,-89.55199999999999
c06cf80000000000,-231.75
c056670a3d70a3d7,-89.61
c053551eb851eb85,-77.33
c063551eb851eb85,-154.66
c06cffae147ae148,-231.99
c0566cfaacd9e83e,-89.7028
c06d100000000000,-232.5
c056799999999999,-89.89999999999999
c053700000000000,-77.75
c063700000000000,-155.5
c06d280000000000,-233.25
c0568c28f5c28f5c,-90.19
c056974bc6a7ef9e,-90.364
c0537f5c28f5c28f,-77.99
c0637f5c28f5c28f,-155.98
c06d3f0a3d70a3d6,-233.96999999999997
c0569dfa43fe5c91,-90.46839999999999
c0569eb851eb851e,-90.47999999999999
c053833333333333,-78.05
c063833333333333,-156.1
c06d44cccccccccc,-234.14999999999998
c056a26e978d4fdf,-90.538
c063866666666666,-156.2
c06d499999999999,-234.29999999999998
c056a624dd2f1a9f,-90.59599999999999
c06d4e6666666667,-234.45000000000002
c056a9db22d0e560,-90.654
c056ad916872b021,-90.712
c053900000000000,-78.25
c063900000000000,-156.5
c06d580000000000,-234.75
c056b147ae147ae1,-90.77
c053951eb851eb85,-78.33
c063951eb851eb85,-156.66
c06d5fae147ae148,-234.99
c056b7381d7dbf48,-90.8628
c063a00000000000,-157.0
c06d700000000000,-235.5
c056c3d70a3d70a3,-91.05999999999999
c06d880000000000,-236.25
c056d66666666666,-91.35
c053b9999999999a,-78.9
c063b9999999999a,-157.8
c06d966666666667,-236.70000000000002
c056e189374bc6a8,-91.524
c063bf5c28f5c28f,-157.98
c06d9f0a3d70a3d6,-236.96999999999997
c056e837b4a2339b,-91.62839999999998
c063c00000000000,-158.0
c06da00000000000,-237.0
c056e8f5c28f5c29,-91.64
c053c33333333333,-79.05
c06da4cccccccccc,-237.14999999999998
c056ecac083126e9,-91.698
c053c66666666666,-79.1
c063c66666666666,-158.2
c06da99999999999,-237.29999999999998
c056f0624dd2f1a9,-91.75599999999999
c053c9999999999a,-79.15
c063c9999999999a,-158.3
c06dae6666666667,-237.45000000000002
c056f4189374bc6b,-91.81400000000001
c056f7ced916872b,-91.872
c053d00000000000,-79.25
c063d00000000000,-158.5
c06db80000000000,-237.75
c056fb851eb851eb,-91.92999999999999
c053d51eb851eb85,-79.33
c063d51eb851eb85,-158.66
c06dbfae147ae148,-237.99
c05701758e219652,-92.02279999999999
c0570e147ae147ae,-92.22
c06de80000000000,-239.25
c05720a3d70a3d70,-92.50999999999999
c0572bc6a7ef9db2,-92.684
c053ff5c28f5c28f,-79.99
c063ff5c28f5c28f,-159.98
c06dff0a3d70a3d6,-239.96999999999997
c057327525460aa5,-92.78839999999998
c057333333333333,-92.8
c054033333333333,-80.05
c064033333333333,-160.1
c06e04cccccccccc,-240.14999999999998
c05736e978d4fdf3,-92.85799999999999
c064066666666666,-160.2
c06e099999999999,-240.29999999999998
c0573a9fbe76c8b3,-92.91599999999998
c05409999999999a,-80.15
c06409999999999a,-160.3
c06e0e6666666667,-240.45000000000002
c0573e5604189375,-92.974
c0640ccccccccccd,-160.4
c06e133333333334,-240.60000000000002
c057420c49ba5e35,-93.032
c06e180000000000,-240.75
c05745c28f5c28f5,-93.08999999999999
c064151eb851eb85,-160.66
c06e1fae147ae148,-240.99
c0574bb2fec56d5c,-93.18279999999999
c06e300000000000,-241.5
c0575851eb851eb8,-93.38
c054300000000000,-80.75
c064300000000000,-161.5
c06e480000000000,-242.25
c0576ae147ae147a,-93.66999999999999
c05439999999999a,-80.9
c06439999999999a,-161.8
c06e566666666667,-242.70000000000002
c0577604189374bc,-93.844
c0543f5c28f5c28f,-80.99
c0643f5c28f5c28f,-161.98
c06e5f0a3d70a3d6,-242.96999999999997
c0577cb295e9e1b0,-93.94839999999999
c0577d70a3d70a3d,-93.96
c054433333333333,-81.05
c064433333333333,-162.1
c06e64cccccccccc,-243.14999999999998
c0578126e978d4fd,-94.01799999999999
c054466666666666,-81.1
c064466666666666,-162.2
c06e699999999999,-243.29999999999998
c05784dd2f1a9fbe,-94.076
c06e6e6666666667,-243.45000000000002
c057889374bc6a7f,-94.134
c0578c49ba5e353f,-94.192
c054500000000000,-81.25
c064500000000000,-162.5
c06e780000000000,-243.75
c057900000000000,-94.25
c054551eb851eb85,-81.33
c064551eb851eb85,-162.66
c06e7fae147ae148,-243.99
c05795f06f694467,-94.3428
c064600000000000,-163.0
c06e900000000000,-244.5
c057a28f5c28f5c2,-94.53999999999999
c06ea80000000000,-245.25
c057b51eb851eb85,-94.83
c06eb66666666667,-245.70000000000002
c057c04189374bc7,-95.004
c0647f5c28f5c28f,-163.98
c06ebf0a3d70a3d6,-245.96999999999997
c057c6f0068db8ba,-95.10839999999999
c057c7ae147ae147,-95.11999999999999
c054833333333333,-82.05
c064833333333333,-164.1
c06ec4cccccccccc,-246.14999999999998
c057cb645a1cac07,-95.17799999999998
c064866666666666,-164.2
c06ec99999999999,-246.29999999999998
c057cf1a9fbe76c8,-95.23599999999999
c05489999999999a,-82.15
c06ece6666666667,-246.45000000000002
c057d2d0e5604189,-95.294
c0648ccccccccccd,-164.4
c06ed33333333334,-246.60000000000002
c057d6872b020c49,-95.35199999999999
c054900000000000,-82.25
c06ed80000000000,-246.75
c057da3d70a3d70a,-95.41
c054951eb851eb85,-82.33
c064951eb851eb85,-164.66
c06edfae147ae148,-246.99
c057e02de00d1b71,-95.5028
c054b00000000000,-82.75
c064b00000000000,-165.5
c06f080000000000,-248.25
c057ff5c28f5c28f,-95.99
c054b9999999999a,-82.9
c064b9999999999a,-165.8
c06f166666666667,-248.70000000000002
c0580a7ef9db22d1,-96.164
c054bf5c28f5c28f,-82.99
c064bf5c28f5c28f,-165.98
c06f1f0a3d70a3d6,-248.96999999999997
c058112d77318fc4,-96.26839999999999
c064c00000000000,-166.0
c06f200000000000,-249.0
c05811eb851eb851,-96.27999999999999
c054c33333333333,-83.05
c064c33333333333,-166.1
c06f24cccccccccc,-249.14999999999998
c05815a1cac08312,-96.338
c054c66666666666,-83.1
c064c66666666666,-166.2
c06f299999999999,-249.29999999999998
c058195810624dd2,-96.39599999999999
c054c9999999999a,-83.15
c064c9999999999a,-166.3
c06f2e6666666667,-249.45000000000002
c0581d0e56041893,-96.454
c05820c49ba5e354,-96.512
c06f380000000000,-249.75
c058247ae147ae14,-96.57
c054d51eb851eb85,-83.33
c064d51eb851eb85,-166.66
c06f3fae147ae148,-249.99
c0582a6b50b0f27b,-96.66279999999999
c064e00000000000,-167.0
c06f500000000000,-250.5
c058370a3d70a3d7,-96.86
c054f00000000000,-83.75
c064f00000000000,-167.5
c06f680000000000,-251.25
c058499999999999,-97.14999999999999
c054f9999999999a,-83.9
c064f9999999999a,-167.8
c06f766666666667,-251.70000000000002
c05854bc6a7ef9db,-97.324
c054ff5c28f5c28f,-83.99
c064ff5c28f5c28f,-167.98
c06f7f0a3d70a3d6,-251.96999999999997
c0585b6ae7d566ce,-97.42839999999998
c0585c28f5c28f5c,-97.44
c055033333333333,-84.05
c065033333333333,-168.1
c06f84cccccccccc,-252.14999999999998
c0585fdf3b645a1c,-97.49799999999999
c065066666666666,-168.2
c06f899999999999,-252.29999999999998
c0586395810624dc,-97.55599999999998
c06f8e6666666667,-252.45000000000002
c058674bc6a7ef9e,-97.614
c0650ccccccccccd,-168.4
c06f933333333334,-252.60000000000002
c0586b020c49ba5e,-97.672
c055100000000000,-84.25
c065100000000000,-168.5
c06f980000000000,-252.75
c0586eb851eb851e,-97.72999999999999
c055151eb851eb85,-84.33
c065151eb851eb85,-168.66
c06f9fae147ae148,-252.99
c05874a8c154c985,-97.82279999999999
c065200000000000,-169.0
c06fb00000000000,-253.5
c0588147ae147ae1,-98.02
c06fc80000000000,-254.25
c05893d70a3d70a3,-98.30999999999999
c05539999999999a,-84.9
c06539999999999a,-169.8
c06fd66666666667,-254.70000000000002
c0589ef9db22d0e5,-98.484
c0653f5c28f5c28f,-169.98
c06fdf0a3d70a3d6,-254.96999999999997
c058a5a858793dd9,-98.5884
c058a66666666666,-98.6
c055433333333333,-85.05
c065433333333333,-170.1
c06fe4cccccccccc,-255.14999999999998
c058aa1cac083126,-98.65799999999999
c055466666666666,-85.1
c065466666666666,-170.2
c06fe99999999999,-255.29999999999998
c058add2f1a9fbe6,-98.71599999999998
c05549999999999a,-85.15
c06549999999999a,-170.3
c06fee6666666667,-255.45000000000002
c058b189374bc6a8,-98.774
c0554ccccccccccd,-85.2
c0654ccccccccccd,-170.4
c06ff33333333334,-255.60000000000002
c058b53f7ced9168,-98.832
c055500000000000,-85.25
c06ff80000000000,-255.75
c058b8f5c28f5c28,-98.88999999999999
c055551eb851eb85,-85.33
c065551eb851eb85,-170.66
c06fffae147ae148,-255.99
c058bee631f8a090,-98.9828
c058cb851eb851eb,-99.17999999999999
c055700000000000,-85.75
c070140000000000,-257.25
c058de147ae147ae,-99.47
c05579999999999a,-85.9
c06579999999999a,-171.8
c0701b3333333334,-257.70000000000005
c058e9374bc6a7f0,-99.644
c0557f5c28f5c28f,-85.99
c0657f5c28f5c28f,-171.98
c0701f851eb851eb,-257.96999999999997
c058efe5c91d14e3,-99.74839999999999
c058f0a3d70a3d70,-99.75999999999999
c055833333333333,-86.05
c065833333333333,-172.1
c070226666666666,-258.15
c058f45a1cac0830,-99.81799999999998
c065866666666666,-172.2
c07024cccccccccc,-258.29999999999995
c058f810624dd2f1,-99.87599999999999
c05589999999999a,-86.15
c06589999999999a,-172.3
c070273333333334,-258.45000000000005
c058fbc6a7ef9db2,-99.934
c0658ccccccccccd,-172.4
c07029999999999a,-258.6
c058ff7ced916872,-99.99199999999999
c0702c0000000000,-258.75
c059033333333333,-100.05
c055951eb851eb85,-86.33
c065951eb851eb85,-172.66
c0702fd70a3d70a4,-258.99
c0590923a29c779a,-100.1428
c065a00000000000,-173.0
c070380000000000,-259.5
c05915c28f5c28f5,-100.33999999999999
c055b00000000000,-86.75
c065b00000000000,-173.5
c070440000000000,-260.25
c0592851eb851eb8,-100.63
c055b9999999999a,-86.9
c065b9999999999a,-173.8
c0704b3333333334,-260.70000000000005
c0593374bc6a7efa,-100.804
c055bf5c28f5c28f,-86.99
c065bf5c28f5c28f,-173.98
c0704f851eb851eb,-260.96999999999997
c0593a2339c0ebed,-100.90839999999999
c0593ae147ae147a,-100.91999999999999
c055c33333333333,-87.05
c065c33333333333,-174.1
c070526666666666,-261.15
c0593e978d4fdf3b,-100.978
c055c66666666666,-87.1
c065c66666666666,-174.2
c07054cccccccccc,-261.29999999999995
c059424dd2f1a9fb,-101.03599999999999
c070573333333334,-261.45000000000005
c0594604189374bc,-101.094
c055cccccccccccd,-87.2
c065cccccccccccd,-174.4
c07059999999999a,-261.6
c05949ba5e353f7d,-101.152
c055d00000000000,-87.25
c065d00000000000,-174.5
c0705c0000000000,-261.75
c0594d70a3d70a3d,-101.21
c055d51eb851eb85,-87.33
c065d51eb851eb85,-174.66
c0705fd70a3d70a4,-261.99
c059536113404ea4,-101.30279999999999
c070680000000000,-262.5
c070740000000000,-263.25
c059728f5c28f5c2,-101.78999999999999
c055f9999999999a,-87.9
c065f9999999999a,-175.8
c0707b3333333334,-263.70000000000005
c0597db22d0e5604,-101.964
c065ff5c28f5c28f,-175.98
c0707f851eb851eb,-263.96999999999997
c0598460aa64c2f7,-102.06839999999998
c059851eb851eb85,-102.08
c056033333333333,-88.05
c066033333333333,-176.1
c070826666666666,-264.15
c05988d4fdf3b645,-102.13799999999999
c066066666666666,-176.2
c07084cccccccccc,-264.29999999999995
c0598c8b43958105,-102.19599999999998
c05609999999999a,-88.15
c070873333333334,-264.45000000000005
c059904189374bc7,-102.254
c05993f7ced91687,-102.312
c056100000000000,-88.25
c066100000000000,-176.5
c0708c0000000000,-264.75
c05997ae147ae147,-102.36999999999999
c056151eb851eb85,-88.33
c066151eb851eb85,-176.66
c0708fd70a3d70a4,-264.99
c0599d9e83e425ae,-102.46279999999999
c056300000000000,-88.75
c066300000000000,-177.5
c070a40000000000,-266.25
c059bccccccccccc,-102.94999999999999
c05639999999999a,-88.9
c06639999999999a,-177.8
c070ab3333333334,-266.70000000000005
c059c7ef9db22d0e,-103.124
c0563f5c28f5c28f,-88.99
c0663f5c28f5c28f,-177.98
c070af851eb851eb,-266.96999999999997
c059ce9e1b089a02,-103.2284
c066400000000000,-178.0
c070b00000000000,-267.0
c059cf5c28f5c28f,-103.24
c056433333333333,-89.05
c066433333333333,-178.1
c070b26666666666,-267.15
c059d3126e978d4f,-103.29799999999999
c056466666666666,-89.1
c066466666666666,-178.2
c070b4cccccccccc,-267.29999999999995
c059d6c8b439580f,-103.35599999999998
c05649999999999a,-89.15
c06649999999999a,-178.3
c070b73333333334,-267.45000000000005
c059da7ef9db22d1,-103.414
c0564ccccccccccd,-89.2
c0664ccccccccccd,-178.4
c070b9999999999a,-267.6
c059de353f7ced91,-103.472
c070bc0000000000,-267.75
c059e1eb851eb851,-103.52999999999999
c056551eb851eb85,-89.33
c066551eb851eb85,-178.66
c070bfd70a3d70a4,-267.99
c059e7dbf487fcb8,-103.62279999999998
c066600000000000,-179.0
c070c80000000000,-268.5
c059f47ae147ae14,-103.82
c056700000000000,-89.75
c066700000000000,-179.5
c070d40000000000,-269.25
c05a070a3d70a3d7,-104.11
c070db3333333334,-269.70000000000005
c05a122d0e560419,-104.284
c0567f5c28f5c28f,-89.99
c0667f5c28f5c28f,-179.98
c070df851eb851eb,-269.96999999999997
c05a18db8bac710c,-104.38839999999999
c05a199999999999,-104.39999999999999
c056833333333333,-90.05
c066833333333333,-180.1
c070e26666666666,-270.15
c05a1d4fdf3b6459,-104.45799999999998
c066866666666666,-180.2
c070e4cccccccccc,-270.29999999999995
c05a210624dd2f1a,-104.51599999999999
c070e73333333334,-270.45000000000005
c05a24bc6a7ef9db,-104.574
c070e9999999999a,-270.6
c05a2872b020c49b,-104.63199999999999
c056900000000000,-90.25
c066900000000000,-180.5
c070ec0000000000,-270.75
c05a2c28f5c28f5c,-104.69
c056951eb851eb85,-90.33
c066951eb851eb85,-180.66
c070efd70a3d70a4,-270.99
c05a3219652bd3c3,-104.7828
c066a00000000000,-181.0
c070f80000000000,-271.5
c05a3eb851eb851e,-104.97999999999999
c071040000000000,-272.25
c05a5147ae147ae1,-105.27
c056b9999999999a,-90.9
c066b9999999999a,-181.8
c0710b3333333334,-272.70000000000005
c05a5c6a7ef9db23,-105.444
c066bf5c28f5c28f,-181.98
c0710f851eb851eb,-272.96999999999997
c05a6318fc504816,-105.54839999999999
c071100000000000,-273.0
c05a63d70a3d70a3,-105.55999999999999
c056c33333333333,-91.05
c066c33333333333,-182.1
c071126666666666,-273.15
c05a678d4fdf3b64,-105.618
c056c66666666666,-91.1
c066c66666666666,-182.2
c07114cccccccccc,-273.29999999999995
c05a6b4395810624,-105.67599999999999
c056c9999999999a,-91.15
c066c9999999999a,-182.3
c071173333333334,-273.45000000000005
c05a6ef9db22d0e5,-105.734
c05a72b020c49ba6,-105.792
c056d00000000000,-91.25
c066d00000000000,-182.5
c0711c0000000000,-273.75
c05a766666666666,-105.85
c056d51eb851eb85,-91.33
c066d51eb851eb85,-182.66
c0711fd70a3d70a4,-273.99
c05a7c56d5cfaacd,-105.94279999999999
c071280000000000,-274.5
c05a88f5c28f5c28,-106.13999999999999
c056f00000000000,-91.75
c066f00000000000,-183.5
c071340000000000,-275.25
c05a9b851eb851eb,-106.42999999999999
c056f9999999999a,-91.9
c066f9999999999a,-183.8
c0713b3333333334,-275.70000000000005
c05aa6a7ef9db22d,-106.604
c056ff5c28f5c28f,-91.99
c066ff5c28f5c28f,-183.98
c0713f851eb851eb,-275.96999999999997
c05aad566cf41f20,-106.70839999999998
c05aae147ae147ae,-106.72
c057033333333333,-92.05
c067033333333333,-184.1
c071426666666666,-276.15
c05ab1cac083126e,-106.77799999999999
c067066666666666,-184.2
c07144cccccccccc,-276.29999999999995
c05ab5810624dd2e,-106.83599999999998
c05709999999999a,-92.15
c06709999999999a,-184.3
c071473333333334,-276.45000000000005
c05ab9374bc6a7f0,-106.894
c0670ccccccccccd,-184.4
c07149999999999a,-276.6
c05abced916872b0,-106.952
c0714c0000000000,-276.75
c05ac0a3d70a3d70,-107.00999999999999
c057151eb851eb85,-92.33
c067151eb851eb85,-184.66
c0714fd70a3d70a4,-276.99
c05ac694467381d7,-107.10279999999999
c071580000000000,-277.5
c05ad33333333333,-107.3
c057300000000000,-92.75
c071640000000000,-278.25
c05ae5c28f5c28f5,-107.58999999999999
c05739999999999a,-92.9
c06739999999999a,-185.8
c0716b3333333334,-278.70000000000005
c05af0e560418937,-107.764
c0573f5c28f5c28f,-92.99
c0673f5c28f5c28f,-185.98
c0716f851eb851eb,-278.96999999999997
c05af793dd97f62a,-107.86839999999998
c071700000000000,-279.0
c05af851eb851eb8,-107.88
c057433333333333,-93.05
c067433333333333,-186.1
c071726666666666,-279.15
c05afc083126e978,-107.93799999999999
c057466666666666,-93.1
c067466666666666,-186.2
c07174cccccccccc,-279.29999999999995
c05affbe76c8b438,-107.99599999999998
c071773333333334,-279.45000000000005
c05b0374bc6a7efa,-108.054
c0574ccccccccccd,-93.2
c0674ccccccccccd,-186.4
c07179999999999a,-279.6
c05b072b020c49ba,-108.112
c057500000000000,-93.25
c067500000000000,-186.5
c0717c0000000000,-279.75
c05b0ae147ae147a,-108.16999999999999
c057551eb851eb85,-93.33
c067551eb851eb85,-186.66
c0717fd70a3d70a4,-279.99
c05b10d1b71758e1,-108.26279999999998
c05b1d70a3d70a3d,-108.46
c071940000000000,-281.25
c05b2fffffffffff,-108.74999999999999
c05779999999999a,-93.9
c06779999999999a,-187.8
c0719b3333333334,-281.70000000000005
c05b3b22d0e56041,-108.92399999999999
c0677f5c28f5c28f,-187.98
c0719f851eb851eb,-281.96999999999997
c05b41d14e3bcd35,-109.02839999999999
c05b428f5c28f5c2,-109.03999999999999
c057833333333333,-94.05
c071a26666666666,-282.15
c05b4645a1cac082,-109.09799999999998
c067866666666666,-188.2
c071a4cccccccccc,-282.29999999999995
c05b49fbe76c8b43,-109.15599999999999
c05789999999999a,-94.15
c06789999999999a,-188.3
c071a73333333334,-282.45000000000005
c05b4db22d0e5604,-109.214
c0678ccccccccccd,-188.4
c071a9999999999a,-282.6
c05b516872b020c4,-109.27199999999999
c067900000000000,-188.5
c071ac0000000000,-282.75
c05b551eb851eb85,-109.33
c057951eb851eb85,-94.33
c067951eb851eb85,-188.66
c071afd70a3d70a4,-282.99
c05b5b0f27bb2fec,-109.4228
c071b80000000000,-283.5
c05b67ae147ae147,-109.61999999999999
c057b00000000000,-94.75
c067b00000000000,-189.5
c071c40000000000,-284.25
c05b7a3d70a3d70a,-109.91
c057b9999999999a,-94.9
c067b9999999999a,-189.8
c071cb3333333334,-284.70000000000005
c05b85604189374c,-110.084
c057bf5c28f5c28f,-94.99
c067bf5c28f5c28f,-189.98
c071cf851eb851eb,-284.96999999999997
c05b8c0ebedfa43f,-110.18839999999999
c05b8ccccccccccc,-110.19999999999999
c057c33333333333,-95.05
c067c33333333333,-190.1
c071d26666666666,-285.15
c05b9083126e978d,-110.258
c057c66666666666,-95.1
c067c66666666666,-190.2
c071d4cccccccccc,-285.29999999999995
c05b94395810624d,-110.31599999999999
c057c9999999999a,-95.15
c067c9999999999a,-190.3
c071d73333333334,-285.45000000000005
c05b97ef9db22d0e,-110.374
c05b9ba5e353f7cf,-110.432
c071dc0000000000,-285.75
c05b9f5c28f5c28f,-110.49
c057d51eb851eb85,-95.33
c067d51eb851eb85,-190.66
c071dfd70a3d70a4,-285.99
c05ba54c985f06f6,-110.58279999999999
c067e00000000000,-191.0
c071e80000000000,-286.5
c05bb1eb851eb851,-110.77999999999999
c057f00000000000,-95.75
c067f00000000000,-191.5
c071f40000000000,-287.25
c05bc47ae147ae14,-111.07
c057f9999999999a,-95.9
c067f9999999999a,-191.8
c071fb3333333334,-287.70000000000005
c05bcf9db22d0e56,-111.244
c067ff5c28f5c28f,-191.98
c071ff851eb851eb,-287.96999999999997
c05bd64c2f837b49,-111.34839999999998
c05bd70a3d70a3d6,-111.35999999999999
c058033333333333,-96.05
c068033333333333,-192.1
c072026666666666,-288.15
c05bdac083126e97,-111.41799999999999
c068066666666666,-192.2
c07204cccccccccc,-288.29999999999995
c05bde76c8b43957,-111.47599999999998
c05809999999999a,-96.15
c06809999999999a,-192.3
c072073333333334,-288.45000000000005
c05be22d0e560418,-111.53399999999999
c07209999999999a,-288.6
c05be5e353f7ced9,-111.592
c058100000000000,-96.25
c0720c0000000000,-288.75
c05be99999999999,-111.64999999999999
c058151eb851eb85,-96.33
c068151eb851eb85,-192.66
c0720fd70a3d70a4,-288.99
c05bef8a0902de00,-111.74279999999999
c068200000000000,-193.0
c072180000000000,-289.5
c05bfc28f5c28f5c,-111.94
c072240000000000,-290.25
c05c0eb851eb851e,-112.22999999999999
c05c19db22d0e560,-112.404
c0683f5c28f5c28f,-193.98
c0722f851eb851eb,-290.96999999999997
c05c2089a0275253,-112.50839999999998
c068400000000000,-194.0
c072300000000000,-291.0
c05c2147ae147ae1,-112.52
c058433333333333,-97.05
c068433333333333,-194.1
c072326666666666,-291.15
c05c24fdf3b645a1,-112.57799999999999
c058466666666666,-97.1
c068466666666666,-194.2
c07234cccccccccc,-291.29999999999995
c05c28b439581061,-112.63599999999998
c05849999999999a,-97.15
c06849999999999a,-194.3
c072373333333334,-291.45000000000005
c05c2c6a7ef9db23,-112.694
c05c3020c49ba5e3,-112.752
c058500000000000,-97.25
c068500000000000,-194.5
c0723c0000000000,-291.75
c05c33d70a3d70a3,-112.80999999999999
c058551eb851eb85,-97.33
c068551eb851eb85,-194.66
c0723fd70a3d70a4,-291.99
c05c39c779a6b50a,-112.90279999999998
c072480000000000,-292.5
c05c466666666666,-113.1
c058700000000000,-97.75
c068700000000000,-195.5
c072540000000000,-293.25
c05c58f5c28f5c28,-113.38999999999999
c05879999999999a,-97.9
c06879999999999a,-195.8
c0725b3333333334,-293.70000000000005
c05c64189374bc6a,-113.564
c0587f5c28f5c28f,-97.99
c0687f5c28f5c28f,-195.98
c0725f851eb851eb,-293.96999999999997
c05c6ac710cb295e,-113.66839999999999
c05c6b851eb851eb,-113.67999999999999
c058833333333333,-98.05
c068833333333333,-196.1
c072626666666666,-294.15
c05c6f3b645a1cab,-113.73799999999999
c068866666666666,-196.2
c07264cccccccccc,-294.29999999999995
c05c72f1a9fbe76c,-113.79599999999999
c05889999999999a,-98.15
c06889999999999a,-196.3
c072673333333334,-294.45000000000005
c05c76a7ef9db22d,-113.854
c0688ccccccccccd,-196.4
c07269999999999a,-294.6
c05c7a5e353f7ced,-113.91199999999999
c0726c0000000000,-294.75
c058951eb851eb85,-98.33
c068951eb851eb85,-196.66
c0726fd70a3d70a4,-294.99
c05c8404ea4a8c15,-114.0628
c068a00000000000,-197.0
c072780000000000,-295.5
c05c90a3d70a3d70,-114.25999999999999
c058b00000000000,-98.75
c068b00000000000,-197.5
c072840000000000,-296.25
c05ca33333333333,-114.55
c0728b3333333334,-296.70000000000005
c05cae5604189375,-114.724
c058bf5c28f5c28f,-98.99
c068bf5c28f5c28f,-197.98
c0728f851eb851eb,-296.96999999999997
c05cb504816f0068,-114.82839999999999
c05cb5c28f5c28f5,-114.83999999999999
c058c33333333333,-99.05
c068c33333333333,-198.1
c072926666666666,-297.15
c05cb978d4fdf3b5,-114.89799999999998
c058c66666666666,-99.1
c068c66666666666,-198.2
c07294cccccccccc,-297.29999999999995
c05cbd2f1a9fbe76,-114.95599999999999
c058c9999999999a,-99.15
c068c9999999999a,-198.3
c072973333333334,-297.45000000000005
c05cc0e560418937,-115.014
c068cccccccccccd,-198.4
c07299999999999a,-297.6
c05cc49ba5e353f7,-115.07199999999999
c058d00000000000,-99.25
c068d00000000000,-198.5
c0729c0000000000,-297.75
c05cc851eb851eb8,-115.13
c058d51eb851eb85,-99.33
c068d51eb851eb85,-198.66
c0729fd70a3d70a4,-297.99
c05cce425aee631f,-115.22279999999999
c068e00000000000,-199.0
c072a80000000000,-298.5
c05cdae147ae147a,-115.41999999999999
c072b40000000000,-299.25
c05ced70a3d70a3d,-115.71
c072bb3333333334,-299.70000000000005
c05cf89374bc6a7f,-115.884
c068ff5c28f5c28f,-199.98
c072bf851eb851eb,-299.96999999999997
c05cff41f212d772,-115.98839999999998
c05cffffffffffff,-115.99999999999999
c069033333333333,-200.1
c072c26666666666,-300.15
c05d03b645a1cac0,-116.05799999999999
c069066666666666,-200.2
c072c4cccccccccc,-300.29999999999995
c05d076c8b439580,-116.11599999999999
c05909999999999a,-100.15
c06909999999999a,-200.3
c072c73333333334,-300.45000000000005
c05d0b22d0e56041,-116.17399999999999
c0690ccccccccccd,-200.4
c072c9999999999a,-300.6
c05d0ed916872b02,-116.232
c059100000000000,-100.25
c069100000000000,-200.5
c072cc0000000000,-300.75
c05d128f5c28f5c2,-116.28999999999999
c059151eb851eb85,-100.33
c069151eb851eb85,-200.66
c072cfd70a3d70a4,-300.99
c05d187fcb923a29,-116.38279999999999
c072d80000000000,-301.5
c05d251eb851eb85,-116.58
c059300000000000,-100.75
c069300000000000,-201.5
c072e40000000000,-302.25
c05d37ae147ae147,-116.86999999999999
c05939999999999a,-100.9
c06939999999999a,-201.8
c072eb3333333334,-302.70000000000005
c05d42d0e5604189,-117.044
c0593f5c28f5c28f,-100.99
c0693f5c28f5c28f,-201.98
c072ef851eb851eb,-302.96999999999997
c05d497f62b6ae7c,-117.14839999999998
c069400000000000,-202.0
c072f00000000000,-303.0
c05d4a3d70a3d70a,-117.16
c059433333333333,-101.05
c072f26666666666,-303.15
c05d4df3b645a1ca,-117.21799999999999
c059466666666666,-101.1
c069466666666666,-202.2
c072f4cccccccccc,-303.29999999999995
c05d51a9fbe76c8a,-117.27599999999998
c05949999999999a,-101.15
c06949999999999a,-202.3
c072f73333333334,-303.45000000000005
c05d55604189374c,-117.334
c072f9999999999a,-303.6
c05d5916872b020c,-117.392
c072fc0000000000,-303.75
c059551eb851eb85,-101.33
c069551eb851eb85,-202.66
c072ffd70a3d70a4,-303.99
c05d62bd3c361133,-117.54279999999999
c073080000000000,-304.5
c05d6f5c28f5c28f,-117.74
c059700000000000,-101.75
c073140000000000,-305.25
c05d81eb851eb851,-118.02999999999999
c05979999999999a,-101.9
c06979999999999a,-203.8
c0731b3333333334,-305.70000000000005
c05d8d0e56041893,-118.204
c0597f5c28f5c28f,-101.99
c0697f5c28f5c28f,-203.98
c0731f851eb851eb,-305.96999999999997
c05d93bcd35a8587,-118.30839999999999
c05d947ae147ae14,-118.32
c059833333333333,-102.05
c069833333333333,-204.1
c073226666666666,-306.15
c05d983126e978d4,-118.37799999999999
c069866666666666,-204.2
c07324cccccccccc,-306.29999999999995
c05d9be76c8b4394,-118.43599999999998
c05989999999999a,-102.15
c06989999999999a,-204.3
c073273333333334,-306.45000000000005
c05d9f9db22d0e56,-118.494
c0698ccccccccccd,-204.4
c07329999999999a,-306.6
c05da353f7ced916,-118.55199999999999
c059900000000000,-102.25
c069900000000000,-204.5
c0732c0000000000,-306.75
c05da70a3d70a3d6,-118.60999999999999
c059951eb851eb85,-102.33
c069951eb851eb85,-204.66
c0732fd70a3d70a4,-306.99
c05dacfaacd9e83e,-118.7028
c073380000000000,-307.5
c05db99999999999,-118.89999999999999
c073440000000000,-308.25
c05dcc28f5c28f5c,-119.19
c0734b3333333334,-308.70000000000005
c05dd74bc6a7ef9e,-119.364
c069bf5c28f5c28f,-205.98
c0734f851eb851eb,-308.96999999999997
c05dddfa43fe5c91,-119.46839999999999
c069c00000000000,-206.0
c073500000000000,-309.0
c05ddeb851eb851e,-119.47999999999999
c059c33333333333,-103.05
c069c33333333333,-206.1
c073526666666666,-309.15
c05de26e978d4fde,-119.53799999999998
c059c66666666666,-103.1
c069c66666666666,-206.2
c07354cccccccccc,-309.29999999999995
c05de624dd2f1a9f,-119.59599999999999
c059c9999999999a,-103.15
c069c9999999999a,-206.3
c073573333333334,-309.45000000000005
c05de9db22d0e560,-119.654
c059cccccccccccd,-103.2
c069cccccccccccd,-206.4
c07359999999999a,-309.6
c05ded916872b020,-119.71199999999999
c059d00000000000,-103.25
c0735c0000000000,-309.75
c05df147ae147ae1,-119.77
c059d51eb851eb85,-103.33
c069d51eb851eb85,-206.66
c0735fd70a3d70a4,-309.99
c05df7381d7dbf48,-119.8628
c073680000000000,-310.5
c05e03d70a3d70a3,-120.05999999999999
c059f00000000000,-103.75
c069f00000000000,-207.5
c073740000000000,-311.25
c05e166666666666,-120.35
c059f9999999999a,-103.9
c069f9999999999a,-207.8
c0737b3333333334,-311.70000000000005
c05e2189374bc6a8,-120.524
c059ff5c28f5c28f,-103.99
c069ff5c28f5c28f,-207.98
c0737f851eb851eb,-311.96999999999997
c05e2837b4a2339b,-120.62839999999998
c05e28f5c28f5c28,-120.63999999999999
c05a033333333333,-104.05
c06a033333333333,-208.1
c073826666666666,-312.15
c05e2cac083126e9,-120.698
c06a066666666666,-208.2
c07384cccccccccc,-312.29999999999995
c05e30624dd2f1a9,-120.75599999999999
c05a09999999999a,-104.15
c06a09999999999a,-208.3
c073873333333334,-312.45000000000005
c05e34189374bc6a,-120.814
c06a0ccccccccccd,-208.4
c07389999999999a,-312.6
c05e37ced916872b,-120.872
c0738c0000000000,-312.75
c05e3b851eb851eb,-120.92999999999999
c05a151eb851eb85,-104.33
c06a151eb851eb85,-208.66
c0738fd70a3d70a4,-312.99
c05e41758e219652,-121.02279999999999
c05e4e147ae147ad,-121.21999999999998
c05a300000000000,-104.75
c06a300000000000,-209.5
c073a40000000000,-314.25
c05e60a3d70a3d70,-121.50999999999999
c05a39999999999a,-104.9
c06a39999999999a,-209.8
c073ab3333333334,-314.70000000000005
c05e6bc6a7ef9db2,-121.684
c05a3f5c28f5c28f,-104.99
c06a3f5c28f5c28f,-209.98
c073af851eb851eb,-314.96999999999997
c05e727525460aa5,-121.78839999999998
c073b00000000000,-315.0
c05a433333333333,-105.05
c06a433333333333,-210.1
c073b26666666666,-315.15
c05e76e978d4fdf3,-121.85799999999999
c05a466666666666,-105.1
c06a466666666666,-210.2
c073b4cccccccccc,-315.29999999999995
c05e7a9fbe76c8b3,-121.91599999999998
c05a49999999999a,-105.15
c06a49999999999a,-210.3
c073b73333333334,-315.45000000000005
c05e7e5604189375,-121.974
c05a4ccccccccccd,-105.2
c06a4ccccccccccd,-210.4
c073b9999999999a,-315.6
c05e820c49ba5e35,-122.032
c05a500000000000,-105.25
c06a500000000000,-210.5
c073bc0000000000,-315.75
c05e85c28f5c28f5,-122.08999999999999
c05a551eb851eb85,-105.33
c06a551eb851eb85,-210.66
c073bfd70a3d70a4,-315.99
c05e8bb2fec56d5c,-122.18279999999999
c06a600000000000,-211.0
c073c80000000000,-316.5
c05e9851eb851eb8,-122.38
c073d40000000000,-317.25
c05eaae147ae147a,-122.66999999999999
c05a79999999999a,-105.9
c06a79999999999a,-211.8
c073db3333333334,-317.70000000000005
c05eb604189374bc,-122.844
c06a7f5c28f5c28f,-211.98
c073df851eb851eb,-317.96999999999997
c05ebcb295e9e1b0,-122.94839999999999
c05ebd70a3d70a3d,-122.96
c05a833333333333,-106.05
c06a833333333333,-212.1
c073e26666666666,-318.15
c05ec126e978d4fd,-123.01799999999999
c06a866666666666,-212.2
c073e4cccccccccc,-318.29999999999995
c05ec4dd2f1a9fbd,-123.07599999999998
c05a89999999999a,-106.15
c06a89999999999a,-212.3
c073e73333333334,-318.45000000000005
c05ec89374bc6a7f,-123.134
c05ecc49ba5e353f,-123.192
c05a900000000000,-106.25
c06a900000000000,-212.5
c073ec0000000000,-318.75
c05ecfffffffffff,-123.24999999999999
c05a951eb851eb85,-106.33
c06a951eb851eb85,-212.66
c073efd70a3d70a4,-318.99
c05ed5f06f694466,-123.34279999999998
c073f80000000000,-319.5
c05ee28f5c28f5c2,-123.53999999999999
c05ab00000000000,-106.75
c06ab00000000000,-213.5
c074040000000000,-320.25
c05ef51eb851eb85,-123.83
c05ab9999999999a,-106.9
c06ab9999999999a,-213.8
c0740b3333333334,-320.70000000000005
c05f004189374bc7,-124.004
c05abf5c28f5c28f,-106.99
c06abf5c28f5c28f,-213.98
c0740f851eb851eb,-320.96999999999997
c05f06f0068db8ba,-124.10839999999999
c06ac00000000000,-214.0
c074100000000000,-321.0
c05f07ae147ae147,-124.11999999999999
c05ac33333333333,-107.05
c06ac33333333333,-214.1
c074126666666666,-321.15
c05f0b645a1cac07,-124.17799999999998
c05ac66666666666,-107.1
c06ac66666666666,-214.2
c07414cccccccccc,-321.29999999999995
c05f0f1a9fbe76c8,-124.23599999999999
c05ac9999999999a,-107.15
c06ac9999999999a,-214.3
c074173333333334,-321.45000000000005
c05f12d0e5604189,-124.294
c05acccccccccccd,-107.2
c06acccccccccccd,-214.4
c07419999999999a,-321.6
c05f16872b020c49,-124.35199999999999
c0741c0000000000,-321.75
c05f1a3d70a3d70a,-124.41
c05ad51eb851eb85,-107.33
c06ad51eb851eb85,-214.66
c0741fd70a3d70a4,-321.99
c05f202de00d1b71,-124.5028
c074280000000000,-322.5
c05af00000000000,-107.75
c06af00000000000,-215.5
c074340000000000,-323.25
c05f3f5c28f5c28f,-124.99
c05af9999999999a,-107.9
c06af9999999999a,-215.8
c0743b3333333334,-323.70000000000005
c05f4a7ef9db22d1,-125.164
c05aff5c28f5c28f,-107.99
c06aff5c28f5c28f,-215.98
c0743f851eb851eb,-323.96999999999997
c05f512d77318fc4,-125.26839999999999
c05f51eb851eb851,-125.27999999999999
c05b033333333333,-108.05
c06b033333333333,-216.1
c074426666666666,-324.15
c05f55a1cac08312,-125.338
c06b066666666666,-216.2
c07444cccccccccc,-324.29999999999995
c05f595810624dd2,-125.39599999999999
c05b09999999999a,-108.15
c06b09999999999a,-216.3
c074473333333334,-324.45000000000005
c05f5d0e56041893,-125.454
c06b0ccccccccccd,-216.4
c07449999999999a,-324.6
c05f60c49ba5e354,-125.512
c05b100000000000,-108.25
c06b100000000000,-216.5
c0744c0000000000,-324.75
c05f647ae147ae14,-125.57
c05b151eb851eb85,-108.33
c06b151eb851eb85,-216.66
c0744fd70a3d70a4,-324.99
c05f6a6b50b0f27b,-125.66279999999999
c06b200000000000,-217.0
c074580000000000,-325.5
c05f770a3d70a3d6,-125.85999999999999
c074640000000000,-326.25
c06b39999999999a,-217.8
c0746b3333333334,-326.70000000000005
c05f94bc6a7ef9db,-126.324
c06b3f5c28f5c28f,-217.98
c0746f851eb851eb,-326.96999999999997
c05f9b6ae7d566ce,-126.42839999999998
c06b400000000000,-218.0
c074700000000000,-327.0
c05f9c28f5c28f5c,-126.44
c05b433333333333,-109.05
c06b433333333333,-218.1
c074726666666666,-327.15
c05f9fdf3b645a1c,-126.49799999999999
c05b466666666666,-109.1
c06b466666666666,-218.2
c07474cccccccccc,-327.29999999999995
c05fa395810624dc,-126.55599999999998
c05b49999999999a,-109.15
c074773333333334,-327.45000000000005
c05fa74bc6a7ef9e,-126.614
c07479999999999a,-327.6
c05fab020c49ba5e,-126.672
c05b500000000000,-109.25
c06b500000000000,-218.5
c0747c0000000000,-327.75
c05faeb851eb851e,-126.72999999999999
c06b551eb851eb85,-218.66
c0747fd70a3d70a4,-327.99
c05fb4a8c154c985,-126.82279999999999
c074880000000000,-328.5
c05fc147ae147ae1,-127.02
c05b700000000000,-109.75
c06b700000000000,-219.5
c074940000000000,-329.25
c05fd3d70a3d70a3,-127.30999999999999
c05b79999999999a,-109.9
c06b79999999999a,-219.8
c0749b3333333334,-329.70000000000005
c05fdef9db22d0e5,-127.484
c05b7f5c28f5c28f,-109.99
c06b7f5c28f5c28f,-219.98
c0749f851eb851eb,-329.96999999999997
c05fe5a858793dd8,-127.58839999999998
c05fe66666666666,-127.6
c05b833333333333,-110.05
c06b833333333333,-220.1
c074a26666666666,-330.15
c05fea1cac083126,-127.65799999999999
c06b866666666666,-220.2
c074a4cccccccccc,-330.29999999999995
c05fedd2f1a9fbe6,-127.71599999999998
c05b89999999999a,-110.15
c06b89999999999a,-220.3
c074a73333333334,-330.45000000000005
c05ff189374bc6a8,-127.774
c05ff53f7ced9168,-127.832
c074ac0000000000,-330.75
c05ff8f5c28f5c28,-127.88999999999999
c05b951eb851eb85,-110.33
c06b951eb851eb85,-220.66
c074afd70a3d70a4,-330.99
c05ffee631f8a08f,-127.98279999999998
c06ba00000000000,-221.0
c074b80000000000,-331.5
c06005c28f5c28f5,-128.17999999999998
c05bb00000000000,-110.75
c06bb00000000000,-221.5
c074c40000000000,-332.25
c0600f0a3d70a3d7,-128.47
c05bb9999999999a,-110.9
c06bb9999999999a,-221.8
c074cb3333333334,-332.70000000000005
c060149ba5e353f8,-128.644
c05bbf5c28f5c28f,-110.99
c06bbf5c28f5c28f,-221.98
c074cf851eb851eb,-332.96999999999997
c06017f2e48e8a71,-128.74839999999998
c074d00000000000,-333.0
c0601851eb851eb8,-128.76
c05bc33333333333,-111.05
c06bc33333333333,-222.1
c074d26666666666,-333.15
c0601a2d0e560418,-128.81799999999998
c05bc66666666666,-111.1
c06bc66666666666,-222.2
c074d4cccccccccc,-333.29999999999995
c0601c083126e978,-128.87599999999998
c05bc9999999999a,-111.15
c074d73333333334,-333.45000000000005
c0601de353f7ced9,-128.934
c05bcccccccccccd,-111.2
c06bcccccccccccd,-222.4
c074d9999999999a,-333.6
c0601fbe76c8b439,-128.992
c05bd00000000000,-111.25
c06bd00000000000,-222.5
c074dc0000000000,-333.75
c060219999999999,-129.04999999999998
c05bd51eb851eb85,-111.33
c06bd51eb851eb85,-222.66
c074dfd70a3d70a4,-333.99
c0602491d14e3bcd,-129.1428
c06be00000000000,-223.0
c074e80000000000,-334.5
c0602ae147ae147b,-129.34
c074f40000000000,-335.25
c0603428f5c28f5c,-129.63
c05bf9999999999a,-111.9
c06bf9999999999a,-223.8
c074fb3333333334,-335.70000000000005
c06039ba5e353f7d,-129.804
c06bff5c28f5c28f,-223.98
c074ff851eb851eb,-335.96999999999997
c0603d119ce075f6,-129.90839999999997
c0603d70a3d70a3d,-129.92
c05c033333333333,-112.05
c06c033333333333,-224.1
c075026666666666,-336.15
c0603f4bc6a7ef9d,-129.97799999999998
c06c066666666666,-224.2
c07504cccccccccc,-336.29999999999995
c0604126e978d4fd,-130.03599999999997
c05c09999999999a,-112.15
c06c09999999999a,-224.3
c075073333333334,-336.45000000000005
c06043020c49ba5e,-130.094
c07509999999999a,-336.6
c06044dd2f1a9fbe,-130.152
c05c100000000000,-112.25
c06c100000000000,-224.5
c0750c0000000000,-336.75
c06046b851eb851e,-130.20999999999998
c05c151eb851eb85,-112.33
c06c151eb851eb85,-224.66
c0750fd70a3d70a4,-336.99
c06049b089a02752,-130.3028
c075180000000000,-337.5
c05c300000000000,-112.75
c075240000000000,-338.25
c0605947ae147ae1,-130.79
c05c39999999999a,-112.9
c06c39999999999a,-225.8
c0752b3333333334,-338.70000000000005
c0605ed916872b02,-130.964
c05c3f5c28f5c28f,-112.99
c06c3f5c28f5c28f,-225.98
c0752f851eb851eb,-338.96999999999997
c06062305532617c,-131.0684
c06c400000000000,-226.0
c075300000000000,-339.0
c060628f5c28f5c2,-131.07999999999998
c05c433333333333,-113.05
c06c433333333333,-226.1
c075326666666666,-339.15
c060646a7ef9db22,-131.13799999999998
c06c466666666666,-226.2
c07534cccccccccc,-339.29999999999995
c0606645a1cac083,-131.196
c05c49999999999a,-113.15
c06c49999999999a,-226.3
c075373333333334,-339.45000000000005
c0606820c49ba5e3,-131.254
c05c4ccccccccccd,-113.2
c06c4ccccccccccd,-226.4
c07539999999999a,-339.6
c06069fbe76c8b43,-131.31199999999998
c0753c0000000000,-339.75
c0606bd70a3d70a4,-131.37
c05c551eb851eb85,-113.33
c06c551eb851eb85,-226.66
c0753fd70a3d70a4,-339.99
c0606ecf41f212d7,-131.4628
c06c600000000000,-227.0
c075480000000000,-340.5
c060751eb851eb85,-131.66
c05c700000000000,-113.75
c06c700000000000,-227.5
c075540000000000,-341.25
c0607e6666666666,-131.95
c05c79999999999a,-113.9
c06c79999999999a,-227.8
c0755b3333333334,-341.70000000000005
c06083f7ced91687,-132.124
c05c7f5c28f5c28f,-113.99
c06c7f5c28f5c28f,-227.98
c0755f851eb851eb,-341.96999999999997
c060874f0d844d01,-132.2284
c06087ae147ae147,-132.23999999999998
c05c833333333333,-114.05
c06c833333333333,-228.1
c075626666666666,-342.15
c0608989374bc6a7,-132.29799999999997
c06c866666666666,-228.2
c07564cccccccccc,-342.29999999999995
c0608b645a1cac08,-132.356
c05c89999999999a,-114.15
c06c89999999999a,-228.3
c075673333333334,-342.45000000000005
c0608d3f7ced9168,-132.414
c06c8ccccccccccd,-228.4
c07569999999999a,-342.6
c0608f1a9fbe76c8,-132.47199999999998
c05c900000000000,-114.25
c06c900000000000,-228.5
c0756c0000000000,-342.75
c06090f5c28f5c29,-132.53
c05c951eb851eb85,-114.33
c06c951eb851eb85,-228.66
c0756fd70a3d70a4,-342.99
c06093edfa43fe5c,-132.62279999999998
c06ca00000000000,-229.0
c075780000000000,-343.5
c0609a3d70a3d70a,-132.82
c075840000000000,-344.25
c060a3851eb851eb,-133.10999999999999
c05cb9999999999a,-114.9
c06cb9999999999a,-229.8
c0758b3333333334,-344.70000000000005
c060a916872b020c,-133.284
c06cbf5c28f5c28f,-229.98
c0758f851eb851eb,-344.96999999999997
c060ac6dc5d63886,-133.3884
c075900000000000,-345.0
c060accccccccccc,-133.39999999999998
c05cc33333333333,-115.05
c06cc33333333333,-230.1
c075926666666666,-345.15
c060aea7ef9db22d,-133.458
c05cc66666666666,-115.1
c06cc66666666666,-230.2
c07594cccccccccc,-345.29999999999995
c060b083126e978d,-133.516
c05cc9999999999a,-115.15
c075973333333334,-345.45000000000005
c060b25e353f7ced,-133.57399999999998
c06ccccccccccccd,-230.4
c07599999999999a,-345.6
c060b4395810624e,-133.632
c05cd00000000000,-115.25
c06cd00000000000,-230.5
c0759c0000000000,-345.75
c060b6147ae147ae,-133.69
c05cd51eb851eb85,-115.33
c06cd51eb851eb85,-230.66
c0759fd70a3d70a4,-345.99
c060b90cb295e9e1,-133.78279999999998
c075a80000000000,-346.5
c05cf00000000000,-115.75
c06cf00000000000,-231.5
c075b40000000000,-347.25
c060c8a3d70a3d70,-134.26999999999998
c05cf9999999999a,-115.9
c06cf9999999999a,-231.8
c075bb3333333334,-347.70000000000005
c060ce353f7ced91,-134.444
c05cff5c28f5c28f,-115.99
c06cff5c28f5c28f,-231.98
c075bf851eb851eb,-347.96999999999997
c060d18c7e28240b,-134.5484
c060d1eb851eb852,-134.56
c05d033333333333,-116.05
c06d033333333333,-232.1
c075c26666666666,-348.15
c060d3c6a7ef9db2,-134.618
c075c4cccccccccc,-348.29999999999995
c060d5a1cac08312,-134.676
c05d09999999999a,-116.15
c06d09999999999a,-232.3
c075c73333333334,-348.45000000000005
c060d77ced916873,-134.734
c06d0ccccccccccd,-232.4
c075c9999999999a,-348.6
c060d95810624dd3,-134.792
c075cc0000000000,-348.75
c060db3333333333,-134.85
c05d151eb851eb85,-116.33
c06d151eb851eb85,-232.66
c075cfd70a3d70a4,-348.99
c060de2b6ae7d566,-134.94279999999998
c06d200000000000,-233.0
c075d80000000000,-349.5
c060e47ae147ae14,-135.14
c05d300000000000,-116.75
c06d300000000000,-233.5
c075e40000000000,-350.25
c060edc28f5c28f5,-135.42999999999998
c05d39999999999a,-116.9
c06d39999999999a,-233.8
c075eb3333333334,-350.70000000000005
c060f353f7ced916,-135.60399999999998
c05d3f5c28f5c28f,-116.99
c06d3f5c28f5c28f,-233.98
c075ef851eb851eb,-350.96999999999997
c060f6ab367a0f90,-135.70839999999998
c075f00000000000,-351.0
c060f70a3d70a3d7,-135.72
c05d433333333333,-117.05
c06d433333333333,-234.1
c075f26666666666,-351.15
c060f8e560418937,-135.778
c05d466666666666,-117.1
c06d466666666666,-234.2
c075f4cccccccccc,-351.29999999999995
c060fac083126e97,-135.83599999999998
c05d49999999999a,-117.15
c06d49999999999a,-234.3
c075f73333333334,-351.45000000000005
c060fc9ba5e353f8,-135.894
c05d4ccccccccccd,-117.2
c06d4ccccccccccd,-234.4
c075f9999999999a,-351.6
c060fe76c8b43958,-135.952
c05d500000000000,-117.25
c06d500000000000,-234.5
c075fc0000000000,-351.75
c0610051eb851eb8,-136.01
c05d551eb851eb85,-117.33
c06d551eb851eb85,-234.66
c075ffd70a3d70a4,-351.99
c061034a2339c0ec,-136.1028
c076080000000000,-352.5
c061099999999999,-136.29999999999998
c076140000000000,-353.25
c06112e147ae147b,-136.59
c05d79999999999a,-117.9
c06d79999999999a,-235.8
c0761b3333333334,-353.70000000000005
c0611872b020c49c,-136.764
c06d7f5c28f5c28f,-235.98
c0761f851eb851eb,-353.96999999999997
c0611bc9eecbfb15,-136.86839999999998
c0611c28f5c28f5c,-136.88
c05d833333333333,-118.05
c06d833333333333,-236.1
c076226666666666,-354.15
c0611e04189374bc,-136.938
c06d866666666666,-236.2
c07624cccccccccc,-354.29999999999995
c0611fdf3b645a1c,-136.99599999999998
c05d89999999999a,-118.15
c06d89999999999a,-236.3
c076273333333334,-354.45000000000005
c06121ba5e353f7d,-137.054
c06d8ccccccccccd,-236.4
c07629999999999a,-354.6
c0612395810624dd,-137.112
c05d900000000000,-118.25
c0762c0000000000,-354.75
c0612570a3d70a3d,-137.17
c05d951eb851eb85,-118.33
c06d951eb851eb85,-236.66
c0762fd70a3d70a4,-354.99
c0612868db8bac71,-137.2628
c076380000000000,-355.5
c0612eb851eb851e,-137.45999999999998
c05db00000000000,-118.75
c06db00000000000,-237.5
c076440000000000,-356.25
c061380000000000,-137.75
c05db9999999999a,-118.9
c06db9999999999a,-237.8
c0764b3333333334,-356.70000000000005
c0613d916872b021,-137.924
c05dbf5c28f5c28f,-118.99
c06dbf5c28f5c28f,-237.98
c0764f851eb851eb,-356.96999999999997
c06140e8a71de69a,-138.02839999999998
c06dc00000000000,-238.0
c076500000000000,-357.0
c0614147ae147ae1,-138.04
c05dc33333333333,-119.05
c06dc33333333333,-238.1
c076526666666666,-357.15
c0614322d0e56041,-138.09799999999998
c05dc66666666666,-119.1
c06dc66666666666,-238.2
c07654cccccccccc,-357.29999999999995
c06144fdf3b645a1,-138.15599999999998
c05dc9999999999a,-119.15
c06dc9999999999a,-238.3
c076573333333334,-357.45000000000005
c06146d916872b02,-138.214
c05dcccccccccccd,-119.2
c06dcccccccccccd,-238.4
c07659999999999a,-357.6
c06148b439581062,-138.272
c0765c0000000000,-357.75
c0614a8f5c28f5c2,-138.32999999999998
c05dd51eb851eb85,-119.33
c06dd51eb851eb85,-238.66
c0765fd70a3d70a4,-357.99
c0614d8793dd97f6,-138.4228
c06de00000000000,-239.0
c076680000000000,-358.5
c06153d70a3d70a4,-138.62
c05df00000000000,-119.75
c06df00000000000,-239.5
c076740000000000,-359.25
c0615d1eb851eb85,-138.91
c05df9999999999a,-119.9
c06df9999999999a,-239.8
c0767b3333333334,-359.70000000000005
c06162b020c49ba6,-139.084
c05dff5c28f5c28f,-119.99
c06dff5c28f5c28f,-239.98
c0767f851eb851eb,-359.96999999999997
c06166075f6fd21f,-139.18839999999997
c061666666666666,-139.2
c05e033333333333,-120.05
c06e033333333333,-240.1
c076826666666666,-360.15
c061684189374bc6,-139.25799999999998
c06e066666666666,-240.2
c07684cccccccccc,-360.29999999999995
c0616a1cac083126,-139.31599999999997
c05e09999999999a,-120.15
c06e09999999999a,-240.3
c076873333333334,-360.45000000000005
c0616bf7ced91687,-139.374
c06e0ccccccccccd,-240.4
c07689999999999a,-360.6
c0616dd2f1a9fbe7,-139.432
c05e100000000000,-120.25
c06e100000000000,-240.5
c0768c0000000000,-360.75
c0616fae147ae147,-139.48999999999998
c05e151eb851eb85,-120.33
c06e151eb851eb85,-240.66
c0768fd70a3d70a4,-360.99
c06172a64c2f837b,-139.5828
c06e200000000000,-241.0
c076980000000000,-361.5
c06178f5c28f5c29,-139.78
c076a40000000000,-362.25
c061823d70a3d70a,-140.07
c06e39999999999a,-241.8
c076ab3333333334,-362.70000000000005
c06187ced916872b,-140.244
c06e3f5c28f5c28f,-241.98
c076af851eb851eb,-362.96999999999997
c0618b2617c1bda5,-140.3484
c076b00000000000,-363.0
c0618b851eb851eb,-140.35999999999999
c05e433333333333,-121.05
c06e433333333333,-242.1
c076b26666666666,-363.15
c0618d604189374b,-140.41799999999998
c05e466666666666,-121.1
c06e466666666666,-242.2
c076b4cccccccccc,-363.29999999999995
c0618f3b645a1cab,-140.47599999999997
c05e49999999999a,-121.15
c06e49999999999a,-242.3
c076b73333333334,-363.45000000000005
c0619116872b020c,-140.534
c05e4ccccccccccd,-121.2
c06e4ccccccccccd,-242.4
c076b9999999999a,-363.6
c06192f1a9fbe76c,-140.59199999999998
c05e500000000000,-121.25
c06e500000000000,-242.5
c076bc0000000000,-363.75
c06194cccccccccc,-140.64999999999998
c05e551eb851eb85,-121.33
c06e551eb851eb85,-242.66
c076bfd70a3d70a4,-363.99
c06197c504816f00,-140.7428
c076c80000000000,-364.5
c0619e147ae147ae,-140.94
c05e700000000000,-121.75
c06e700000000000,-243.5
c076d40000000000,-365.25
c061a75c28f5c28f,-141.23
c05e79999999999a,-121.9
c06e79999999999a,-243.8
c076db3333333334,-365.70000000000005
c061aced916872b0,-141.404
c05e7f5c28f5c28f,-121.99
c06e7f5c28f5c28f,-243.98
c076df851eb851eb,-365.96999999999997
c061b044d013a92a,-141.5084
c06e800000000000,-244.0
c076e00000000000,-366.0
c061b0a3d70a3d70,-141.51999999999998
c05e833333333333,-122.05
c06e833333333333,-244.1
c076e26666666666,-366.15
c061b27ef9db22d0,-141.57799999999997
c06e866666666666,-244.2
c076e4cccccccccc,-366.29999999999995
c061b45a1cac0831,-141.636
c05e89999999999a,-122.15
c06e89999999999a,-244.3
c076e73333333334,-366.45000000000005
c061b6353f7ced91,-141.694
c076e9999999999a,-366.6
c061b810624dd2f1,-141.75199999999998
c076ec0000000000,-366.75
c061b9eb851eb852,-141.81
c05e951eb851eb85,-122.33
c06e951eb851eb85,-244.66
c076efd70a3d70a4,-366.99
c061bce3bcd35a85,-141.90279999999998
c076f80000000000,-367.5
c05eb00000000000,-122.75
c06eb00000000000,-245.5
c077040000000000,-368.25
c061cc7ae147ae14,-142.39
c05eb9999999999a,-122.9
c06eb9999999999a,-245.8
c0770b3333333334,-368.70000000000005
c061d20c49ba5e35,-142.564
c05ebf5c28f5c28f,-122.99
c06ebf5c28f5c28f,-245.98
c0770f851eb851eb,-368.96999999999997
c061d563886594af,-142.6684
c077100000000000,-369.0
c061d5c28f5c28f5,-142.67999999999998
c05ec33333333333,-123.05
c06ec33333333333,-246.1
c077126666666666,-369.15
c061d79db22d0e56,-142.738
c05ec66666666666,-123.1
c06ec66666666666,-246.2
c07714cccccccccc,-369.29999999999995
c061d978d4fdf3b6,-142.796
c05ec9999999999a,-123.15
c06ec9999999999a,-246.3
c077173333333334,-369.45000000000005
c061db53f7ced916,-142.85399999999998
c05ecccccccccccd,-123.2
c06ecccccccccccd,-246.4
c07719999999999a,-369.6
c061dd2f1a9fbe77,-142.912
c05ed00000000000,-123.25
c06ed00000000000,-246.5
c0771c0000000000,-369.75
c061df0a3d70a3d7,-142.97
c05ed51eb851eb85,-123.33
c06ed51eb851eb85,-246.66
c0771fd70a3d70a4,-369.99
c061e2027525460a,-143.06279999999998
c06ee00000000000,-247.0
c077280000000000,-370.5
c061e851eb851eb8,-143.26
c077340000000000,-371.25
c061f19999999999,-143.54999999999998
c0773b3333333334,-371.70000000000005
c061f72b020c49ba,-143.724
c06eff5c28f5c28f,-247.98
c0773f851eb851eb,-371.96999999999997
c061fa8240b78034,-143.8284
c06f000000000000,-248.0
c077400000000000,-372.0
c061fae147ae147b,-143.84
c05f033333333333,-124.05
c06f033333333333,-248.1
c077426666666666,-372.15
c061fcbc6a7ef9db,-143.898
c06f066666666666,-248.2
c07744cccccccccc,-372.29999999999995
c061fe978d4fdf3b,-143.956
c05f09999999999a,-124.15
c06f09999999999a,-248.3
c077473333333334,-372.45000000000005
c0620072b020c49c,-144.014
c07749999999999a,-372.6
c062024dd2f1a9fc,-144.072
c05f100000000000,-124.25
c06f100000000000,-248.5
c0774c0000000000,-372.75
c0620428f5c28f5c,-144.13
c05f151eb851eb85,-124.33
c06f151eb851eb85,-248.66
c0774fd70a3d70a4,-372.99
c06207212d77318f,-144.22279999999998
c077580000000000,-373.5
c0620d70a3d70a3d,-144.42
c05f300000000000,-124.75
c06f300000000000,-249.5
c077640000000000,-374.25
c06216b851eb851e,-144.70999999999998
c05f39999999999a,-124.9
c06f39999999999a,-249.8
c0776b3333333334,-374.70000000000005
c0621c49ba5e353f,-144.884
c06f3f5c28f5c28f,-249.98
c0776f851eb851eb,-374.96999999999997
c0621fa0f9096bb9,-144.98839999999998
c077700000000000,-375.0
c05f433333333333,-125.05
c06f433333333333,-250.1
c077726666666666,-375.15
c06221db22d0e560,-145.058
c05f466666666666,-125.1
c06f466666666666,-250.2
c07774cccccccccc,-375.29999999999995
c06223b645a1cac0,-145.11599999999999
c05f49999999999a,-125.15
c06f49999999999a,-250.3
c077773333333334,-375.45000000000005
c06225916872b021,-145.174
c05f4ccccccccccd,-125.2
c06f4ccccccccccd,-250.4
c07779999999999a,-375.6
c062276c8b439581,-145.232
c0777c0000000000,-375.75
c0622947ae147ae1,-145.29
c05f551eb851eb85,-125.33
c06f551eb851eb85,-250.66
c0777fd70a3d70a4,-375.99
c0622c3fe5c91d14,-145.38279999999997
c06f600000000000,-251.0
c077880000000000,-376.5
c062328f5c28f5c2,-145.57999999999998
c05f700000000000,-125.75
c06f700000000000,-251.5
c077940000000000,-377.25
c0623bd70a3d70a3,-145.86999999999998
c05f79999999999a,-125.9
c06f79999999999a,-251.8
c0779b3333333334,-377.70000000000005
c062416872b020c4,-146.04399999999998
c05f7f5c28f5c28f,-125.99
c06f7f5c28f5c28f,-251.98
c0779f851eb851eb,-377.96999999999997
c06244bfb15b573e,-146.14839999999998
c077a00000000000,-378.0
c062451eb851eb85,-146.16
c05f833333333333,-126.05
c06f833333333333,-252.1
c077a26666666666,-378.15
c06246f9db22d0e5,-146.218
c06f866666666666,-252.2
c077a4cccccccccc,-378.29999999999995
c06248d4fdf3b645,-146.27599999999998
c05f89999999999a,-126.15
c06f89999999999a,-252.3
c077a73333333334,-378.45000000000005
c0624ab020c49ba6,-146.334
c06f8ccccccccccd,-252.4
c077a9999999999a,-378.6
c0624c8b43958106,-146.392
c05f900000000000,-126.25
c06f900000000000,-252.5
c077ac0000000000,-378.75
c0624e6666666666,-146.45
c05f951eb851eb85,-126.33
c06f951eb851eb85,-252.66
c077afd70a3d70a4,-378.99
c062515e9e1b089a,-146.5428
c077b80000000000,-379.5
c06257ae147ae147,-146.73999999999998
c077c40000000000,-380.25
c06260f5c28f5c29,-147.03
c077cb3333333334,-380.70000000000005
c06266872b020c4a,-147.204
c06fbf5c28f5c28f,-253.98
c077cf851eb851eb,-380.96999999999997
c06269de69ad42c3,-147.30839999999998
c06fc00000000000,-254.0
c077d00000000000,-381.0
c0626a3d70a3d70a,-147.32
c05fc33333333333,-127.05
c06fc33333333333,-254.1
c077d26666666666,-381.15
c0626c189374bc6a,-147.378
c05fc66666666666,-127.1
c06fc66666666666,-254.2
c077d4cccccccccc,-381.29999999999995
c0626df3b645a1ca,-147.43599999999998
c05fc9999999999a,-127.15
c06fc9999999999a,-254.3
c077d73333333334,-381.45000000000005
c0626fced916872b,-147.494
c05fcccccccccccd,-127.2
c06fcccccccccccd,-254.4
c077d9999999999a,-381.6
c06271a9fbe76c8b,-147.552
c05fd00000000000,-127.25
c06fd00000000000,-254.5
c077dc0000000000,-381.75
c06273851eb851eb,-147.60999999999999
c05fd51eb851eb85,-127.33
c06fd51eb851eb85,-254.66
c077dfd70a3d70a4,-381.99
c062767d566cf41f,-147.7028
c077e80000000000,-382.5
c0627ccccccccccc,-147.89999999999998
c05ff00000000000,-127.75
c06ff00000000000,-255.5
c077f40000000000,-383.25
c06286147ae147ae,-148.19
c05ff9999999999a,-127.9
c06ff9999999999a,-255.8
c077fb3333333334,-383.70000000000005
c0628ba5e353f7cf,-148.364
c05fff5c28f5c28f,-127.99
c06fff5c28f5c28f,-255.98
c077ff851eb851eb,-383.96999999999997
c0628efd21ff2e48,-148.46839999999997
c070000000000000,-256.0
c078000000000000,-384.0
c0628f5c28f5c28f,-148.48
c06001999999999a,-128.05
c07001999999999a,-256.1
c078026666666667,-384.15000000000003
c06291374bc6a7f0,-148.538
c070033333333333,-256.2
c07804cccccccccc,-384.29999999999995
c06293126e978d4f,-148.59599999999998
c06004cccccccccd,-128.15
c07004cccccccccd,-256.3
c078073333333334,-384.45000000000005
c06294ed916872b0,-148.654
c070066666666666,-256.4
c078099999999999,-384.59999999999997
c06296c8b4395810,-148.712
c0780c0000000000,-384.75
c06298a3d70a3d70,-148.76999999999998
c0600a8f5c28f5c3,-128.33
c0700a8f5c28f5c3,-256.66
c0780fd70a3d70a4,-384.99
c0629b9c0ebedfa4,-148.8628
c070100000000000,-257.0
c078180000000000,-385.5
c062a1eb851eb852,-149.06
c060180000000000,-128.75
c070180000000000,-257.5
c078240000000000,-386.25
c062ab3333333333,-149.35
c0601ccccccccccd,-128.9
c0701ccccccccccd,-257.8
c0782b3333333334,-386.70000000000005
c062b0c49ba5e354,-149.524
c0601fae147ae148,-128.99
c0701fae147ae148,-257.98
c0782f851eb851ec,-386.97
c062b41bda5119ce,-149.6284
c078300000000000,-387.0
c062b47ae147ae14,-149.64
c06021999999999a,-129.05
c07021999999999a,-258.1
c078326666666667,-387.15000000000003
c062b65604189375,-149.698
c060233333333333,-129.1
c070233333333333,-258.2
c07834cccccccccc,-387.29999999999995
c062b83126e978d4,-149.75599999999997
c06024cccccccccd,-129.15
c07024cccccccccd,-258.3
c078373333333334,-387.45000000000005
c062ba0c49ba5e35,-149.814
c060266666666666,-129.2
c070266666666666,-258.4
c078399999999999,-387.59999999999997
c062bbe76c8b4395,-149.87199999999999
c060280000000000,-129.25
c0783c0000000000,-387.75
c062bdc28f5c28f5,-149.92999999999998
c0602a8f5c28f5c3,-129.33
c0702a8f5c28f5c3,-258.66
c0783fd70a3d70a4,-387.99
c062c0bac710cb2a,-150.02280000000002
c070300000000000,-259.0
c078480000000000,-388.5
c062c70a3d70a3d7,-150.22
c078540000000000,-389.25
c062d051eb851eb8,-150.51
c0603ccccccccccd,-129.9
c0703ccccccccccd,-259.8
c0785b3333333334,-389.70000000000005
c062d5e353f7ced9,-150.684
c0703fae147ae148,-259.98
c0785f851eb851ec,-389.97
c062d93a92a30553,-150.7884
c078600000000000,-390.0
c062d99999999999,-150.79999999999998
c06041999999999a,-130.05
c078626666666667,-390.15000000000003
c062db74bc6a7efa,-150.858
c070433333333333,-260.2
c07864cccccccccc,-390.29999999999995
c062dd4fdf3b645a,-150.916
c06044cccccccccd,-130.15
c07044cccccccccd,-260.3
c078673333333334,-390.45000000000005
c062df2b020c49ba,-150.974
c070466666666666,-260.4
c078699999999999,-390.59999999999997
c062e10624dd2f1a,-151.03199999999998
c060480000000000,-130.25
c070480000000000,-260.5
c0786c0000000000,-390.75
c062e2e147ae147b,-151.09
c0604a8f5c28f5c3,-130.33
c0704a8f5c28f5c3,-260.66
c0786fd70a3d70a4,-390.99
c062e5d97f62b6af,-151.18280000000001
c078780000000000,-391.5
c062ec28f5c28f5c,-151.38
c060580000000000,-130.75
c070580000000000,-261.5
c078840000000000,-392.25
c062f570a3d70a3d,-151.67
c0605ccccccccccd,-130.9
c0705ccccccccccd,-261.8
c0788b3333333334,-392.70000000000005
c062fb020c49ba5e,-151.844
c0605fae147ae148,-130.99
c0705fae147ae148,-261.98
c0788f851eb851ec,-392.97
c062fe594af4f0d8,-151.9484
c070600000000000,-262.0
c078900000000000,-393.0
c062feb851eb851e,-151.95999999999998
c06061999999999a,-131.05
c07061999999999a,-262.1
c078926666666667,-393.15000000000003
c063009374bc6a7f,-152.018
c07894cccccccccc,-393.29999999999995
c063026e978d4fdf,-152.076
c06064cccccccccd,-131.15
c07064cccccccccd,-262.3
c078973333333334,-393.45000000000005
c0630449ba5e353f,-152.134
c060666666666666,-131.2
c070666666666666,-262.4
c078999999999999,-393.59999999999997
c0630624dd2f1a9f,-152.19199999999998
c0789c0000000000,-393.75
c0606a8f5c28f5c3,-131.33
c0706a8f5c28f5c3,-262.66
c0789fd70a3d70a4,-393.99
c0630af837b4a234,-152.3428
c070700000000000,-263.0
c078a80000000000,-394.5
c0631147ae147ae1,-152.54
c060780000000000,-131.75
c070780000000000,-263.5
c078b40000000000,-395.25
c0631a8f5c28f5c2,-152.82999999999998
c0607ccccccccccd,-131.9
c0707ccccccccccd,-263.8
c078bb3333333334,-395.70000000000005
c0632020c49ba5e3,-153.004
c0607fae147ae148,-131.99
c0707fae147ae148,-263.98
c078bf851eb851ec,-395.97
c06323780346dc5d,-153.1084
c078c00000000000,-396.0
c06323d70a3d70a3,-153.11999999999998
c06081999999999a,-132.05
c07081999999999a,-264.1
c078c26666666667,-396.15000000000003
c06325b22d0e5604,-153.178
c070833333333333,-264.2
c078c4cccccccccc,-396.29999999999995
c063278d4fdf3b64,-153.236
c06084cccccccccd,-132.15
c07084cccccccccd,-264.3
c078c73333333334,-396.45000000000005
c063296872b020c4,-153.29399999999998
c070866666666666,-264.4
c078c99999999999,-396.59999999999997
c0632b4395810624,-153.35199999999998
c060880000000000,-132.25
c070880000000000,-264.5
c078cc0000000000,-396.75
c0632d1eb851eb85,-153.41
c0608a8f5c28f5c3,-132.33
c0708a8f5c28f5c3,-264.66
c078cfd70a3d70a4,-396.99
c0633016f0068db9,-153.5028
c078d80000000000,-397.5
c063366666666666,-153.7
c078e40000000000,-398.25
c0633fae147ae147,-153.98999999999998
c0609ccccccccccd,-132.9
c0709ccccccccccd,-265.8
c078eb3333333334,-398.70000000000005
c063453f7ced9168,-154.164
c0709fae147ae148,-265.98
c078ef851eb851ec,-398.97
c0634896bb98c7e3,-154.2684
c070a00000000000,-266.0
c078f00000000000,-399.0
c06348f5c28f5c29,-154.28
c060a1999999999a,-133.05
c070a1999999999a,-266.1
c078f26666666667,-399.15000000000003
c0634ad0e5604189,-154.338
c060a33333333333,-133.1
c070a33333333333,-266.2
c078f4cccccccccc,-399.29999999999995
c0634cac083126e9,-154.396
c060a4cccccccccd,-133.15
c070a4cccccccccd,-266.3
c078f73333333334,-399.45000000000005
c0634e872b020c4a,-154.454
c060a66666666666,-133.2
c070a66666666666,-266.4
c078f99999999999,-399.59999999999997
c06350624dd2f1a9,-154.51199999999997
c060a80000000000,-133.25
c070a80000000000,-266.5
c078fc0000000000,-399.75
c063523d70a3d70a,-154.57
c060aa8f5c28f5c3,-133.33
c070aa8f5c28f5c3,-266.66
c078ffd70a3d70a4,-399.99
c0635535a858793e,-154.6628
c079080000000000,-400.5
c0635b851eb851eb,-154.85999999999999
c060b80000000000,-133.75
c070b80000000000,-267.5
c079140000000000,-401.25
c06364cccccccccc,-155.14999999999998
c060bccccccccccd,-133.9
c070bccccccccccd,-267.8
c0791b3333333334,-401.70000000000005
c0636a5e353f7ced,-155.32399999999998
c060bfae147ae148,-133.99
c070bfae147ae148,-267.98
c0791f851eb851ec,-401.97
c0636db573eab368,-155.4284
c070c00000000000,-268.0
c079200000000000,-402.0
c0636e147ae147ae,-155.44
c060c1999999999a,-134.05
c070c1999999999a,-268.1
c079226666666667,-402.15000000000003
c0636fef9db22d0e,-155.498
c070c33333333333,-268.2
c07924cccccccccc,-402.29999999999995
c06371cac083126e,-155.55599999999998
c060c4cccccccccd,-134.15
c070c4cccccccccd,-268.3
c079273333333334,-402.45000000000005
c06373a5e353f7cf,-155.614
c070c66666666666,-268.4
c079299999999999,-402.59999999999997
c06375810624dd2e,-155.67199999999997
c0792c0000000000,-402.75
c063775c28f5c28f,-155.73
c060ca8f5c28f5c3,-134.33
c070ca8f5c28f5c3,-268.66
c0792fd70a3d70a4,-402.99
c0637a5460aa64c3,-155.8228
c070d00000000000,-269.0
c079380000000000,-403.5
c06380a3d70a3d70,-156.01999999999998
c060d80000000000,-134.75
c079440000000000,-404.25
c06389eb851eb852,-156.31
c060dccccccccccd,-134.9
c070dccccccccccd,-269.8
c0794b3333333334,-404.70000000000005
c0638f7ced916873,-156.484
c060dfae147ae148,-134.99
c070dfae147ae148,-269.98
c0794f851eb851ec,-404.97
c06392d42c3c9eed,-156.5884
c079500000000000,-405.0
c063933333333333,-156.6
c060e1999999999a,-135.05
c070e1999999999a,-270.1
c079526666666667,-405.15000000000003
c063950e56041894,-156.65800000000002
c060e33333333333,-135.1
c070e33333333333,-270.2
c07954cccccccccc,-405.29999999999995
c06396e978d4fdf3,-156.71599999999998
c060e4cccccccccd,-135.15
c079573333333334,-405.45000000000005
c06398c49ba5e354,-156.774
c060e66666666666,-135.2
c070e66666666666,-270.4
c079599999999999,-405.59999999999997
c0639a9fbe76c8b3,-156.83199999999997
c060e80000000000,-135.25
c070e80000000000,-270.5
c0795c0000000000,-405.75
c0639c7ae147ae14,-156.89
c060ea8f5c28f5c3,-135.33
c070ea8f5c28f5c3,-270.66
c0795fd70a3d70a4,-405.99
c0639f7318fc5048,-156.9828
c070f00000000000,-271.0
c079680000000000,-406.5
c063a5c28f5c28f5,-157.17999999999998
c079740000000000,-407.25
c063af0a3d70a3d7,-157.47
c060fccccccccccd,-135.9
c070fccccccccccd,-271.8
c0797b3333333334,-407.70000000000005
c063b49ba5e353f8,-157.644
c070ffae147ae148,-271.98
c0797f851eb851ec,-407.97
c063b7f2e48e8a72,-157.7484
c071000000000000,-272.0
c079800000000000,-408.0
c063b851eb851eb8,-157.76
c06101999999999a,-136.05
c07101999999999a,-272.1
c079826666666667,-408.15000000000003
c063ba2d0e560419,-157.818
c071033333333333,-272.2
c07984cccccccccc,-408.29999999999995
c063bc083126e978,-157.87599999999998
c06104cccccccccd,-136.15
c07104cccccccccd,-272.3
c079873333333334,-408.45000000000005
c063bde353f7ced9,-157.934
c071066666666666,-272.4
c079899999999999,-408.59999999999997
c063bfbe76c8b438,-157.99199999999996
c061080000000000,-136.25
c071080000000000,-272.5
c0798c0000000000,-408.75
c063c19999999999,-158.04999999999998
c0610a8f5c28f5c3,-136.33
c0710a8f5c28f5c3,-272.66
c0798fd70a3d70a4,-408.99
c063c491d14e3bcd,-158.1428
c079980000000000,-409.5
c063cae147ae147a,-158.33999999999997
c061180000000000,-136.75
c071180000000000,-273.5
c079a40000000000,-410.25
c063d428f5c28f5c,-158.63
c0711ccccccccccd,-273.8
c079ab3333333334,-410.70000000000005
c063d9ba5e353f7d,-158.804
c0611fae147ae148,-136.99
c0711fae147ae148,-273.98
c079af851eb851ec,-410.97
c063dd119ce075f7,-158.9084
c071200000000000,-274.0
c079b00000000000,-411.0
c063dd70a3d70a3d,-158.92
c06121999999999a,-137.05
c07121999999999a,-274.1
c079b26666666667,-411.15000000000003
c063df4bc6a7ef9e,-158.978
c061233333333333,-137.1
c071233333333333,-274.2
c079b4cccccccccc,-411.29999999999995
c063e126e978d4fd,-159.03599999999997
c06124cccccccccd,-137.15
c07124cccccccccd,-274.3
c079b73333333334,-411.45000000000005
c063e3020c49ba5e,-159.094
c061266666666666,-137.2
c071266666666666,-274.4
c079b99999999999,-411.59999999999997
c063e4dd2f1a9fbe,-159.152
c079bc0000000000,-411.75
c063e6b851eb851e,-159.20999999999998
c0612a8f5c28f5c3,-137.33
c0712a8f5c28f5c3,-274.66
c079bfd70a3d70a4,-411.99
c063e9b089a02752,-159.3028
c079c80000000000,-412.5
c071380000000000,-275.5
c079d40000000000,-413.25
c063f947ae147ae1,-159.79
c0613ccccccccccd,-137.9
c0713ccccccccccd,-275.8
c079db3333333334,-413.70000000000005
c063fed916872b02,-159.964
c0613fae147ae148,-137.99
c0713fae147ae148,-275.98
c079df851eb851ec,-413.97
c06402305532617c,-160.0684
c079e00000000000,-414.0
c064028f5c28f5c2,-160.07999999999998
c06141999999999a,-138.05
c07141999999999a,-276.1
c079e26666666667,-414.15000000000003
c064046a7ef9db23,-160.138
c071433333333333,-276.2
c079e4cccccccccc,-414.29999999999995
c0640645a1cac082,-160.19599999999997
c06144cccccccccd,-138.15
c07144cccccccccd,-276.3
c079e73333333334,-414.45000000000005
c0640820c49ba5e3,-160.254
c071466666666666,-276.4
c079e99999999999,-414.59999999999997
c06409fbe76c8b43,-160.31199999999998
c061480000000000,-138.25
c071480000000000,-276.5
c079ec0000000000,-414.75
c0640bd70a3d70a3,-160.36999999999998
c0614a8f5c28f5c3,-138.33
c0714a8f5c28f5c3,-276.66
c079efd70a3d70a4,-414.99
c0640ecf41f212d8,-160.46280000000002
c071500000000000,-277.0
c079f80000000000,-415.5
c07a040000000000,-416.25
c0641e6666666666,-160.95
c0615ccccccccccd,-138.9
c0715ccccccccccd,-277.8
c07a0b3333333334,-416.70000000000005
c06423f7ced91687,-161.124
c0715fae147ae148,-277.98
c07a0f851eb851ec,-416.97
c064274f0d844d01,-161.2284
c071600000000000,-278.0
c07a100000000000,-417.0
c06427ae147ae147,-161.23999999999998
c06161999999999a,-139.05
c07161999999999a,-278.1
c07a126666666667,-417.15000000000003
c0642989374bc6a8,-161.298
c061633333333333,-139.1
c071633333333333,-278.2
c07a14cccccccccc,-417.29999999999995
c0642b645a1cac08,-161.356
c06164cccccccccd,-139.15
c07164cccccccccd,-278.3
c07a173333333334,-417.45000000000005
c0642d3f7ced9168,-161.414
c071666666666666,-278.4
c07a199999999999,-417.59999999999997
c0642f1a9fbe76c8,-161.47199999999998
c061680000000000,-139.25
c071680000000000,-278.5
c07a1c0000000000,-417.75
c06430f5c28f5c29,-161.53
c0616a8f5c28f5c3,-139.33
c0716a8f5c28f5c3,-278.66
c07a1fd70a3d70a4,-417.99
c06433edfa43fe5d,-161.6228
c07a280000000000,-418.5
c0643a3d70a3d70a,-161.82
c061780000000000,-139.75
c071780000000000,-279.5
c07a340000000000,-419.25
c06443851eb851eb,-162.10999999999999
c0617ccccccccccd,-139.9
c0717ccccccccccd,-279.8
c07a3b3333333334,-419.70000000000005
c0644916872b020c,-162.284
c0617fae147ae148,-139.99
c0717fae147ae148,-279.98
c07a3f851eb851ec,-419.97
c0644c6dc5d63886,-162.3884
c07a400000000000,-420.0
c0644ccccccccccc,-162.39999999999998
c06181999999999a,-140.05
c07181999999999a,-280.1
c07a426666666667,-420.15000000000003
c0644ea7ef9db22d,-162.458
c071833333333333,-280.2
c07a44cccccccccc,-420.29999999999995
c0645083126e978d,-162.516
c06184cccccccccd,-140.15
c07184cccccccccd,-280.3
c07a473333333334,-420.45000000000005
c064525e353f7ced,-162.57399999999998
c071866666666666,-280.4
c07a499999999999,-420.59999999999997
c06454395810624d,-162.63199999999998
c07a4c0000000000,-420.75
c06456147ae147ae,-162.69
c0618a8f5c28f5c3,-140.33
c0718a8f5c28f5c3,-280.66
c07a4fd70a3d70a4,-420.99
c064590cb295e9e2,-162.7828
c071900000000000,-281.0
c07a580000000000,-421.5
c0645f5c28f5c28f,-162.98
c061980000000000,-140.75
c071980000000000,-281.5
c07a640000000000,-422.25
c06468a3d70a3d70,-163.26999999999998
c0619ccccccccccd,-140.9
c0719ccccccccccd,-281.8
c07a6b3333333334,-422.70000000000005
c0646e353f7ced91,-163.444
c0619fae147ae148,-140.99
c0719fae147ae148,-281.98
c07a6f851eb851ec,-422.97
c064718c7e28240b,-163.5484
c07a700000000000,-423.0
c06471eb851eb852,-163.56
c061a1999999999a,-141.05
c071a1999999999a,-282.1
c07a726666666667,-423.15000000000003
c06473c6a7ef9db2,-163.618
c061a33333333333,-141.1
c071a33333333333,-282.2
c07a74cccccccccc,-423.29999999999995
c06475a1cac08312,-163.676
c061a4cccccccccd,-141.15
c071a4cccccccccd,-282.3
c07a773333333334,-423.45000000000005
c064777ced916873,-163.734
c061a66666666666,-141.2
c071a66666666666,-282.4
c07a799999999999,-423.59999999999997
c064795810624dd2,-163.79199999999997
c061a80000000000,-141.25
c071a80000000000,-282.5
c07a7c0000000000,-423.75
c0647b3333333333,-163.85
c061aa8f5c28f5c3,-141.33
c071aa8f5c28f5c3,-282.66
c07a7fd70a3d70a4,-423.99
c0647e2b6ae7d567,-163.9428
c071b00000000000,-283.0
c07a880000000000,-424.5
c064847ae147ae14,-164.14
c07a940000000000,-425.25
c0648dc28f5c28f5,-164.42999999999998
c071bccccccccccd,-283.8
c07a9b3333333334,-425.70000000000005
c0649353f7ced916,-164.60399999999998
c071bfae147ae148,-283.98
c07a9f851eb851ec,-425.97
c06496ab367a0f91,-164.7084
c071c00000000000,-284.0
c07aa00000000000,-426.0
c064970a3d70a3d7,-164.72
c061c1999999999a,-142.05
c071c1999999999a,-284.1
c07aa26666666667,-426.15000000000003
c06498e560418937,-164.778
c071c33333333333,-284.2
c07aa4cccccccccc,-426.29999999999995
c0649ac083126e97,-164.83599999999998
c061c4cccccccccd,-142.15
c071c4cccccccccd,-284.3
c07aa73333333334,-426.45000000000005
c0649c9ba5e353f8,-164.894
c071c66666666666,-284.4
c07aa99999999999,-426.59999999999997
c0649e76c8b43957,-164.95199999999997
c061c80000000000,-142.25
c071c80000000000,-284.5
c07aac0000000000,-426.75
c064a051eb851eb8,-165.01
c061ca8f5c28f5c3,-142.33
c071ca8f5c28f5c3,-284.66
c07aafd70a3d70a4,-426.99
c064a34a2339c0ec,-165.1028
c07ab80000000000,-427.5
c064a99999999999,-165.29999999999998
c061d80000000000,-142.75
c071d80000000000,-285.5
c07ac40000000000,-428.25
c064b2e147ae147a,-165.58999999999997
c061dccccccccccd,-142.9
c071dccccccccccd,-285.8
c07acb3333333334,-428.70000000000005
c064b872b020c49b,-165.76399999999998
c061dfae147ae148,-142.99
c071dfae147ae148,-285.98
c07acf851eb851ec,-428.97
c064bbc9eecbfb16,-165.8684
c07ad00000000000,-429.0
c064bc28f5c28f5c,-165.88
c061e1999999999a,-143.05
c071e1999999999a,-286.1
c07ad26666666667,-429.15000000000003
c064be04189374bc,-165.938
c061e33333333333,-143.1
c071e33333333333,-286.2
c07ad4cccccccccc,-429.29999999999995
c064bfdf3b645a1c,-165.99599999999998
c061e4cccccccccd,-143.15
c071e4cccccccccd,-286.3
c07ad73333333334,-429.45000000000005
c064c1ba5e353f7d,-166.054
c061e66666666666,-143.2
c071e66666666666,-286.4
c07ad99999999999,-429.59999999999997
c064c395810624dc,-166.11199999999997
c07adc0000000000,-429.75
c064c570a3d70a3d,-166.17
c061ea8f5c28f5c3,-143.33
c071ea8f5c28f5c3,-286.66
c07adfd70a3d70a4,-429.99
c064c868db8bac71,-166.2628
c071f00000000000,-287.0
c07ae80000000000,-430.5
c064ceb851eb851e,-166.45999999999998
c061f80000000000,-143.75
c071f80000000000,-287.5
c07af40000000000,-431.25
c064d80000000000,-166.75
c061fccccccccccd,-143.9
c071fccccccccccd,-287.8
c07afb3333333334,-431.70000000000005
c064dd916872b021,-166.924
c061ffae147ae148,-143.99
c071ffae147ae148,-287.98
c07aff851eb851ec,-431.97
c064e0e8a71de69b,-167.0284
c07b000000000000,-432.0
c064e147ae147ae1,-167.04
c06201999999999a,-144.05
c07201999999999a,-288.1
c07b026666666667,-432.15000000000003
c064e322d0e56042,-167.098
c072033333333333,-288.2
c07b04cccccccccc,-432.29999999999995
c064e4fdf3b645a1,-167.15599999999998
c06204cccccccccd,-144.15
c07204cccccccccd,-288.3
c07b073333333334,-432.45000000000005
c064e6d916872b02,-167.214
c072066666666666,-288.4
c07b099999999999,-432.59999999999997
c064e8b439581061,-167.27199999999996
c062080000000000,-144.25
c072080000000000,-288.5
c07b0c0000000000,-432.75
c064ea8f5c28f5c2,-167.32999999999998
c0620a8f5c28f5c3,-144.33
c0720a8f5c28f5c3,-288.66
c07b0fd70a3d70a4,-432.99
c064ed8793dd97f6,-167.4228
c072100000000000,-289.0
c07b180000000000,-433.5
c064f3d70a3d70a3,-167.61999999999998
c07b240000000000,-434.25
c064fd1eb851eb85,-167.91
c0621ccccccccccd,-144.9
c0721ccccccccccd,-289.8
c07b2b3333333334,-434.70000000000005
c06502b020c49ba6,-168.084
c0721fae147ae148,-289.98
c07b2f851eb851ec,-434.97
c06506075f6fd220,-168.1884
c07b300000000000,-435.0
c06221999999999a,-145.05
c07221999999999a,-290.1
c07b326666666667,-435.15000000000003
c065084189374bc7,-168.258
c062233333333333,-145.1
c072233333333333,-290.2
c07b34cccccccccc,-435.29999999999995
c0650a1cac083126,-168.31599999999997
c06224cccccccccd,-145.15
c07224cccccccccd,-290.3
c07b373333333334,-435.45000000000005
c0650bf7ced91687,-168.374
c062266666666666,-145.2
c072266666666666,-290.4
c07b399999999999,-435.59999999999997
c0650dd2f1a9fbe7,-168.432
c062280000000000,-145.25
c072280000000000,-290.5
c07b3c0000000000,-435.75
c0650fae147ae147,-168.48999999999998
c0622a8f5c28f5c3,-145.33
c0722a8f5c28f5c3,-290.66
c07b3fd70a3d70a4,-435.99
c06512a64c2f837b,-168.5828
c07b480000000000,-436.5
c06518f5c28f5c29,-168.78
c062380000000000,-145.75
c07b540000000000,-437.25
c065223d70a3d70a,-169.07
c0623ccccccccccd,-145.9
c0723ccccccccccd,-291.8
c07b5b3333333334,-437.70000000000005
c06527ced916872b,-169.244
c0623fae147ae148,-145.99
c0723fae147ae148,-291.98
c07b5f851eb851ec,-437.97
c0652b2617c1bda5,-169.3484
c072400000000000,-292.0
c07b600000000000,-438.0
c0652b851eb851eb,-169.35999999999999
c06241999999999a,-146.05
c07241999999999a,-292.1
c07b626666666667,-438.15000000000003
c0652d604189374c,-169.418
c072433333333333,-292.2
c07b64cccccccccc,-438.29999999999995
c0652f3b645a1cab,-169.47599999999997
c06244cccccccccd,-146.15
c07244cccccccccd,-292.3
c07b673333333334,-438.45000000000005
c0653116872b020c,-169.534
c072466666666666,-292.4
c07b699999999999,-438.59999999999997
c06532f1a9fbe76c,-169.59199999999998
c07b6c0000000000,-438.75
c06534cccccccccc,-169.64999999999998
c0624a8f5c28f5c3,-146.33
c0724a8f5c28f5c3,-292.66
c07b6fd70a3d70a4,-438.99
c06537c504816f01,-169.74280000000002
c072500000000000,-293.0
c07b780000000000,-439.5
c0653e147ae147ae,-169.94
c062580000000000,-146.75
c072580000000000,-293.5
c07b840000000000,-440.25
c065475c28f5c28f,-170.23
c0625ccccccccccd,-146.9
c0725ccccccccccd,-293.8
c07b8b3333333334,-440.70000000000005
c0654ced916872b0,-170.404
c0625fae147ae148,-146.99
c0725fae147ae148,-293.98
c07b8f851eb851ec,-440.97
c0655044d013a92a,-170.5084
c07b900000000000,-441.0
c06550a3d70a3d70,-170.51999999999998
c06261999999999a,-147.05
c07261999999999a,-294.1
c07b926666666667,-441.15000000000003
c065527ef9db22d1,-170.578
c062633333333333,-147.1
c072633333333333,-294.2
c07b94cccccccccc,-441.29999999999995
c065545a1cac0831,-170.636
c06264cccccccccd,-147.15
c07264cccccccccd,-294.3
c07b973333333334,-441.45000000000005
c06556353f7ced91,-170.694
c062666666666666,-147.2
c072666666666666,-294.4
c07b999999999999,-441.59999999999997
c0655810624dd2f1,-170.75199999999998
c062680000000000,-147.25
c072680000000000,-294.5
c07b9c0000000000,-441.75
c06559eb851eb852,-170.81
c0626a8f5c28f5c3,-147.33
c0726a8f5c28f5c3,-294.66
c07b9fd70a3d70a4,-441.99
c0655ce3bcd35a86,-170.9028
c07ba80000000000,-442.5
c065633333333333,-171.1
c07bb40000000000,-443.25
c0656c7ae147ae14,-171.39
c07bbb3333333334,-443.70000000000005
c065720c49ba5e35,-171.564
c0727fae147ae148,-295.98
c07bbf851eb851ec,-443.97
c0657563886594af,-171.6684
c072800000000000,-296.0
c07bc00000000000,-444.0
c06575c28f5c28f5,-171.67999999999998
c06281999999999a,-148.05
c07281999999999a,-296.1
c07bc26666666667,-444.15000000000003
c065779db22d0e56,-171.738
c072833333333333,-296.2
c07bc4cccccccccc,-444.29999999999995
c0657978d4fdf3b6,-171.796
c06284cccccccccd,-148.15
c07284cccccccccd,-296.3
c07bc73333333334,-444.45000000000005
c0657b53f7ced916,-171.85399999999998
c072866666666666,-296.4
c07bc99999999999,-444.59999999999997
c0657d2f1a9fbe76,-171.91199999999998
c062880000000000,-148.25
c072880000000000,-296.5
c07bcc0000000000,-444.75
c0657f0a3d70a3d7,-171.97
c0628a8f5c28f5c3,-148.33
c0728a8f5c28f5c3,-296.66
c07bcfd70a3d70a4,-444.99
c06582027525460b,-172.0628
c07bd80000000000,-445.5
c0658851eb851eb8,-172.26
c062980000000000,-148.75
c072980000000000,-297.5
c07be40000000000,-446.25
c065919999999999,-172.54999999999998
c0629ccccccccccd,-148.9
c0729ccccccccccd,-297.8
c07beb3333333334,-446.70000000000005
c065972b020c49ba,-172.724
c0629fae147ae148,-148.99
c0729fae147ae148,-297.98
c07bef851eb851ec,-446.97
c0659a8240b78034,-172.8284
c072a00000000000,-298.0
c07bf00000000000,-447.0
c0659ae147ae147a,-172.83999999999997
c062a1999999999a,-149.05
c072a1999999999a,-298.1
c07bf26666666667,-447.15000000000003
c0659cbc6a7ef9db,-172.898
c062a33333333333,-149.1
c072a33333333333,-298.2
c07bf4cccccccccc,-447.29999999999995
c0659e978d4fdf3b,-172.956
c062a4cccccccccd,-149.15
c072a4cccccccccd,-298.3
c07bf73333333334,-447.45000000000005
c065a072b020c49b,-173.01399999999998
c062a66666666666,-149.2
c072a66666666666,-298.4
c07bf99999999999,-447.59999999999997
c065a24dd2f1a9fb,-173.07199999999997
c07bfc0000000000,-447.75
c065a428f5c28f5c,-173.13
c062aa8f5c28f5c3,-149.33
c072aa8f5c28f5c3,-298.66
c07bffd70a3d70a4,-447.99
c065a7212d773190,-173.2228
c072b00000000000,-299.0
c07c080000000000,-448.5
c065ad70a3d70a3d,-173.42
c062b80000000000,-149.75
c072b80000000000,-299.5
c07c140000000000,-449.25
c065b6b851eb851e,-173.70999999999998
c062bccccccccccd,-149.9
c072bccccccccccd,-299.8
c07c1b3333333334,-449.70000000000005
c065bc49ba5e353f,-173.884
c062bfae147ae148,-149.99
c072bfae147ae148,-299.98
c07c1f851eb851ec,-449.97
c065bfa0f9096bb9,-173.98839999999998
c07c200000000000,-450.0
c062c1999999999a,-150.05
c072c1999999999a,-300.1
c07c226666666667,-450.15000000000003
c065c1db22d0e560,-174.058
c072c33333333333,-300.2
c07c24cccccccccc,-450.29999999999995
c065c3b645a1cac0,-174.11599999999999
c062c4cccccccccd,-150.15
c072c4cccccccccd,-300.3
c07c273333333334,-450.45000000000005
c065c5916872b021,-174.174
c072c66666666666,-300.4
c07c299999999999,-450.59999999999997
c065c76c8b439580,-174.23199999999997
c062c80000000000,-150.25
c072c80000000000,-300.5
c07c2c0000000000,-450.75
c065c947ae147ae1,-174.29
c062ca8f5c28f5c3,-150.33
c072ca8f5c28f5c3,-300.66
c07c2fd70a3d70a4,-450.99
c065cc3fe5c91d15,-174.3828
c072d00000000000,-301.0
c07c380000000000,-451.5
c065d28f5c28f5c2,-174.57999999999998
c07c440000000000,-452.25
c065dbd70a3d70a3,-174.86999999999998
c062dccccccccccd,-150.9
c072dccccccccccd,-301.8
c07c4b3333333334,-452.70000000000005
c065e16872b020c4,-175.04399999999998
c072dfae147ae148,-301.98
c07c4f851eb851ec,-452.97
c065e4bfb15b573f,-175.1484
c01bf0a3d70a3d70,-6.984999999999999
c0216b851eb851ec,-8.71
c01dfae147ae147a,-7.494999999999999
c01b851eb851eb84,-6.879999999999999
c0189eb851eb851f,-6.155
c00ee147ae147ae1,-3.86
c01075c28f5c28f6,-4.115
c020051eb851eb85,-8.01
c00ce147ae147ae2,-3.6100000000000003
c010c28f5c28f5c3,-4.19
c020d70a3d70a3d7,-8.42
c0109eb851eb851f,-4.155
c01bd1eb851eb852,-6.955
c01c70a3d70a3d70,-7.109999999999999
bffa7ae147ae147b,-1.655
c00b28f5c28f5c2a,-3.3950000000000005
c01bc7ae147ae148,-6.945
c020c51eb851eb85,-8.385
c012962fc962fc97,-4.646666666666667
c013258bf258bf26,-4.786666666666667
c015b4e81b4e81b5,-5.426666666666667
c0123d70a3d70a3d,-4.56
c017bbbbbbbbbbbc,-5.933333333333334
c00e444444444445,-3.7833333333333337
c0200369d0369d03,-8.006666666666666
c00deb851eb851ec,-3.74
c0154e81b4e81b4f,-5.326666666666667
c00f1eb851eb851f,-3.89
c0173d70a3d70a3d,-5.81
bffd2c5f92c5f92c,-1.8233333333333333
c0121eb851eb851f,-4.53
c0169d0369d0369d,-5.653333333333333
c018f258bf258bf3,-6.236666666666667
c016333333333333,-5.55
c0030a3d70a3d70b,-2.3800000000000003
c0130a3d70a3d70b,-4.760000000000001
c00e800000000000,-3.8125
c006a3d70a3d70a3,-2.8299999999999996
c00fae147ae147ae,-3.96
bff83d70a3d70a3e,-1.5150000000000001
c015b33333333333,-5.425
c013fd70a3d70a3d,-4.9975
c01de8f5c28f5c2a,-7.477500000000001
c012a8f5c28f5c29,-4.665
c01135c28f5c28f6,-4.3025
c0138a3d70a3d70a,-4.885
c013e147ae147ae1,-4.97
c01a63d70a3d70a4,-6.5975
c017c28f5c28f5c2,-5.9399999999999995
c014c51eb851eb85,-5.1925
c014970a3d70a3d8,-5.147500000000001
c01091eb851eb852,-4.1425
c00c70a3d70a3d70,-3.5549999999999997
c0000f5c28f5c290,-2.0075000000000003
c010ee147ae147ae,-4.2325
c013b33333333333,-4.925
c01bf9db22d0e560,-6.994
c0123f7ced916873,-4.562
c01bb22d0e560418,-6.9239999999999995
c0194395810624dd,-6.316
c0136872b020c49c,-4.852
c014eb851eb851eb,-5.2299999999999995
c010872b020c49ba,-4.132
c01416872b020c4a,-5.022
c01747ae147ae148,-5.82
c0159374bc6a7efa,-5.394
c0163126e978d4fe,-5.548
c013fdf3b645a1cb,-4.998
c010d4fdf3b645a2,-4.208
c0027ef9db22d0e6,-2.3120000000000003
c01d70a3d70a3d70,-7.359999999999999
c011fbe76c8b4395,-4.4959999999999996
c014d916872b020d,-5.212000000000001
c016d4fdf3b645a2,-5.708
c0194bc6a7ef9db2,-6.324
c01753f7ced91686,-5.831999999999999
c010f0a3d70a3d71,-4.235
c00d06d3a06d3a08,-3.628333333333334
c015f0a3d70a3d71,-5.485
c0134ccccccccccd,-4.825
c017d3a06d3a06d3,-5.956666666666666
c016fe4b17e4b17f,-5.748333333333334
c0130f5c28f5c28f,-4.765
c014e9d0369d0369,-5.228333333333333
c0127ae147ae147b,-4.62
c017b4e81b4e81b5,-5.926666666666667
c010d3a06d3a06d3,-4.206666666666666
c0042fc962fc962f,-2.523333333333333
c008258bf258bf25,-3.018333333333333
c016911111111110,-5.641666666666666
c01817e4b17e4b18,-6.023333333333333
c00906d3a06d3a07,-3.1283333333333334
c0100369d0369d03,-4.003333333333333
c013111111111111,-4.766666666666667
c007a740da740da7,-2.9566666666666666
c0170a3d70a3d70b,-5.760000000000001
c01608c6f2d593c0,-5.508571428571429
c00acfb9c8695361,-3.351428571428571
c016f8af8af8af8b,-5.742857142857143
c01c277f44c118de,-7.038571428571428
c01b36202ecfb9c8,-6.8028571428571425
c0147ae147ae147d,-5.120000000000002
c0170bb3ee721a55,-5.761428571428572
c0192ecfb9c86952,-6.2957142857142845
c01c5f15f15f15f1,-7.0928571428571425
c015c869536202ed,-5.445714285714286
c0033ee721a54d88,-2.4057142857142857
c013231bcb564eff,-4.784285714285715
c01c118de5ab277f,-7.017142857142857
c01ac9dfd1304638,-6.6971428571428575
c00f64efe898231a,-3.9242857142857135
c01f3d70a3d70a3e,-7.8100000000000005
c014ecfb9c869536,-5.231428571428571
c00dab277f44c119,-3.7085714285714286
c0145ab277f44c11,-5.088571428571428
c01818de5ab277f3,-6.024285714285713
c014533333333333,-5.08125
c014370a3d70a3d6,-5.053749999999999
c016bd70a3d70a3d,-5.685
c01563d70a3d70a3,-5.347499999999999
c012f33333333333,-4.7375
c00ff851eb851eb8,-3.99625
c0159eb851eb851e,-5.404999999999999
c012bfffffffffff,-4.687499999999999
c010d70a3d70a3d8,-4.210000000000001
c00f8f5c28f5c28e,-3.9449999999999994
c01030a3d70a3d70,-4.047499999999999
c00ad70a3d70a3d7,-3.355
c01103d70a3d70a4,-4.25375
c014e28f5c28f5c3,-5.22125
c0106e147ae147af,-4.107500000000001
c00da3d70a3d70a3,-3.7049999999999996
c00ab0a3d70a3d70,-3.3362499999999997
c0119851eb851eb8,-4.39875
c0173c28f5c28f5c,-5.80875
c012579be02468ad,-4.585555555555556
c011147ae147ae14,-4.27
c003c28f5c28f5c4,-2.4700000000000006
c01306d3a06d3a07,-4.756666666666667
c010b4e81b4e81b5,-4.176666666666667
c011b60b60b60b60,-4.427777777777777
c0129abcdf012345,-4.651111111111111
c0136f8091a2b3c5,-4.858888888888889
c01460b60b60b60c,-5.094444444444445
c01702468acf1358,-5.752222222222223
c01207f6e5d4c3b2,-4.507777777777777
c0188e38e38e38e4,-6.138888888888889
c01050c83fb72ea6,-4.078888888888889
c016789abcdf0123,-5.6177777777777775
c017d159e26af37c,-5.954444444444444
c012eb851eb851ec,-4.73
c0115c28f5c28f5c,-4.34
c0147654320fedcc,-5.115555555555556
c015fedcba987654,-5.498888888888889
c0121fdb97530ecb,-4.5311111111111115
c00e99999999999a,-3.825
c013c6a7ef9db22e,-4.944000000000001
c01995810624dd2e,-6.395999999999999
c01621cac083126f,-5.533
c018de353f7ced92,-6.2170000000000005
c0114ccccccccccd,-4.325
c00c2d0e56041893,-3.522
c01c54fdf3b645a0,-7.082999999999998
c013916872b020c4,-4.8919999999999995
c016ed916872b020,-5.731999999999999
c018189374bc6a80,-6.024000000000001
c018a0c49ba5e353,-6.156999999999999
c01922d0e560418a,-6.284000000000001
c0137ef9db22d0e5,-4.874
c00c2d0e56041895,-3.5220000000000007
c017af1a9fbe76c8,-5.920999999999999
c0158f5c28f5c28e,-5.389999999999999
c00f083126e978d6,-3.8790000000000004
c014ec8b43958106,-5.231
c0127639b7639b76,-4.615454545454545
c017b851eb851eb9,-5.930000000000001
c01ab3aa5b3aa5b4,-6.675454545454546
c0114b6754b6754b,-4.323636363636363
c0130595e0595e07,-4.755454545454547
c017f79f2f79f2f9,-5.991818181818183
c011e5ef3e5ef3e5,-4.474545454545454
c0130b2bc0b2bc0b,-4.760909090909091
c01988d7f88d7f89,-6.383636363636364
c01535fe235fe236,-5.302727272727273
c016dac37dac37dc,-5.713636363636365
c0112094f2094f21,-4.281818181818182
c011e7cbde7cbde9,-4.476363636363637
c014639b7639b764,-5.097272727272728
c00c860d0860d086,-3.5654545454545454
c0197904a7904a79,-6.368181818181818
c017807728077280,-5.875454545454545
c00f1aff11aff11a,-3.8881818181818177
c014586fb586fb59,-5.086363636363637
c011218342183422,-4.282727272727273
c01241b4e81b4e82,-4.564166666666667
c01bc369d0369d01,-6.940833333333331
c01390369d0369d1,-4.890833333333334
c01aeb851eb851ec,-6.73
c01429d0369d036a,-5.0408333333333335
c0127851eb851eb8,-4.6175
c0127a06d3a06d3a,-4.619166666666667
c01574e81b4e81b5,-5.364166666666667
c014aeeeeeeeeeee,-5.1708333333333325
c00e0f5c28f5c290,-3.7575000000000003
c01a4962fc962fc9,-6.571666666666666
c012e22222222221,-4.720833333333332
c017400000000000,-5.8125
c011e81b4e81b4e8,-4.476666666666667
c011d70a3d70a3d7,-4.46
c016562fc962fc95,-5.584166666666666
c0153c962fc962fc,-5.309166666666666
c018fae147ae147b,-6.245
c01641b4e81b4e81,-5.564166666666666
c016ede211544877,-5.732307692307692
c011755dbc422a8a,-4.3646153846153855
c0138e9282c1c5b7,-4.88923076923077
c0194ad4ad4ad4ae,-6.323076923076924
c016bdd576f108a9,-5.685384615384614
c018422a890ef756,-6.064615384615385
c01603f03f03f03f,-5.503846153846154
c019d186b204b9e6,-6.454615384615385
c01a276276276276,-6.538461538461538
c0143659cc032699,-5.053076923076923
c00db2ce601934c7,-3.7123076923076925
c011f68c359025cf,-4.490769230769231
c0151934c67f9b2e,-5.274615384615386
c01388455121deea,-4.883076923076922
c017d4ad4ad4ad4b,-5.957692307692308
c010b788455121df,-4.179230769230769
c01232698cff3659,-4.5492307692307685
c012204b9e537ed1,-4.531538461538461
c018e794dfb461ab,-6.226153846153845
c015457c57c57c57,-5.317857142857142
c012bcb564efe899,-4.684285714285715
c01703a83a83a83b,-5.753571428571429
c013b0463796ac9e,-4.922142857142857
c016a02ecfb9c869,-5.656428571428571
c00830463796ac9e,-3.0235714285714286
c013c1d41d41d41e,-4.939285714285715
c01444c118de5ab2,-5.067142857142857
c01663796ac9dfd1,-5.597142857142857
c019ab277f44c11a,-6.417142857142858
c01577f44c118de5,-5.3671428571428565
c0123796ac9dfd13,-4.554285714285714
c013b101767dce43,-4.922857142857143
c0144405d9f7390e,-5.066428571428572
c017507507507509,-5.82857142857143
c0170c6f2d593bf9,-5.762142857142856
c0173d70a3d70a3e,-5.8100000000000005
c00e075075075077,-3.7535714285714294
c012fb9c86953620,-4.7457142857142856
c0131bcb564efe89,-4.777142857142857
c01842e6bdc80575,-6.065333333333332
c0123ece2a53490c,-4.561333333333334
c0179c54a6921734,-5.902666666666665
c01427983c131d5b,-5.038666666666667
c0135cd7b900aec3,-4.8406666666666665
c0118ead65b7a329,-4.389333333333334
c0145f92c5f92c5f,-5.093333333333333
c01613cc1e098ead,-5.519333333333333
c0130da740da740e,-4.763333333333334
c00e147ae147ae14,-3.76
c018e098ead65b7b,-6.219333333333334
c0140cf87d9c54a7,-5.012666666666667
c0153a06d3a06d3b,-5.3066666666666675
c014e402bb0cf87e,-5.222666666666667
c016a485cd7b900b,-5.660666666666667
c009fd44f3078264,-3.248666666666667
c0126ff513cc1e0a,-4.609333333333334
c011ec33e1f67153,-4.480666666666667
c01120c49ba5e354,-4.282
c013ac083126e979,-4.918
c0178c28f5c28f5d,-5.886875000000001
c0126c28f5c28f5d,-4.605625000000001
c015ad70a3d70a3d,-5.419375
c013d5c28f5c28f7,-4.958750000000001
c01331eb851eb851,-4.798749999999999
c016c9999999999a,-5.696875
c0138b851eb851eb,-4.8862499999999995
c0123851eb851eb8,-4.555
c010747ae147ae14,-4.11375
c013b0a3d70a3d70,-4.922499999999999
c00f733333333333,-3.93125
c0156b851eb851ec,-5.355
c0149851eb851eb8,-5.14875
c010e8f5c28f5c29,-4.2275
c0135ccccccccccc,-4.840624999999999
c0117f5c28f5c28f,-4.374375
c0136e147ae147ae,-4.8575
c0133e147ae147ad,-4.810624999999999
c016933333333333,-5.64375
c013c00000000000,-4.9375
c012c92f95fc62c9,-4.696470588235294
c018e4e4e4e4e4e6,-6.223529411764707
c017cc3298ff65cb,-5.949411764705881
c012821bb54ee882,-4.627058823529412
c013060606060606,-4.7558823529411764
c012359c0268cf36,-4.552352941176471
c00e1a80e74db41b,-3.7629411764705885
c013b1177de44ab1,-4.922941176470588
c01857f18b24be58,-6.0858823529411765
c015cfcfcfcfcfd0,-5.452941176470588
c01262c92f95fc62,-4.596470588235293
c014f48e27c15af6,-5.238823529411766
c0155f2bf8c5925f,-5.342941176470588
c018760fa942dc78,-6.1152941176470605
c013bc895622efbc,-4.934117647058823
c012bb54ee8821bb,-4.682941176470588
c015e6b3804d19e8,-5.47529411764706
c0131bb54ee8821c,-4.777058823529412
c014f225588bbef2,-5.236470588235294
c013a16e3b07d4a2,-4.90764705882353
c012a8641fdb9754,-4.664444444444445
c014150c83fb72ea,-5.020555555555555
c01711a2b3c4d5e7,-5.767222222222222
c012950c83fb72eb,-4.645555555555556
c012222222222222,-4.533333333333333
c012b60b60b60b61,-4.677777777777778
c013b7c048d159e3,-4.929444444444445
c011afc962fc962f,-4.421666666666666
c01555e6f8091a2b,-5.333888888888889
c00f3579be02468b,-3.901111111111111
c015f530eca86420,-5.489444444444445
c014e4b17e4b17e4,-5.223333333333333
c014f89abcdf0124,-5.242777777777778
c0153456789abcdf,-5.301111111111111
c015dc28f5c28f5c,-5.465
c01378091a2b3c4d,-4.867222222222222
c01476e5d4c3b2a1,-5.116111111111111
c01341fdb97530ed,-4.814444444444445
c01461d950c83fb6,-5.0955555555555545
c0150123456789ac,-5.251111111111111
c01648c20563b48b,-5.571052631578946
c0107d9321f424a6,-4.122631578947368
c01517b6b40227e2,-5.273157894736842
c01252757d9321f3,-4.580526315789473
c01374f39aad8a82,-4.864210526315789
c016b3782f6d6803,-5.675263157894736
c014ef4ae9e7355b,-5.233684210526316
c015dd81e2e59771,-5.466315789473684
c016c28f5c28f5c3,-5.69
c008c990fa125301,-3.0984210526315796
c00d6078b965dc6f,-3.672105263157895
c01118caa4eafb25,-4.274210526315788
c013dad0089f8747,-4.963684210526316
c01397fbb03c5cb4,-4.89842105263158
c014c42d458632a9,-5.191578947368421
c01768044fc3a34c,-5.85157894736842
c01553896e7bf538,-5.3315789473684205
c015ec0f172cbb8d,-5.480526315789473
c014eec0f172cbb9,-5.233157894736842
c012541366f05edc,-4.582105263157896
c011b1a9fbe76c8c,-4.423500000000001
c013276c8b439580,-4.788499999999999
c01031a9fbe76c8b,-4.0485
c015676c8b439582,-5.351000000000001
c010e3d70a3d70a3,-4.222499999999999
c018c6a7ef9db22c,-6.193999999999999
c01389374bc6a7f0,-4.884
c00a76c8b4395810,-3.308
c0141c28f5c28f5d,-5.027500000000001
c015cb4395810625,-5.4485
c01628f5c28f5c2a,-5.540000000000001
c015ee147ae147ae,-5.4825
c01473b645a1cac0,-5.1129999999999995
c011c8b439581062,-4.446
c014fd70a3d70a3e,-5.2475000000000005
c014fa5e353f7cee,-5.2445
c0123df3b645a1cb,-4.5605
c017e5604189374b,-5.973999999999999
c0159cac083126e9,-5.403
c014d3f7ced91687,-5.207
c013b2f4c8e627fc,-4.924761904761905
c012dd610943c770,-4.7161904761904765
c00c3a83a83a83ab,-3.52857142857143
c01ba8b7584250f2,-6.914761904761905
c0124d880bb3ee72,-4.575714285714286
c0155bac212878ed,-5.339523809523809
c0145e991cc4ff82,-5.092380952380951
c00ae04e04e04e06,-3.35952380952381
c0124e81b4e81b4e,-4.576666666666666
c0131f3526859b8c,-4.78047619047619
c011e914f7b5e1c5,-4.477619047619048
c011d787120aba45,-4.46047619047619
c011ded787120abb,-4.467619047619048
c01530c30c30c30c,-5.2976190476190474
c011258bf258bf25,-4.286666666666666
c0135ca5ca5ca5c9,-4.840476190476189
c0140b3719d803e8,-5.010952380952382
c01728f5c28f5c28,-5.789999999999999
c0143f63f63f63f6,-5.061904761904762
c011405d9f7390d3,-4.312857142857143
c0176235fe235fe3,-5.845909090909092
c016a6a1fa6a1fa7,-5.662727272727273
c01366dd8e6dd8e6,-4.850454545454545
c016043068430684,-5.504090909090909
c016455a4c55a4c6,-5.567727272727273
c011ae8ba2e8ba2d,-4.420454545454544
c00da87e9a87e9a9,-3.7072727272727275
c016bb1cdbb1cdb9,-5.682727272727271
c00ba96cea96cea9,-3.4577272727272725
c01252d9d52d9d53,-4.580909090909091
c0130c1a10c1a10b,-4.761818181818181
c0147cbde7cbde7c,-5.121818181818181
c0127dac37dac37d,-4.622727272727272
c011f02caf02caf0,-4.484545454545454
c012d86fb586fb59,-4.711363636363637
c011d52d9d52d9d5,-4.458181818181818
c0153ed61bed61bf,-5.3113636363636365
c01387e9a87e9a88,-4.882727272727273
c01116cea96cea97,-4.272272727272727
c01299227192271a,-4.649545454545455
c016c1ab68a0473d,-5.6891304347826095
c01737a6f4de9bd3,-5.804347826086956
c0118038fce22ba1,-4.375217391304347
c0123d70a3d70a3e,-4.5600000000000005
c00f76df7fc7031c,-3.9330434782608688
c00feff8e063ba8b,-3.992173913043478
c011eb851eb851ec,-4.48
c013c8590b21642d,-4.945652173913044
c016aef86e69f636,-5.670869565217393
c0149cb76df7fc70,-5.153043478260869
c011811cf06ada27,-4.376086956521738
c01268a0473c1ab6,-4.602173913043478
c01378356d1408e8,-4.8673913043478265
c0162c8590b21643,-5.543478260869565
c014c3e54975fb8b,-5.191304347826086
c01571f9c457433c,-5.3613043478260884
c0102fa36510791a,-4.046521739130435
c0147f5509597d1c,-5.124347826086957
c015e5bb6fbfe383,-5.474347826086958
c01737a6f4de9bd5,-5.804347826086958
c01609d0369d0369,-5.509583333333333
c010ed3a06d3a06e,-4.231666666666667
c012ca3d70a3d709,-4.697499999999999
c0145c962fc962fd,-5.090416666666667
c00c028f5c28f5c4,-3.5012500000000006
c016288888888889,-5.539583333333334
c015006d3a06d3a0,-5.250416666666666
c0100aaaaaaaaaab,-4.010416666666667
c014caaaaaaaaaa9,-5.197916666666665
c014c5f92c5f92c7,-5.193333333333334
c01388f5c28f5c2a,-4.883750000000001
c010b77777777777,-4.179166666666666
c0169c28f5c28f5d,-5.652500000000001
c0138e81b4e81b4d,-4.889166666666665
c012e962fc962fc9,-4.727916666666666
c0104f5c28f5c28f,-4.0775
c01401b4e81b4e81,-5.001666666666666
c012488888888889,-4.570833333333334
c017dddddddddddf,-5.966666666666668
c015a5f92c5f92c5,-5.4120833333333325
c01686c226809d49,-5.6316
c011d495182a9930,-4.457599999999999
c012f06f69446738,-4.7348
c012f972474538ef,-4.7436
c0104fdf3b645a1d,-4.078
c01352bd3c361133,-4.830799999999999
c0165f6fd21ff2e5,-5.5932
c016b0f27bb2fec5,-5.6728
c0147c1bda5119ce,-5.1212
c014858793dd97f6,-5.1304
c0125c91d14e3bcd,-4.5904
c016fe5c91d14e3b,-5.748399999999999
c016a7ef9db22d0e,-5.664
c0185119ce075f71,-6.079200000000001
c01295e9e1b089a0,-4.6464
c01313404ea4a8c2,-4.768800000000001
c0135e353f7ced92,-4.8420000000000005
c016b2fec56d5cfb,-5.6748
c010d1b71758e21a,-4.2048000000000005
c01229c779a6b50b,-4.5408
c016d576f108aa27,-5.708461538461541
c011ff3659cc0327,-4.49923076923077
c011b52b52b52b52,-4.426923076923076
c018a8f5c28f5c2b,-6.165000000000002
c014baaede211544,-5.182307692307692
c016a505838b6beb,-5.661153846153847
c012b0716d7d3e3a,-4.672307692307692
c0121d2505838b6c,-4.5284615384615385
c0161b2ce601934c,-5.526538461538461
c016e0e2dafa7c74,-5.719615384615384
c016f7baaede2116,-5.741923076923078
c014a0b0716d7d3f,-5.156923076923078
c01342f42f42f42f,-4.815384615384615
c01214dfb461ac81,-4.520384615384615
c01452b52b52b52c,-5.080769230769231
c0119e537ed186b1,-4.404615384615384
c013319fe6cb3982,-4.79846153846154
c010038b6be9f1d1,-4.003461538461537
c016217a17a17a17,-5.532692307692307
c010fb461ac812e8,-4.245384615384616
c014dad524c9c413,-5.213703703703703
c0143d0f8cb48704,-5.0596296296296295
c015dc598153d0f9,-5.465185185185185
c0141722833944a5,-5.022592592592592
c011a8c536fe1a8e,-4.414814814814816
c0141e573ac901e6,-5.02962962962963
c0138d76b5493272,-4.888148148148149
c0112adb363bec48,-4.2918518518518525
c010944a55b66c78,-4.144814814814815
c0139d0369d0369b,-4.9033333333333315
c013672894ab6cd8,-4.85074074074074
c015b0bc1cd2de3f,-5.422592592592593
c0126054f43e32d2,-4.594074074074074
c016aff9ee8dd7cc,-5.6718518518518515
c012111111111111,-4.516666666666667
c0139abcdf012347,-4.9011111111111125
c00c8277166054f3,-3.563703703703703
c0198641fdb9752f,-6.381111111111109
c0132833944a55b7,-4.78925925925926
c0129f49f49f49f5,-4.655555555555556
c00e231bcb564efd,-3.7671428571428565
c01344c118de5ab2,-4.817142857142857
c015c98231bcb565,-5.446785714285714
c0121f15f15f15f2,-4.530357142857143
c0106be2be2be2be,-4.105357142857143
c0148a3d70a3d70a,-5.135
c016283a83a83a85,-5.5392857142857155
c01302ecfb9c8695,-4.752857142857143
c015390d2a6c405f,-5.305714285714287
c010f277f44c118e,-4.236785714285714
c0137e2be2be2be2,-4.873214285714285
c01365ab277f44c2,-4.849285714285715
c0162e721a54d881,-5.545357142857143
c015c7ae147ae148,-5.445
c012b44c118de5ab,-4.676071428571428
c0178c118de5ab27,-5.886785714285714
c016fcb564efe898,-5.746785714285714
c013a08c6f2d593d,-4.906785714285715
c015721a54d880bb,-5.361428571428571
c0141767dce434aa,-5.022857142857143
c014043cbbd9dd67,-5.004137931034484
c010f076a48bd437,-4.2348275862068965
c01469398e4cf9fe,-5.102758620689654
c012c5bce90c5bcd,-4.693103448275861
c0138e4cf9ff4b36,-4.888965517241379
c0146a48bd437158,-5.103793103448275
c0145fb0e7a2c7dc,-5.09344827586207
c016720d6afd873e,-5.611379310344828
c01314207c4adba1,-4.769655172413793
c0165955cddbfbc6,-5.587241379310347
c0125d9289b5d929,-4.591379310344828
c016a86e2b14207d,-5.66448275862069
c0178b79d218b79c,-5.886206896551723
c01290c5bce90c5c,-4.641379310344828
c018e63933e7fd2d,-6.224827586206897
c01425c835abf61c,-5.036896551724137
c012a15e4753af7f,-4.657586206896553
c011dd6557376fef,-4.466206896551724
c01577b3bacaae6f,-5.366896551724138
c016f12b6e85791d,-5.73551724137931
c014c395810624dd,-5.191
c011a22222222223,-4.408333333333334
c01583126e978d50,-5.378
c013ac5f92c5f92b,-4.918333333333332
c0148da740da740f,-5.1383333333333345
c013596de8ca11bf,-4.837333333333333
c014ce2a53490b9b,-5.201333333333333
c014dd2f1a9fbe77,-5.216
c011bb645a1cac07,-4.432999999999999
c011a3d70a3d70a3,-4.409999999999999
c0118369d0369d04,-4.378333333333334
c01190624dd2f1ab,-4.391000000000001
c014b22d0e560419,-5.174
c010878263ab596e,-4.132333333333333
c01625e353f7ceda,-5.537000000000001
c0125867c3ece2a4,-4.586333333333332
c0176353f7ced916,-5.8469999999999995
c0148b4395810623,-5.135999999999998
c0151a485cd7b900,-5.275666666666666
c040aaaaaaaaaaab,-33.333333333333336
c050aaaaaaaaaaab,-66.66666666666667
c054d55555555555,-83.33333333333333
c02c924924924925,-14.285714285714286
c03c924924924925,-28.571428571428573
c0456db6db6db6db,-42.857142857142854
c04c924924924925,-57.142857142857146
c051db6db6db6db7,-71.42857142857143
c0556db6db6db6db,-85.71428571428571
c02638e38e38e38e,-11.11111111111111
c03638e38e38e38e,-22.22222222222222
c04638e38e38e38e,-44.44444444444444
c04bc71c71c71c72,-55.55555555555556
c05371c71c71c71c,-77.77777777777777
c05638e38e38e38e,-88.88888888888889
c0222e8ba2e8ba2f,-9.090909090909092
c0322e8ba2e8ba2f,-18.181818181818183
c03b45d1745d1746,-27.272727272727273
c0422e8ba2e8ba2f,-36.36363636363637
c046ba2e8ba2e8ba,-45.45454545454545
c04b45d1745d1746,-54.54545454545455
c04fd1745d1745d1,-63.63636363636363
c0522e8ba2e8ba2f,-72.72727272727273
c054745d1745d174,-81.81818181818181
c056ba2e8ba2e8ba,-90.9090909090909
c044d55555555555,-41.666666666666664
c04d2aaaaaaaaaab,-58.333333333333336
c056eaaaaaaaaaab,-91.66666666666667
c01ec4ec4ec4ec4f,-7.6923076923076925
c02ec4ec4ec4ec4f,-15.384615384615385
c03713b13b13b13b,-23.076923076923077
c03ec4ec4ec4ec4f,-30.76923076923077
c0433b13b13b13b1,-38.46153846153846
c04713b13b13b13b,-46.15384615384615
c04aec4ec4ec4ec5,-53.84615384615385
c04ec4ec4ec4ec4f,-61.53846153846154
c0514ec4ec4ec4ec,-69.23076923076923
c0533b13b13b13b1,-76.92307692307692
c055276276276276,-84.61538461538461
c05713b13b13b13b,-92.3076923076923
c0356db6db6db6db,-21.428571428571427
c041db6db6db6db7,-35.714285714285715
c050124924924925,-64.28571428571429
c053a49249249249,-78.57142857142857
c05736db6db6db6e,-92.85714285714286
c03aaaaaaaaaaaab,-26.666666666666668
c047555555555555,-46.666666666666664
c04aaaaaaaaaaaab,-53.333333333333336
c052555555555555,-73.33333333333333
c055aaaaaaaaaaab,-86.66666666666667
c057555555555555,-93.33333333333333
c017878787878788,-5.882352941176471
c027878787878788,-11.764705882352942
c031a5a5a5a5a5a6,-17.647058823529413
c037878787878788,-23.529411764705884
c03d696969696969,-29.41176470588235
c041a5a5a5a5a5a6,-35.294117647058826
c044969696969697,-41.1764705882353
c047878787878788,-47.05882352941177
c04a787878787878,-52.94117647058823
c04d696969696969,-58.8235294117647
c0502d2d2d2d2d2d,-64.70588235294117
c051a5a5a5a5a5a6,-70.58823529411765
c0531e1e1e1e1e1e,-76.47058823529412
c054969696969697,-82.3529411764706
c0560f0f0f0f0f0f,-88.23529411764706
c057878787878788,-94.11764705882354
c03bc71c71c71c72,-27.77777777777778
c04371c71c71c71c,-38.888888888888886
c04e8e38e38e38e4,-61.111111111111114
c0520e38e38e38e4,-72.22222222222223
c0579c71c71c71c7,-94.44444444444444
c0150d79435e50d8,-5.2631578947368425
c0250d79435e50d8,-10.526315789473685
c02f9435e50d7943,-15.789473684210526
c0350d79435e50d8,-21.05263157894737
c03a50d79435e50d,-26.31578947368421
c03f9435e50d7943,-31.57894736842105
c0426bca1af286bd,-36.8421052631579
c0450d79435e50d8,-42.10526315789474
c047af286bca1af3,-47.36842105263158
c04a50d79435e50d,-52.63157894736842
c04cf286bca1af28,-57.89473684210526
c04f9435e50d7943,-63.1578947368421
c0511af286bca1af,-68.42105263157895
c0526bca1af286bd,-73.6842105263158
c053bca1af286bca,-78.94736842105263
c0550d79435e50d8,-84.21052631578948
c0565e50d79435e5,-89.47368421052632
c057af286bca1af3,-94.73684210526316
c0230c30c30c30c3,-9.523809523809524
c0330c30c30c30c3,-19.047619047619047
c0430c30c30c30c3,-38.095238095238095
c047cf3cf3cf3cf4,-47.61904761904762
c0530c30c30c30c3,-76.19047619047619
c057cf3cf3cf3cf4,-95.23809523809524
c021642c8590b216,-8.695652173913043
c031642c8590b216,-17.391304347826086
c03a1642c8590b21,-26.08695652173913
c041642c8590b216,-34.78260869565217
c045bd37a6f4de9c,-43.47826086956522
c04a1642c8590b21,-52.17391304347826
c04e6f4de9bd37a7,-60.869565217391305
c051642c8590b216,-69.56521739130434
c05390b21642c859,-78.26086956521739
c055bd37a6f4de9c,-86.95652173913044
c057e9bd37a6f4df,-95.65217391304348
c01da12f684bda13,-7.407407407407407
c02da12f684bda13,-14.814814814814815
c03da12f684bda13,-29.62962962962963
c04284bda12f684c,-37.03703703703704
c049ed097b425ed1,-51.851851851851855
c04da12f684bda13,-59.25925925925926
c05284bda12f684c,-74.07407407407408
c0545ed097b425ed,-81.48148148148148
c05812f684bda12f,-96.29629629629629
c01b9611a7b9611a,-6.896551724137931
c02b9611a7b9611a,-13.793103448275861
c034b08d3dcb08d4,-20.689655172413794
c03b9611a7b9611a,-27.586206896551722
c0413dcb08d3dcb1,-34.48275862068966
c044b08d3dcb08d4,-41.37931034482759
c048234f72c234f7,-48.275862068965516
c04b9611a7b9611a,-55.172413793103445
c04f08d3dcb08d3e,-62.06896551724138
c0513dcb08d3dcb1,-68.96551724137932
c052f72c234f72c2,-75.86206896551724
c054b08d3dcb08d4,-82.75862068965517
c05669ee58469ee6,-89.65517241379311
c058234f72c234f7,-96.55172413793103
c0235ad6b5ad6b5b,-9.67741935483871
c0335ad6b5ad6b5b,-19.35483870967742
c03d084210842108,-29.032258064516128
c0435ad6b5ad6b5b,-38.70967741935484
c048318c6318c632,-48.38709677419355
c04d084210842108,-58.064516129032256
c050ef7bdef7bdef,-67.74193548387096
c0535ad6b5ad6b5b,-77.41935483870968
c055c6318c6318c6,-87.09677419354838
c058318c6318c632,-96.7741935483871
c022c00000000000,-9.375
c03c200000000000,-28.125
c047700000000000,-46.875
c050680000000000,-65.625
c055180000000000,-84.375
c021a5a5a5a5a5a6,-8.823529411764707
c03a787878787878,-26.470588235294116
c0460f0f0f0f0f0f,-44.11764705882353
c04ee1e1e1e1e1e2,-61.76470588235294
c053da5a5a5a5a5a,-79.41176470588235
c05843c3c3c3c3c4,-97.05882352941177
c031249249249249,-17.142857142857142
c039b6db6db6db6e,-25.714285714285715
c041249249249249,-34.285714285714285
c049b6db6db6db6e,-51.42857142857143
c051249249249249,-68.57142857142857
c053492492492492,-77.14285714285714
c057924924924925,-94.28571428571429
c0203759f2298376,-8.108108108108109
c0303759f2298376,-16.216216216216218
c0385306eb3e4530,-24.324324324324323
c0403759f2298376,-32.432432432432435
c04445306eb3e453,-40.54054054054054
c0485306eb3e4530,-48.648648648648646
c04c60dd67c8a60e,-56.75675675675676
c0503759f2298376,-64.86486486486487
c0523e45306eb3e4,-72.97297297297297
c05445306eb3e453,-81.08108108108108
c0564c1bacf914c2,-89.1891891891892
c0585306eb3e4530,-97.29729729729729
c01f9435e50d7943,-7.894736842105263
c037af286bca1af3,-23.68421052631579
c043bca1af286bca,-39.473684210526315
c04ba1af286bca1b,-55.26315789473684
c051c35e50d79436,-71.05263157894737
c055b5e50d79435e,-86.84210526315789
c023831f3831f383,-9.75609756097561
c033831f3831f383,-19.51219512195122
c03d44aed44aed45,-29.26829268292683
c043831f3831f383,-39.02439024390244
c04863e7063e7064,-48.78048780487805
c04d44aed44aed45,-58.53658536585366
c05112bb512bb513,-68.29268292682927
c053831f3831f383,-78.04878048780488
c055f3831f3831f4,-87.8048780487805
c05863e7063e7064,-97.5609756097561
c0229aca6b29aca7,-9.30232558139535
c0329aca6b29aca7,-18.6046511627907
c03be82fa0be82fa,-27.906976744186046
c0429aca6b29aca7,-37.2093023255814
c047417d05f417d0,-46.51162790697674
c04be82fa0be82fa,-55.81395348837209
c05047711dc47712,-65.11627906976744
c0529aca6b29aca7,-74.4186046511628
c054ee23b88ee23c,-83.72093023255815
c057417d05f417d0,-93.02325581395348
c021c71c71c71c72,-8.88888888888889
c031c71c71c71c72,-17.77777777777778
c041c71c71c71c72,-35.55555555555556
c04f1c71c71c71c7,-62.22222222222222
c051c71c71c71c72,-71.11111111111111
c05871c71c71c71c,-97.77777777777777
c0210572620ae4c4,-8.51063829787234
c0310572620ae4c4,-17.02127659574468
c039882b93105726,-25.53191489361702
c0410572620ae4c4,-34.04255319148936
c04546cefa8d9df5,-42.5531914893617
c049882b93105726,-51.06382978723404
c04dc9882b931057,-59.57446808510638
c0510572620ae4c4,-68.08510638297872
c0532620ae4c415d,-76.59574468085107
c05546cefa8d9df5,-85.1063829787234
c057677d46cefa8e,-93.61702127659575
c0205397829cbc15,-8.16326530612245
c0305397829cbc15,-16.3265306122449
c0387d6343eb1a1f,-24.489795918367346
c0405397829cbc15,-32.6530612244898
c044687d6343eb1a,-40.816326530612244
c0487d6343eb1a1f,-48.97959183673469
c0505397829cbc15,-65.3061224489796
c0525e0a72f05398,-73.46938775510205
c054687d6343eb1a,-81.63265306122449
c05672f05397829d,-89.79591836734694
c0587d6343eb1a1f,-97.95918367346938
c0239b9b9b9b9b9c,-9.803921568627452
c0339b9b9b9b9b9c,-19.607843137254903
c0439b9b9b9b9b9c,-39.21568627450981
c048828282828283,-49.01960784313726
c051282828282828,-68.62745098039215
c0539b9b9b9b9b9c,-78.43137254901961
c058828282828283,-98.03921568627452
c0233b13b13b13b1,-9.615384615384615
c0333b13b13b13b1,-19.23076923076923
c03cd89d89d89d8a,-28.846153846153847
c04809d89d89d89e,-48.07692307692308
c04cd89d89d89d8a,-57.69230769230769
c050d3b13b13b13b,-67.3076923076923
c055a27627627627,-86.53846153846153
c05809d89d89d89e,-96.15384615384616
c022de304d4873ed,-9.433962264150944
c032de304d4873ed,-18.867924528301888
c03c4d4873ecade3,-28.30188679245283
c042de304d4873ed,-37.735849056603776
c04795bc609a90e8,-47.16981132075472
c04c4d4873ecade3,-56.60377358490566
c050826a439f656f,-66.0377358490566
c052de304d4873ed,-75.47169811320755
c05539f656f1826a,-84.90566037735849
c05795bc609a90e8,-94.33962264150944
c02284bda12f684c,-9.25925925925926
c03284bda12f684c,-18.51851851851852
c04725ed097b425f,-46.2962962962963
c0503425ed097b42,-64.81481481481481
c05725ed097b425f,-92.5925925925926
c021db6db6db6db7,-8.928571428571429
c031db6db6db6db7,-17.857142857142858
c03ac92492492492,-26.785714285714285
c046524924924925,-44.642857142857146
c04ac92492492492,-53.57142857142857
c05416db6db6db6e,-80.35714285714286
c056524924924925,-89.28571428571429
c0588db6db6db6db,-98.21428571428571
c0218b3a62ce98b4,-8.771929824561404
c0318b3a62ce98b4,-17.54385964912281
c0418b3a62ce98b4,-35.08771929824562
c045ee08fb823ee1,-43.85964912280702
c04eb3a62ce98b3a,-61.40350877192982
c0518b3a62ce98b4,-70.17543859649123
c055ee08fb823ee1,-87.71929824561404
c0581f7047dc11f7,-96.49122807017544
c0213dcb08d3dcb1,-8.620689655172415
c0313dcb08d3dcb1,-17.24137931034483
c039dcb08d3dcb09,-25.862068965517242
c0458d3dcb08d3dd,-43.10344827586207
c049dcb08d3dcb09,-51.724137931034484
c04e2c234f72c235,-60.3448275862069
c053658469ee5847,-77.58620689655173
c0558d3dcb08d3dd,-86.20689655172414
c057b4f72c234f73,-94.82758620689656
c020f2fba9386823,-8.474576271186441
c030f2fba9386823,-16.949152542372882
c0396c797dd49c34,-25.423728813559322
c040f2fba9386823,-33.898305084745765
c0452fba9386822b,-42.3728813559322
c0496c797dd49c34,-50.847457627118644
c04da9386822b63d,-59.32203389830509
c050f2fba9386823,-67.79661016949153
c053115b1e5f7527,-76.27118644067797
c0552fba9386822b,-84.7457627118644
c0574e1a08ad8f30,-93.22033898305085
c023ac10c9714fbd,-9.836065573770492
c033ac10c9714fbd,-19.672131147540984
c03d82192e29f79b,-29.508196721311474
c043ac10c9714fbd,-39.34426229508197
c0489714fbcda3ac,-49.18032786885246
c04d82192e29f79b,-59.01639344262295
c051368eb04325c5,-68.85245901639344
c053ac10c9714fbd,-78.68852459016394
c0562192e29f79b4,-88.52459016393442
c0589714fbcda3ac,-98.36065573770492
c022762762762762,-9.23076923076923
c032762762762762,-18.46153846153846
c03bb13b13b13b14,-27.692307692307693
c042762762762762,-36.92307692307692
c04bb13b13b13b14,-55.38461538461539
c050276276276276,-64.61538461538461
c052762762762762,-73.84615384615384
c054c4ec4ec4ec4f,-83.07692307692308
c021e9131abf0b76,-8.955223880597014
c031e9131abf0b76,-17.91044776119403
c03add9ca81e9132,-26.865671641791046
c041e9131abf0b76,-35.82089552238806
c0466357e16ece54,-44.776119402985074
c04add9ca81e9132,-53.73134328358209
c04f57e16ece540f,-62.6865671641791
c051e9131abf0b76,-71.64179104477611
c05426357e16ece5,-80.59701492537313
c0566357e16ece54,-89.55223880597015
c058a07a44c6afc3,-98.50746268656717
c023b7e327a976fc,-9.859154929577464
c033b7e327a976fc,-19.718309859154928
c03d93d4bb7e327b,-29.577464788732396
c043b7e327a976fc,-39.436619718309856
c048a5dbf193d4bb,-49.29577464788732
c04d93d4bb7e327b,-59.15492957746479
c05140e6c2b4481d,-69.01408450704226
c053b7e327a976fc,-78.87323943661971
c0562edf8c9ea5dc,-88.73239436619718
c058a5dbf193d4bb,-98.59154929577464
c02371c71c71c71c,-9.722222222222221
c03371c71c71c71c,-19.444444444444443
c03d2aaaaaaaaaab,-29.166666666666668
c0484e38e38e38e4,-48.611111111111114
c051038e38e38e39,-68.05555555555556
c0584e38e38e38e4,-97.22222222222223
c0232d96cb65b2d9,-9.58904109589041
c0332d96cb65b2d9,-19.17808219178082
c03cc46231188c46,-28.767123287671232
c0432d96cb65b2d9,-38.35616438356164
c047f8fc7e3f1f90,-47.945205479452056
c04cc46231188c46,-57.534246575342465
c050c7e3f1f8fc7e,-67.12328767123287
c0532d96cb65b2d9,-76.71232876712328
c0559349a4d26935,-86.3013698630137
c057f8fc7e3f1f90,-95.89041095890411
c022eb3e45306eb4,-9.45945945945946
c032eb3e45306eb4,-18.91891891891892
c03c60dd67c8a60e,-28.37837837837838
c042eb3e45306eb4,-37.83783783783784
c047a60dd67c8a61,-47.2972972972973
c0508dd67c8a60dd,-66.21621621621621
c052eb3e45306eb4,-75.67567567567568
c05548a60dd67c8a,-85.13513513513513
c057a60dd67c8a61,-94.5945945945946
c042aaaaaaaaaaab,-37.333333333333336
c050555555555555,-65.33333333333333
c052aaaaaaaaaaab,-74.66666666666667
c0226bca1af286bd,-9.210526315789474
c0326bca1af286bd,-18.42105263157895
c03ba1af286bca1b,-27.63157894736842
c04706bca1af286c,-46.05263157894737
c0501e50d79435e5,-64.47368421052632
c054b9435e50d794,-82.89473684210526
c05706bca1af286c,-92.10526315789474
c021f2df2df2df2e,-8.974358974358974
c031f2df2df2df2e,-17.94871794871795
c03aec4ec4ec4ec5,-26.923076923076923
c041f2df2df2df2e,-35.8974358974359
c0466f96f96f96f9,-44.87179487179487
c04f690690690690,-62.82051282051282
c051f2df2df2df2e,-71.7948717948718
c054313b13b13b14,-80.76923076923077
c0566f96f96f96f9,-89.74358974358974
c058adf2df2df2df,-98.71794871794872
c021b8b577e61371,-8.860759493670885
c031b8b577e61371,-17.72151898734177
c03a951033d91d2a,-26.582278481012658
c041b8b577e61371,-35.44303797468354
c04626e2d5df984e,-44.30379746835443
c04a951033d91d2a,-53.164556962025316
c04f033d91d2a206,-62.0253164556962
c051b8b577e61371,-70.88607594936708
c053efcc26e2d5e0,-79.74683544303798
c05626e2d5df984e,-88.60759493670886
c0585df984dc5abc,-97.46835443037975
c023c0ca4587e6b7,-9.876543209876543
c033c0ca4587e6b7,-19.753086419753085
c043c0ca4587e6b7,-39.50617283950617
c048b0fcd6e9e065,-49.382716049382715
c05148b0fcd6e9e0,-69.1358024691358
c053c0ca4587e6b7,-79.01234567901234
c058b0fcd6e9e065,-98.76543209876543
c02346f0940c565d,-9.63855421686747
c03346f0940c565d,-19.27710843373494
c03cea68de12818b,-28.91566265060241
c04346f0940c565d,-38.55421686746988
c04818acb90f6bf4,-48.19277108433735
c04cea68de12818b,-57.83132530120482
c050de12818acb91,-67.46987951807229
c05346f0940c565d,-77.10843373493977
c055afcea68de128,-86.74698795180723
c05818acb90f6bf4,-96.3855421686747
c022d2d2d2d2d2d3,-9.411764705882353
c032d2d2d2d2d2d3,-18.823529411764707
c03c3c3c3c3c3c3c,-28.235294117647058
c042d2d2d2d2d2d3,-37.64705882352941
c04c3c3c3c3c3c3c,-56.470588235294116
c050787878787878,-65.88235294117646
c052d2d2d2d2d2d3,-75.29411764705883
c0552d2d2d2d2d2d,-84.70588235294117
c022640bc52640bc,-9.195402298850574
c032640bc52640bc,-18.39080459770115
c042640bc52640bc,-36.7816091954023
c046fd0eb66fd0eb,-45.97701149425287
c050178a4c8178a5,-64.36781609195403
c052640bc52640bc,-73.5632183908046
c056fd0eb66fd0eb,-91.95402298850574
c021fa3f47e8fd20,-8.98876404494382
c031fa3f47e8fd20,-17.97752808988764
c03af75eebdd7baf,-26.96629213483146
c041fa3f47e8fd20,-35.95505617977528
c04678cf19e33c68,-44.943820224719104
c04af75eebdd7baf,-53.93258426966292
c04f75eebdd7baf7,-62.92134831460674
c051fa3f47e8fd20,-71.91011235955057
c054398730e61cc4,-80.89887640449439
c05678cf19e33c68,-89.88764044943821
c058b81702e05c0c,-98.87640449438203
c023c7bc7bc7bc7c,-9.89010989010989
c033c7bc7bc7bc7c,-19.78021978021978
c03dab9ab9ab9aba,-29.67032967032967
c043c7bc7bc7bc7c,-39.56043956043956
c048b9ab9ab9ab9b,-49.45054945054945
c04dab9ab9ab9aba,-59.34065934065934
c053c7bc7bc7bc7c,-79.12087912087912
c05640b40b40b40b,-89.01098901098901
c058b9ab9ab9ab9b,-98.9010989010989
c02390b21642c859,-9.782608695652174
c03390b21642c859,-19.565217391304348
c03d590b21642c86,-29.347826086956523
c04390b21642c859,-39.130434782608695
c04874de9bd37a6f,-48.91304347826087
c04d590b21642c86,-58.69565217391305
c0511e9bd37a6f4e,-68.47826086956522
c05602c8590b2164,-88.04347826086956
c05874de9bd37a6f,-97.82608695652173
c0232620ae4c415d,-9.574468085106384
c0332620ae4c415d,-19.148936170212767
c03cb9310572620b,-28.72340425531915
c0432620ae4c415d,-38.297872340425535
c047efa8d9df51b4,-47.87234042553192
c04cb9310572620b,-57.4468085106383
c050c15c9882b931,-67.02127659574468
c0558ae4c415c988,-86.17021276595744
c057efa8d9df51b4,-95.74468085106383
c022f286bca1af28,-9.473684210526315
c032f286bca1af28,-18.94736842105263
c03c6bca1af286bd,-28.42105263157895
c042f286bca1af28,-37.89473684210526
c04c6bca1af286bd,-56.8421052631579
c0509435e50d7943,-66.3157894736842
c052f286bca1af28,-75.78947368421052
c05550d79435e50d,-85.26315789473684
c0228e83f5717c0b,-9.278350515463918
c0328e83f5717c0b,-18.556701030927837
c03bd5c5f02a3a10,-27.835051546391753
c0428e83f5717c0b,-37.11340206185567
c0473224f2cddb0d,-46.391752577319586
c04bd5c5f02a3a10,-55.670103092783506
c0503cb376c34c89,-64.94845360824742
c0528e83f5717c0b,-74.22680412371135
c054e054741fab8c,-83.50515463917526
c0573224f2cddb0d,-92.78350515463917
c0225e0a72f05398,-9.183673469387756
c0325e0a72f05398,-18.367346938775512
c03b8d0fac687d63,-27.551020408163264
c0425e0a72f05398,-36.734693877551024
c046f58d0fac687d,-45.91836734693877
c04b8d0fac687d63,-55.10204081632653
c054a9cbc14e5e0a,-82.65306122448979
c056f58d0fac687d,-91.83673469387755
c007c28f5c28f5c2,-2.9699999999999998
c07b2fffffffffff,-434.99999999999994
bfb9999999999800,-0.09999999999999432
c046beb851eb851e,-45.489999999999995
